dakika,istasyon_id,tuketim_adet
0,S1,0.4031
0,S2,0.2917
0,S3,0.2824
0,S4,0.4349
0,S5,0.1906
0,S6,0.2701
0,S7,0.4605
0,S8,0.2499
0,S9,0.2869
0,S10,0.2032
0,S11,0.242
0,S12,0.2116
0,S13,0.4019
0,S14,0.1852
0,S15,0.1638
0,S16,0.355
0,S17,0.2259
0,S18,0.248
0,S19,0.2728
0,S20,0.1913
0,S21,0.2802
0,S22,0.2865
0,S23,0.2027
0,S24,0.2503
1,S1,0.3267
1,S2,0.3067
1,S3,0.1925
1,S4,0.3584
1,S5,0.176
1,S6,0.2668
1,S7,0.3079
1,S8,0.2969
1,S9,0.3158
1,S10,0.1446
1,S11,0.3105
1,S12,0.1764
1,S13,0.3993
1,S14,0.1824
1,S15,0.1836
1,S16,0.4157
1,S17,0.3252
1,S18,0.2413
1,S19,0.3256
1,S20,0.2506
1,S21,0.1526
1,S22,0.2568
1,S23,0.1816
1,S24,0.424
2,S1,0.3919
2,S2,0.1942
2,S3,0.2662
2,S4,0.3077
2,S5,0.1729
2,S6,0.318
2,S7,0.4222
2,S8,0.257
2,S9,0.2635
2,S10,0.172
2,S11,0.2843
2,S12,0.2789
2,S13,0.3466
2,S14,0.2889
2,S15,0.1947
2,S16,0.3043
2,S17,0.3294
2,S18,0.2966
2,S19,0.3285
2,S20,0.3202
2,S21,0.2323
2,S22,0.2613
2,S23,0.2145
2,S24,0.4577
3,S1,0.364
3,S2,0.3939
3,S3,0.119
3,S4,0.3881
3,S5,0.2035
3,S6,0.2664
3,S7,0.3564
3,S8,0.1305
3,S9,0.3028
3,S10,0.1964
3,S11,0.3455
3,S12,0.2091
3,S13,0.3213
3,S14,0.2699
3,S15,0.2958
3,S16,0.4263
3,S17,0.2533
3,S18,0.2573
3,S19,0.3398
3,S20,0.3183
3,S21,0.1862
3,S22,0.2803
3,S23,0.1843
3,S24,0.2476
4,S1,0.3884
4,S2,0.3157
4,S3,0.2503
4,S4,0.3177
4,S5,0.1434
4,S6,0.2595
4,S7,0.326
4,S8,0.1819
4,S9,0.3065
4,S10,0.1981
4,S11,0.3673
4,S12,0.2415
4,S13,0.4031
4,S14,0.2955
4,S15,0.1541
4,S16,0.3979
4,S17,0.2867
4,S18,0.3483
4,S19,0.3205
4,S20,0.2827
4,S21,0.2152
4,S22,0.2299
4,S23,0.2457
4,S24,0.4026
5,S1,0.4247
5,S2,0.2454
5,S3,0.3201
5,S4,0.2399
5,S5,0.2235
5,S6,0.4075
5,S7,0.2807
5,S8,0.1921
5,S9,0.323
5,S10,0.1649
5,S11,0.184
5,S12,0.2365
5,S13,0.3019
5,S14,0.3284
5,S15,0.204
5,S16,0.524
5,S17,0.2389
5,S18,0.2183
5,S19,0.3876
5,S20,0.201
5,S21,0.2265
5,S22,0.3784
5,S23,0.1357
5,S24,0.3629
6,S1,0.3857
6,S2,0.3469
6,S3,0.1882
6,S4,0.2453
6,S5,0.2209
6,S6,0.3002
6,S7,0.3675
6,S8,0.2317
6,S9,0.2736
6,S10,0.1918
6,S11,0.2823
6,S12,0.2
6,S13,0.5264
6,S14,0.3284
6,S15,0.1904
6,S16,0.4525
6,S17,0.2281
6,S18,0.2701
6,S19,0.4106
6,S20,0.2229
6,S21,0.2584
6,S22,0.3248
6,S23,0.2329
6,S24,0.4828
7,S1,0.3487
7,S2,0.2548
7,S3,0.2055
7,S4,0.2789
7,S5,0.1969
7,S6,0.3027
7,S7,0.3694
7,S8,0.2525
7,S9,0.3175
7,S10,0.2366
7,S11,0.2526
7,S12,0.3603
7,S13,0.4313
7,S14,0.2486
7,S15,0.1965
7,S16,0.4386
7,S17,0.2707
7,S18,0.2667
7,S19,0.3649
7,S20,0.2628
7,S21,0.18
7,S22,0.2091
7,S23,0.1821
7,S24,0.4099
8,S1,0.3824
8,S2,0.2253
8,S3,0.2587
8,S4,0.359
8,S5,0.1646
8,S6,0.292
8,S7,0.3541
8,S8,0.1671
8,S9,0.3393
8,S10,0.2039
8,S11,0.3244
8,S12,0.2825
8,S13,0.2777
8,S14,0.2437
8,S15,0.2758
8,S16,0.4411
8,S17,0.3125
8,S18,0.4131
8,S19,0.3714
8,S20,0.3272
8,S21,0.258
8,S22,0.3391
8,S23,0.1874
8,S24,0.4031
9,S1,0.31
9,S2,0.2858
9,S3,0.2257
9,S4,0.3388
9,S5,0.2926
9,S6,0.1775
9,S7,0.398
9,S8,0.1468
9,S9,0.2868
9,S10,0.2233
9,S11,0.2701
9,S12,0.183
9,S13,0.3285
9,S14,0.3408
9,S15,0.2135
9,S16,0.4173
9,S17,0.2859
9,S18,0.2029
9,S19,0.4763
9,S20,0.3005
9,S21,0.1289
9,S22,0.3112
9,S23,0.1735
9,S24,0.4097
10,S1,0.3085
10,S2,0.2931
10,S3,0.2752
10,S4,0.3911
10,S5,0.152
10,S6,0.2644
10,S7,0.3168
10,S8,0.1884
10,S9,0.4285
10,S10,0.1982
10,S11,0.1994
10,S12,0.2762
10,S13,0.546
10,S14,0.3619
10,S15,0.174
10,S16,0.3613
10,S17,0.3551
10,S18,0.2003
10,S19,0.3629
10,S20,0.308
10,S21,0.1765
10,S22,0.2964
10,S23,0.0703
10,S24,0.2783
11,S1,0.3481
11,S2,0.2251
11,S3,0.3316
11,S4,0.238
11,S5,0.1824
11,S6,0.2907
11,S7,0.4509
11,S8,0.1544
11,S9,0.3903
11,S10,0.1837
11,S11,0.2143
11,S12,0.2549
11,S13,0.3986
11,S14,0.264
11,S15,0.2535
11,S16,0.3692
11,S17,0.2898
11,S18,0.2642
11,S19,0.4391
11,S20,0.2006
11,S21,0.3091
11,S22,0.1829
11,S23,0.1939
11,S24,0.3912
12,S1,0.3873
12,S2,0.2626
12,S3,0.2396
12,S4,0.3005
12,S5,0.1764
12,S6,0.3315
12,S7,0.375
12,S8,0.1866
12,S9,0.3736
12,S10,0.1946
12,S11,0.31
12,S12,0.2627
12,S13,0.3198
12,S14,0.2664
12,S15,0.2874
12,S16,0.4488
12,S17,0.2821
12,S18,0.2388
12,S19,0.4185
12,S20,0.2351
12,S21,0.2404
12,S22,0.2879
12,S23,0.1913
12,S24,0.4269
13,S1,0.4272
13,S2,0.3488
13,S3,0.3153
13,S4,0.3347
13,S5,0.2273
13,S6,0.2658
13,S7,0.3727
13,S8,0.211
13,S9,0.3228
13,S10,0.2052
13,S11,0.223
13,S12,0.331
13,S13,0.3062
13,S14,0.2271
13,S15,0.3079
13,S16,0.4633
13,S17,0.3187
13,S18,0.2627
13,S19,0.3325
13,S20,0.2188
13,S21,0.22
13,S22,0.2594
13,S23,0.239
13,S24,0.3397
14,S1,0.3061
14,S2,0.2807
14,S3,0.2706
14,S4,0.2958
14,S5,0.1671
14,S6,0.2971
14,S7,0.3671
14,S8,0.1947
14,S9,0.2868
14,S10,0.1918
14,S11,0.1894
14,S12,0.1677
14,S13,0.3283
14,S14,0.2872
14,S15,0.2655
14,S16,0.518
14,S17,0.3319
14,S18,0.2259
14,S19,0.3321
14,S20,0.2132
14,S21,0.2159
14,S22,0.2827
14,S23,0.2129
14,S24,0.2921
15,S1,0.4048
15,S2,0.392
15,S3,0.2446
15,S4,0.3601
15,S5,0.2276
15,S6,0.2606
15,S7,0.3657
15,S8,0.2172
15,S9,0.3229
15,S10,0.155
15,S11,0.268
15,S12,0.2566
15,S13,0.4946
15,S14,0.3576
15,S15,0.3577
15,S16,0.3386
15,S17,0.3328
15,S18,0.2419
15,S19,0.4793
15,S20,0.2236
15,S21,0.1803
15,S22,0.264
15,S23,0.115
15,S24,0.3132
16,S1,0.311
16,S2,0.309
16,S3,0.2671
16,S4,0.4584
16,S5,0.238
16,S6,0.2506
16,S7,0.2871
16,S8,0.238
16,S9,0.2331
16,S10,0.2505
16,S11,0.3296
16,S12,0.2114
16,S13,0.252
16,S14,0.3812
16,S15,0.2443
16,S16,0.499
16,S17,0.193
16,S18,0.2054
16,S19,0.3337
16,S20,0.2692
16,S21,0.1972
16,S22,0.3374
16,S23,0.1573
16,S24,0.34
17,S1,0.3755
17,S2,0.3309
17,S3,0.2856
17,S4,0.2584
17,S5,0.1386
17,S6,0.3557
17,S7,0.3733
17,S8,0.1842
17,S9,0.4149
17,S10,0.1876
17,S11,0.3296
17,S12,0.2365
17,S13,0.5413
17,S14,0.4053
17,S15,0.2376
17,S16,0.4777
17,S17,0.3199
17,S18,0.2972
17,S19,0.269
17,S20,0.3033
17,S21,0.2625
17,S22,0.1945
17,S23,0.1527
17,S24,0.2073
18,S1,0.3469
18,S2,0.3431
18,S3,0.3251
18,S4,0.3383
18,S5,0.2651
18,S6,0.2051
18,S7,0.2308
18,S8,0.2143
18,S9,0.341
18,S10,0.1821
18,S11,0.1564
18,S12,0.2292
18,S13,0.2833
18,S14,0.3402
18,S15,0.2683
18,S16,0.3248
18,S17,0.2542
18,S18,0.1839
18,S19,0.3292
18,S20,0.3176
18,S21,0.174
18,S22,0.3302
18,S23,0.1788
18,S24,0.2945
19,S1,0.3588
19,S2,0.2379
19,S3,0.2223
19,S4,0.2535
19,S5,0.2786
19,S6,0.2853
19,S7,0.301
19,S8,0.2259
19,S9,0.3096
19,S10,0.1752
19,S11,0.2994
19,S12,0.2687
19,S13,0.3427
19,S14,0.2655
19,S15,0.2362
19,S16,0.2158
19,S17,0.1975
19,S18,0.2971
19,S19,0.443
19,S20,0.2534
19,S21,0.2417
19,S22,0.3187
19,S23,0.3232
19,S24,0.4284
20,S1,0.3573
20,S2,0.2427
20,S3,0.1697
20,S4,0.3469
20,S5,0.1697
20,S6,0.2027
20,S7,0.3047
20,S8,0.1698
20,S9,0.4235
20,S10,0.2157
20,S11,0.2662
20,S12,0.3024
20,S13,0.3893
20,S14,0.2483
20,S15,0.3262
20,S16,0.4431
20,S17,0.2246
20,S18,0.2245
20,S19,0.275
20,S20,0.1929
20,S21,0.2568
20,S22,0.4146
20,S23,0.1441
20,S24,0.3894
21,S1,0.319
21,S2,0.2708
21,S3,0.2204
21,S4,0.2757
21,S5,0.2019
21,S6,0.2362
21,S7,0.3689
21,S8,0.2145
21,S9,0.3015
21,S10,0.1501
21,S11,0.2359
21,S12,0.2686
21,S13,0.4217
21,S14,0.2413
21,S15,0.255
21,S16,0.4601
21,S17,0.1887
21,S18,0.2587
21,S19,0.2892
21,S20,0.2971
21,S21,0.1836
21,S22,0.1917
21,S23,0.1349
21,S24,0.3534
22,S1,0.3857
22,S2,0.2457
22,S3,0.2819
22,S4,0.2226
22,S5,0.1974
22,S6,0.2147
22,S7,0.3044
22,S8,0.2187
22,S9,0.2622
22,S10,0.1692
22,S11,0.3203
22,S12,0.2064
22,S13,0.4474
22,S14,0.2322
22,S15,0.2765
22,S16,0.5153
22,S17,0.1433
22,S18,0.1961
22,S19,0.3718
22,S20,0.2558
22,S21,0.2327
22,S22,0.2638
22,S23,0.2035
22,S24,0.3391
23,S1,0.4523
23,S2,0.3153
23,S3,0.2669
23,S4,0.3059
23,S5,0.1805
23,S6,0.2588
23,S7,0.3776
23,S8,0.1984
23,S9,0.335
23,S10,0.2594
23,S11,0.3131
23,S12,0.2181
23,S13,0.4754
23,S14,0.2755
23,S15,0.1481
23,S16,0.3194
23,S17,0.1773
23,S18,0.2169
23,S19,0.3346
23,S20,0.3561
23,S21,0.2308
23,S22,0.2869
23,S23,0.2332
23,S24,0.1952
24,S1,0.3839
24,S2,0.3463
24,S3,0.1761
24,S4,0.4096
24,S5,0.2135
24,S6,0.2598
24,S7,0.3943
24,S8,0.3151
24,S9,0.3282
24,S10,0.1924
24,S11,0.2422
24,S12,0.1937
24,S13,0.447
24,S14,0.2486
24,S15,0.2536
24,S16,0.3618
24,S17,0.3105
24,S18,0.2489
24,S19,0.4025
24,S20,0.2395
24,S21,0.205
24,S22,0.2413
24,S23,0.1822
24,S24,0.3764
25,S1,0.4222
25,S2,0.2447
25,S3,0.2935
25,S4,0.4237
25,S5,0.2165
25,S6,0.3897
25,S7,0.2958
25,S8,0.1627
25,S9,0.204
25,S10,0.2382
25,S11,0.3016
25,S12,0.2307
25,S13,0.4048
25,S14,0.2325
25,S15,0.3723
25,S16,0.4103
25,S17,0.2895
25,S18,0.2672
25,S19,0.3654
25,S20,0.2786
25,S21,0.1824
25,S22,0.3283
25,S23,0.2753
25,S24,0.4442
26,S1,0.4835
26,S2,0.2693
26,S3,0.2005
26,S4,0.3249
26,S5,0.2022
26,S6,0.3453
26,S7,0.2315
26,S8,0.2829
26,S9,0.3067
26,S10,0.1677
26,S11,0.2127
26,S12,0.1561
26,S13,0.4464
26,S14,0.3044
26,S15,0.1855
26,S16,0.2964
26,S17,0.2643
26,S18,0.3112
26,S19,0.316
26,S20,0.1865
26,S21,0.206
26,S22,0.2836
26,S23,0.0921
26,S24,0.3462
27,S1,0.3497
27,S2,0.3418
27,S3,0.3424
27,S4,0.4084
27,S5,0.1892
27,S6,0.2206
27,S7,0.5301
27,S8,0.2192
27,S9,0.3175
27,S10,0.1824
27,S11,0.2772
27,S12,0.2266
27,S13,0.3394
27,S14,0.2672
27,S15,0.2484
27,S16,0.3565
27,S17,0.2429
27,S18,0.2383
27,S19,0.3163
27,S20,0.3469
27,S21,0.1018
27,S22,0.3655
27,S23,0.2498
27,S24,0.2049
28,S1,0.3415
28,S2,0.2777
28,S3,0.1796
28,S4,0.2815
28,S5,0.1556
28,S6,0.3826
28,S7,0.4155
28,S8,0.2718
28,S9,0.3624
28,S10,0.1419
28,S11,0.2387
28,S12,0.2562
28,S13,0.2896
28,S14,0.3428
28,S15,0.238
28,S16,0.37
28,S17,0.3236
28,S18,0.2541
28,S19,0.3093
28,S20,0.3285
28,S21,0.1698
28,S22,0.337
28,S23,0.2237
28,S24,0.3283
29,S1,0.3906
29,S2,0.2249
29,S3,0.2962
29,S4,0.321
29,S5,0.1791
29,S6,0.3428
29,S7,0.3007
29,S8,0.1556
29,S9,0.2181
29,S10,0.2056
29,S11,0.1984
29,S12,0.3152
29,S13,0.2237
29,S14,0.4018
29,S15,0.2606
29,S16,0.3923
29,S17,0.2525
29,S18,0.252
29,S19,0.3308
29,S20,0.3255
29,S21,0.2216
29,S22,0.309
29,S23,0.1855
29,S24,0.346
30,S1,0.3892
30,S2,0.1974
30,S3,0.1826
30,S4,0.3829
30,S5,0.2068
30,S6,0.2729
30,S7,0.3513
30,S8,0.2317
30,S9,0.2825
30,S10,0.1548
30,S11,0.2771
30,S12,0.1877
30,S13,0.4146
30,S14,0.1978
30,S15,0.3015
30,S16,0.4378
30,S17,0.2978
30,S18,0.2792
30,S19,0.4444
30,S20,0.3208
30,S21,0.1369
30,S22,0.2232
30,S23,0.175
30,S24,0.3518
31,S1,0.4046
31,S2,0.2565
31,S3,0.2593
31,S4,0.283
31,S5,0.1755
31,S6,0.2036
31,S7,0.2854
31,S8,0.1581
31,S9,0.2549
31,S10,0.222
31,S11,0.216
31,S12,0.3562
31,S13,0.4212
31,S14,0.3111
31,S15,0.2071
31,S16,0.456
31,S17,0.2507
31,S18,0.239
31,S19,0.504
31,S20,0.2615
31,S21,0.2665
31,S22,0.2578
31,S23,0.1986
31,S24,0.474
32,S1,0.3207
32,S2,0.4087
32,S3,0.2854
32,S4,0.2958
32,S5,0.2253
32,S6,0.3384
32,S7,0.3935
32,S8,0.1486
32,S9,0.2706
32,S10,0.1743
32,S11,0.2627
32,S12,0.2623
32,S13,0.397
32,S14,0.2199
32,S15,0.269
32,S16,0.4488
32,S17,0.3151
32,S18,0.2838
32,S19,0.3889
32,S20,0.2912
32,S21,0.2136
32,S22,0.2003
32,S23,0.2172
32,S24,0.3645
33,S1,0.3866
33,S2,0.2234
33,S3,0.1959
33,S4,0.4035
33,S5,0.1984
33,S6,0.322
33,S7,0.352
33,S8,0.218
33,S9,0.3761
33,S10,0.1644
33,S11,0.2718
33,S12,0.2118
33,S13,0.35
33,S14,0.2814
33,S15,0.2611
33,S16,0.3617
33,S17,0.3545
33,S18,0.1916
33,S19,0.3209
33,S20,0.2432
33,S21,0.2794
33,S22,0.3118
33,S23,0.2413
33,S24,0.246
34,S1,0.3863
34,S2,0.3534
34,S3,0.2541
34,S4,0.4044
34,S5,0.1793
34,S6,0.3632
34,S7,0.5109
34,S8,0.2009
34,S9,0.2885
34,S10,0.2366
34,S11,0.3509
34,S12,0.2089
34,S13,0.3511
34,S14,0.2831
34,S15,0.1828
34,S16,0.3265
34,S17,0.2264
34,S18,0.1975
34,S19,0.331
34,S20,0.2792
34,S21,0.2839
34,S22,0.2401
34,S23,0.2394
34,S24,0.335
35,S1,0.363
35,S2,0.3405
35,S3,0.1939
35,S4,0.3588
35,S5,0.2067
35,S6,0.3112
35,S7,0.3702
35,S8,0.3231
35,S9,0.2763
35,S10,0.1639
35,S11,0.2334
35,S12,0.2074
35,S13,0.3345
35,S14,0.3713
35,S15,0.321
35,S16,0.3543
35,S17,0.2362
35,S18,0.2553
35,S19,0.2965
35,S20,0.3004
35,S21,0.2255
35,S22,0.2091
35,S23,0.2619
35,S24,0.4757
36,S1,0.3217
36,S2,0.2767
36,S3,0.2643
36,S4,0.3556
36,S5,0.2263
36,S6,0.3972
36,S7,0.3376
36,S8,0.1821
36,S9,0.2293
36,S10,0.1565
36,S11,0.2649
36,S12,0.3171
36,S13,0.3436
36,S14,0.3134
36,S15,0.2492
36,S16,0.4951
36,S17,0.4265
36,S18,0.2086
36,S19,0.3007
36,S20,0.3224
36,S21,0.2462
36,S22,0.4108
36,S23,0.2234
36,S24,0.3248
37,S1,0.41
37,S2,0.3665
37,S3,0.291
37,S4,0.3672
37,S5,0.2427
37,S6,0.3496
37,S7,0.4468
37,S8,0.2448
37,S9,0.3061
37,S10,0.1887
37,S11,0.331
37,S12,0.1952
37,S13,0.4116
37,S14,0.2764
37,S15,0.2514
37,S16,0.5023
37,S17,0.2942
37,S18,0.2355
37,S19,0.2427
37,S20,0.3065
37,S21,0.2446
37,S22,0.4298
37,S23,0.1877
37,S24,0.3653
38,S1,0.385
38,S2,0.3946
38,S3,0.2452
38,S4,0.3519
38,S5,0.2243
38,S6,0.2939
38,S7,0.3187
38,S8,0.2251
38,S9,0.3847
38,S10,0.1457
38,S11,0.2738
38,S12,0.2007
38,S13,0.475
38,S14,0.2086
38,S15,0.2221
38,S16,0.4302
38,S17,0.372
38,S18,0.2303
38,S19,0.2963
38,S20,0.367
38,S21,0.1539
38,S22,0.1681
38,S23,0.2176
38,S24,0.3149
39,S1,0.2918
39,S2,0.3425
39,S3,0.2622
39,S4,0.2957
39,S5,0.1488
39,S6,0.3328
39,S7,0.3955
39,S8,0.2124
39,S9,0.4336
39,S10,0.1441
39,S11,0.1853
39,S12,0.201
39,S13,0.3798
39,S14,0.3146
39,S15,0.2379
39,S16,0.4282
39,S17,0.2124
39,S18,0.3007
39,S19,0.3279
39,S20,0.3263
39,S21,0.2315
39,S22,0.3274
39,S23,0.2228
39,S24,0.3813
40,S1,0.4138
40,S2,0.3797
40,S3,0.2598
40,S4,0.3806
40,S5,0.1964
40,S6,0.3649
40,S7,0.3027
40,S8,0.2947
40,S9,0.3141
40,S10,0.1309
40,S11,0.2735
40,S12,0.2016
40,S13,0.4478
40,S14,0.2608
40,S15,0.2277
40,S16,0.2488
40,S17,0.2577
40,S18,0.1202
40,S19,0.2277
40,S20,0.3072
40,S21,0.2507
40,S22,0.3255
40,S23,0.1613
40,S24,0.3467
41,S1,0.3664
41,S2,0.2305
41,S3,0.3252
41,S4,0.3918
41,S5,0.1912
41,S6,0.2849
41,S7,0.3646
41,S8,0.1282
41,S9,0.301
41,S10,0.1583
41,S11,0.2132
41,S12,0.2202
41,S13,0.5212
41,S14,0.3385
41,S15,0.2214
41,S16,0.4458
41,S17,0.3626
41,S18,0.2765
41,S19,0.3373
41,S20,0.2322
41,S21,0.2469
41,S22,0.3236
41,S23,0.2358
41,S24,0.3945
42,S1,0.4436
42,S2,0.2679
42,S3,0.3159
42,S4,0.3465
42,S5,0.283
42,S6,0.2443
42,S7,0.4715
42,S8,0.2252
42,S9,0.2754
42,S10,0.1656
42,S11,0.2496
42,S12,0.2531
42,S13,0.4234
42,S14,0.2656
42,S15,0.2488
42,S16,0.5714
42,S17,0.3812
42,S18,0.2537
42,S19,0.3359
42,S20,0.2731
42,S21,0.2433
42,S22,0.2386
42,S23,0.1897
42,S24,0.2332
43,S1,0.3959
43,S2,0.3388
43,S3,0.2258
43,S4,0.4383
43,S5,0.151
43,S6,0.2004
43,S7,0.3657
43,S8,0.262
43,S9,0.4233
43,S10,0.1665
43,S11,0.3242
43,S12,0.2315
43,S13,0.3701
43,S14,0.353
43,S15,0.2826
43,S16,0.2739
43,S17,0.367
43,S18,0.2977
43,S19,0.2916
43,S20,0.2878
43,S21,0.2381
43,S22,0.3156
43,S23,0.178
43,S24,0.303
44,S1,0.3648
44,S2,0.3704
44,S3,0.2772
44,S4,0.3086
44,S5,0.2309
44,S6,0.1219
44,S7,0.4304
44,S8,0.1413
44,S9,0.2937
44,S10,0.1423
44,S11,0.1976
44,S12,0.2875
44,S13,0.3475
44,S14,0.3208
44,S15,0.2477
44,S16,0.4382
44,S17,0.2877
44,S18,0.1735
44,S19,0.3998
44,S20,0.2403
44,S21,0.1492
44,S22,0.2743
44,S23,0.26
44,S24,0.4095
45,S1,0.3411
45,S2,0.279
45,S3,0.2339
45,S4,0.4718
45,S5,0.2153
45,S6,0.3077
45,S7,0.4221
45,S8,0.227
45,S9,0.3003
45,S10,0.1761
45,S11,0.2628
45,S12,0.2316
45,S13,0.4391
45,S14,0.3031
45,S15,0.2866
45,S16,0.3935
45,S17,0.2878
45,S18,0.1401
45,S19,0.3944
45,S20,0.2851
45,S21,0.2599
45,S22,0.1262
45,S23,0.2835
45,S24,0.3402
46,S1,0.4479
46,S2,0.2376
46,S3,0.2806
46,S4,0.2631
46,S5,0.175
46,S6,0.3918
46,S7,0.3367
46,S8,0.2261
46,S9,0.3718
46,S10,0.2015
46,S11,0.2747
46,S12,0.2504
46,S13,0.5676
46,S14,0.2965
46,S15,0.2601
46,S16,0.4841
46,S17,0.346
46,S18,0.2887
46,S19,0.3759
46,S20,0.2057
46,S21,0.2874
46,S22,0.2312
46,S23,0.2121
46,S24,0.2972
47,S1,0.362
47,S2,0.3197
47,S3,0.2661
47,S4,0.3615
47,S5,0.2645
47,S6,0.309
47,S7,0.3329
47,S8,0.2584
47,S9,0.392
47,S10,0.1383
47,S11,0.2985
47,S12,0.2661
47,S13,0.3605
47,S14,0.3825
47,S15,0.2425
47,S16,0.41
47,S17,0.2735
47,S18,0.2341
47,S19,0.2602
47,S20,0.1899
47,S21,0.2858
47,S22,0.2492
47,S23,0.1603
47,S24,0.1993
48,S1,0.3198
48,S2,0.2206
48,S3,0.3321
48,S4,0.4007
48,S5,0.1725
48,S6,0.411
48,S7,0.4187
48,S8,0.2026
48,S9,0.1584
48,S10,0.2673
48,S11,0.1926
48,S12,0.1565
48,S13,0.4617
48,S14,0.4464
48,S15,0.3192
48,S16,0.4451
48,S17,0.317
48,S18,0.2732
48,S19,0.3839
48,S20,0.2817
48,S21,0.2212
48,S22,0.2962
48,S23,0.1698
48,S24,0.3304
49,S1,0.2425
49,S2,0.2941
49,S3,0.2006
49,S4,0.2598
49,S5,0.2072
49,S6,0.3622
49,S7,0.4143
49,S8,0.1486
49,S9,0.254
49,S10,0.2178
49,S11,0.2143
49,S12,0.2229
49,S13,0.4255
49,S14,0.2419
49,S15,0.2553
49,S16,0.2933
49,S17,0.2493
49,S18,0.2483
49,S19,0.2271
49,S20,0.2902
49,S21,0.2158
49,S22,0.3331
49,S23,0.209
49,S24,0.4455
50,S1,0.3758
50,S2,0.2742
50,S3,0.2561
50,S4,0.3696
50,S5,0.202
50,S6,0.2856
50,S7,0.3009
50,S8,0.1879
50,S9,0.2278
50,S10,0.2475
50,S11,0.2003
50,S12,0.201
50,S13,0.3283
50,S14,0.3537
50,S15,0.2353
50,S16,0.4998
50,S17,0.2452
50,S18,0.2464
50,S19,0.2776
50,S20,0.3811
50,S21,0.1652
50,S22,0.3186
50,S23,0.2254
50,S24,0.379
51,S1,0.3531
51,S2,0.2922
51,S3,0.2522
51,S4,0.3235
51,S5,0.2386
51,S6,0.4086
51,S7,0.311
51,S8,0.1573
51,S9,0.3111
51,S10,0.2779
51,S11,0.2238
51,S12,0.3098
51,S13,0.512
51,S14,0.2668
51,S15,0.2784
51,S16,0.5303
51,S17,0.2618
51,S18,0.2238
51,S19,0.2946
51,S20,0.2125
51,S21,0.1885
51,S22,0.2266
51,S23,0.2014
51,S24,0.2961
52,S1,0.3838
52,S2,0.2066
52,S3,0.2665
52,S4,0.3889
52,S5,0.1203
52,S6,0.3045
52,S7,0.4359
52,S8,0.1642
52,S9,0.4226
52,S10,0.1987
52,S11,0.2291
52,S12,0.2307
52,S13,0.4261
52,S14,0.3046
52,S15,0.2769
52,S16,0.3263
52,S17,0.2929
52,S18,0.1674
52,S19,0.3259
52,S20,0.2185
52,S21,0.1848
52,S22,0.3742
52,S23,0.2437
52,S24,0.3926
53,S1,0.2866
53,S2,0.281
53,S3,0.3107
53,S4,0.3428
53,S5,0.2928
53,S6,0.3056
53,S7,0.3634
53,S8,0.2033
53,S9,0.3251
53,S10,0.1777
53,S11,0.3044
53,S12,0.278
53,S13,0.3231
53,S14,0.2201
53,S15,0.1582
53,S16,0.4406
53,S17,0.2208
53,S18,0.1329
53,S19,0.3592
53,S20,0.3996
53,S21,0.2164
53,S22,0.3503
53,S23,0.2033
53,S24,0.3431
54,S1,0.4341
54,S2,0.2826
54,S3,0.2634
54,S4,0.3548
54,S5,0.1733
54,S6,0.3395
54,S7,0.3378
54,S8,0.1839
54,S9,0.3506
54,S10,0.1504
54,S11,0.2682
54,S12,0.2329
54,S13,0.4666
54,S14,0.3285
54,S15,0.2487
54,S16,0.4654
54,S17,0.3621
54,S18,0.2594
54,S19,0.334
54,S20,0.1967
54,S21,0.1705
54,S22,0.2817
54,S23,0.1756
54,S24,0.3369
55,S1,0.3708
55,S2,0.3318
55,S3,0.2465
55,S4,0.3658
55,S5,0.2026
55,S6,0.1714
55,S7,0.2842
55,S8,0.2104
55,S9,0.2401
55,S10,0.2053
55,S11,0.3483
55,S12,0.2902
55,S13,0.367
55,S14,0.3894
55,S15,0.2574
55,S16,0.373
55,S17,0.2486
55,S18,0.2192
55,S19,0.3075
55,S20,0.2758
55,S21,0.2236
55,S22,0.3002
55,S23,0.2175
55,S24,0.4333
56,S1,0.4363
56,S2,0.2109
56,S3,0.1223
56,S4,0.3956
56,S5,0.1453
56,S6,0.2706
56,S7,0.2681
56,S8,0.1386
56,S9,0.351
56,S10,0.2112
56,S11,0.2359
56,S12,0.1124
56,S13,0.3415
56,S14,0.3235
56,S15,0.1761
56,S16,0.4147
56,S17,0.2825
56,S18,0.2604
56,S19,0.3413
56,S20,0.2148
56,S21,0.2685
56,S22,0.2905
56,S23,0.1989
56,S24,0.2847
57,S1,0.3342
57,S2,0.2469
57,S3,0.2414
57,S4,0.4474
57,S5,0.1451
57,S6,0.1919
57,S7,0.453
57,S8,0.2076
57,S9,0.2743
57,S10,0.2215
57,S11,0.2344
57,S12,0.3185
57,S13,0.4353
57,S14,0.2707
57,S15,0.3579
57,S16,0.3515
57,S17,0.3254
57,S18,0.2473
57,S19,0.4201
57,S20,0.3499
57,S21,0.2181
57,S22,0.2548
57,S23,0.2184
57,S24,0.3026
58,S1,0.5143
58,S2,0.3082
58,S3,0.2317
58,S4,0.3456
58,S5,0.1461
58,S6,0.2283
58,S7,0.434
58,S8,0.1882
58,S9,0.2504
58,S10,0.203
58,S11,0.3299
58,S12,0.2669
58,S13,0.4597
58,S14,0.2546
58,S15,0.1789
58,S16,0.5201
58,S17,0.265
58,S18,0.2216
58,S19,0.4219
58,S20,0.2963
58,S21,0.2364
58,S22,0.4299
58,S23,0.1743
58,S24,0.4149
59,S1,0.3708
59,S2,0.3161
59,S3,0.3264
59,S4,0.3672
59,S5,0.2215
59,S6,0.3441
59,S7,0.3245
59,S8,0.1803
59,S9,0.2505
59,S10,0.1112
59,S11,0.3763
59,S12,0.1819
59,S13,0.3664
59,S14,0.2834
59,S15,0.2654
59,S16,0.4653
59,S17,0.3321
59,S18,0.2061
59,S19,0.3222
59,S20,0.2817
59,S21,0.2059
59,S22,0.3964
59,S23,0.2196
59,S24,0.4014
60,S1,0.4153
60,S2,0.3704
60,S3,0.2591
60,S4,0.2469
60,S5,0.216
60,S6,0.2464
60,S7,0.313
60,S8,0.2421
60,S9,0.3951
60,S10,0.1841
60,S11,0.2831
60,S12,0.3128
60,S13,0.4018
60,S14,0.4561
60,S15,0.2783
60,S16,0.2591
60,S17,0.326
60,S18,0.2511
60,S19,0.4193
60,S20,0.3026
60,S21,0.2107
60,S22,0.2265
60,S23,0.1916
60,S24,0.2905
61,S1,0.3241
61,S2,0.3353
61,S3,0.3335
61,S4,0.3596
61,S5,0.1522
61,S6,0.3085
61,S7,0.4338
61,S8,0.1902
61,S9,0.3082
61,S10,0.1839
61,S11,0.2248
61,S12,0.2636
61,S13,0.3741
61,S14,0.3252
61,S15,0.2056
61,S16,0.365
61,S17,0.3243
61,S18,0.2159
61,S19,0.4485
61,S20,0.2454
61,S21,0.2264
61,S22,0.356
61,S23,0.1433
61,S24,0.2267
62,S1,0.2548
62,S2,0.3758
62,S3,0.2224
62,S4,0.5039
62,S5,0.1774
62,S6,0.2938
62,S7,0.4579
62,S8,0.3036
62,S9,0.4472
62,S10,0.2276
62,S11,0.3213
62,S12,0.261
62,S13,0.443
62,S14,0.2669
62,S15,0.2091
62,S16,0.3997
62,S17,0.2737
62,S18,0.2122
62,S19,0.3798
62,S20,0.3176
62,S21,0.2205
62,S22,0.3887
62,S23,0.1543
62,S24,0.3364
63,S1,0.3141
63,S2,0.188
63,S3,0.2459
63,S4,0.3252
63,S5,0.2605
63,S6,0.3191
63,S7,0.2783
63,S8,0.297
63,S9,0.394
63,S10,0.2047
63,S11,0.2546
63,S12,0.1886
63,S13,0.3548
63,S14,0.3653
63,S15,0.3442
63,S16,0.5235
63,S17,0.2556
63,S18,0.1811
63,S19,0.3427
63,S20,0.1723
63,S21,0.2307
63,S22,0.2911
63,S23,0.1814
63,S24,0.2384
64,S1,0.4043
64,S2,0.268
64,S3,0.1915
64,S4,0.1418
64,S5,0.1989
64,S6,0.3838
64,S7,0.4663
64,S8,0.1969
64,S9,0.2785
64,S10,0.2005
64,S11,0.2134
64,S12,0.2474
64,S13,0.4421
64,S14,0.3736
64,S15,0.245
64,S16,0.3837
64,S17,0.2336
64,S18,0.1947
64,S19,0.3182
64,S20,0.2863
64,S21,0.2563
64,S22,0.2518
64,S23,0.2597
64,S24,0.331
65,S1,0.3651
65,S2,0.2552
65,S3,0.1288
65,S4,0.3923
65,S5,0.2295
65,S6,0.2674
65,S7,0.3547
65,S8,0.239
65,S9,0.2177
65,S10,0.1639
65,S11,0.309
65,S12,0.1748
65,S13,0.4058
65,S14,0.2186
65,S15,0.2733
65,S16,0.3971
65,S17,0.1918
65,S18,0.2877
65,S19,0.2844
65,S20,0.2235
65,S21,0.2254
65,S22,0.3689
65,S23,0.1594
65,S24,0.3543
66,S1,0.3981
66,S2,0.3416
66,S3,0.2588
66,S4,0.3089
66,S5,0.1669
66,S6,0.2882
66,S7,0.275
66,S8,0.0901
66,S9,0.3443
66,S10,0.2165
66,S11,0.1406
66,S12,0.1862
66,S13,0.4308
66,S14,0.4234
66,S15,0.251
66,S16,0.3418
66,S17,0.273
66,S18,0.2975
66,S19,0.2903
66,S20,0.224
66,S21,0.1957
66,S22,0.2428
66,S23,0.2049
66,S24,0.4637
67,S1,0.3904
67,S2,0.2849
67,S3,0.2354
67,S4,0.2291
67,S5,0.2353
67,S6,0.2789
67,S7,0.3374
67,S8,0.355
67,S9,0.3356
67,S10,0.1558
67,S11,0.2439
67,S12,0.2869
67,S13,0.392
67,S14,0.2137
67,S15,0.296
67,S16,0.3465
67,S17,0.3895
67,S18,0.2837
67,S19,0.3035
67,S20,0.335
67,S21,0.2196
67,S22,0.3512
67,S23,0.2194
67,S24,0.2908
68,S1,0.3195
68,S2,0.3618
68,S3,0.2333
68,S4,0.3064
68,S5,0.1618
68,S6,0.3073
68,S7,0.4944
68,S8,0.1704
68,S9,0.3182
68,S10,0.2351
68,S11,0.2624
68,S12,0.2544
68,S13,0.3019
68,S14,0.3257
68,S15,0.2406
68,S16,0.4789
68,S17,0.3506
68,S18,0.3542
68,S19,0.372
68,S20,0.284
68,S21,0.2251
68,S22,0.2788
68,S23,0.2135
68,S24,0.3293
69,S1,0.379
69,S2,0.3791
69,S3,0.1997
69,S4,0.4093
69,S5,0.2527
69,S6,0.2766
69,S7,0.2015
69,S8,0.1903
69,S9,0.3988
69,S10,0.1825
69,S11,0.2134
69,S12,0.2098
69,S13,0.4478
69,S14,0.3328
69,S15,0.2381
69,S16,0.3707
69,S17,0.2611
69,S18,0.1903
69,S19,0.441
69,S20,0.2495
69,S21,0.2694
69,S22,0.3913
69,S23,0.2399
69,S24,0.3198
70,S1,0.3963
70,S2,0.2985
70,S3,0.2048
70,S4,0.355
70,S5,0.1528
70,S6,0.3506
70,S7,0.3175
70,S8,0.2254
70,S9,0.3346
70,S10,0.1738
70,S11,0.298
70,S12,0.2112
70,S13,0.4501
70,S14,0.2192
70,S15,0.2563
70,S16,0.5551
70,S17,0.2266
70,S18,0.2017
70,S19,0.3676
70,S20,0.2762
70,S21,0.2319
70,S22,0.3294
70,S23,0.2254
70,S24,0.4277
71,S1,0.3967
71,S2,0.2855
71,S3,0.2836
71,S4,0.46
71,S5,0.1947
71,S6,0.2281
71,S7,0.4275
71,S8,0.2115
71,S9,0.1791
71,S10,0.2144
71,S11,0.2381
71,S12,0.2291
71,S13,0.4088
71,S14,0.3114
71,S15,0.2855
71,S16,0.3652
71,S17,0.3124
71,S18,0.2212
71,S19,0.3826
71,S20,0.2995
71,S21,0.1761
71,S22,0.3652
71,S23,0.1786
71,S24,0.4066
72,S1,0.3936
72,S2,0.4103
72,S3,0.2388
72,S4,0.31
72,S5,0.1992
72,S6,0.2662
72,S7,0.406
72,S8,0.1466
72,S9,0.2499
72,S10,0.1442
72,S11,0.3173
72,S12,0.3132
72,S13,0.3753
72,S14,0.2899
72,S15,0.2535
72,S16,0.493
72,S17,0.2308
72,S18,0.2445
72,S19,0.3983
72,S20,0.2934
72,S21,0.2249
72,S22,0.3601
72,S23,0.0919
72,S24,0.3975
73,S1,0.3187
73,S2,0.1902
73,S3,0.2756
73,S4,0.4249
73,S5,0.1945
73,S6,0.3373
73,S7,0.4629
73,S8,0.2736
73,S9,0.4205
73,S10,0.2105
73,S11,0.2707
73,S12,0.1586
73,S13,0.3645
73,S14,0.2494
73,S15,0.3585
73,S16,0.3859
73,S17,0.2903
73,S18,0.2591
73,S19,0.3362
73,S20,0.3571
73,S21,0.1897
73,S22,0.3117
73,S23,0.1703
73,S24,0.2576
74,S1,0.3218
74,S2,0.2978
74,S3,0.2285
74,S4,0.2872
74,S5,0.1437
74,S6,0.2786
74,S7,0.2447
74,S8,0.2496
74,S9,0.3219
74,S10,0.1299
74,S11,0.2502
74,S12,0.1982
74,S13,0.4078
74,S14,0.3804
74,S15,0.1562
74,S16,0.4092
74,S17,0.2743
74,S18,0.2647
74,S19,0.3475
74,S20,0.2266
74,S21,0.2028
74,S22,0.2522
74,S23,0.243
74,S24,0.3515
75,S1,0.5061
75,S2,0.2964
75,S3,0.2146
75,S4,0.2324
75,S5,0.1279
75,S6,0.1936
75,S7,0.3687
75,S8,0.2387
75,S9,0.2165
75,S10,0.2162
75,S11,0.2409
75,S12,0.2402
75,S13,0.5069
75,S14,0.3538
75,S15,0.2366
75,S16,0.3287
75,S17,0.1614
75,S18,0.1998
75,S19,0.3193
75,S20,0.214
75,S21,0.211
75,S22,0.3046
75,S23,0.191
75,S24,0.3045
76,S1,0.379
76,S2,0.3265
76,S3,0.1955
76,S4,0.4274
76,S5,0.1961
76,S6,0.2844
76,S7,0.3996
76,S8,0.2268
76,S9,0.377
76,S10,0.1939
76,S11,0.234
76,S12,0.2502
76,S13,0.2956
76,S14,0.3065
76,S15,0.2483
76,S16,0.3834
76,S17,0.276
76,S18,0.1455
76,S19,0.2968
76,S20,0.2716
76,S21,0.2236
76,S22,0.2383
76,S23,0.2506
76,S24,0.2894
77,S1,0.4378
77,S2,0.3256
77,S3,0.2177
77,S4,0.4517
77,S5,0.1523
77,S6,0.3354
77,S7,0.42
77,S8,0.1876
77,S9,0.4049
77,S10,0.1742
77,S11,0.2821
77,S12,0.2455
77,S13,0.373
77,S14,0.3486
77,S15,0.2897
77,S16,0.2601
77,S17,0.3572
77,S18,0.1558
77,S19,0.4022
77,S20,0.3268
77,S21,0.1694
77,S22,0.2754
77,S23,0.1558
77,S24,0.335
78,S1,0.3441
78,S2,0.3468
78,S3,0.3155
78,S4,0.4264
78,S5,0.1775
78,S6,0.2715
78,S7,0.2322
78,S8,0.1817
78,S9,0.3778
78,S10,0.2426
78,S11,0.2008
78,S12,0.2057
78,S13,0.3813
78,S14,0.3168
78,S15,0.2095
78,S16,0.4339
78,S17,0.2565
78,S18,0.2327
78,S19,0.3698
78,S20,0.267
78,S21,0.1978
78,S22,0.2934
78,S23,0.1965
78,S24,0.3241
79,S1,0.3477
79,S2,0.3959
79,S3,0.278
79,S4,0.3136
79,S5,0.2279
79,S6,0.2644
79,S7,0.4321
79,S8,0.2327
79,S9,0.3099
79,S10,0.1997
79,S11,0.1829
79,S12,0.1808
79,S13,0.2918
79,S14,0.3086
79,S15,0.3366
79,S16,0.5785
79,S17,0.3195
79,S18,0.2567
79,S19,0.2133
79,S20,0.2377
79,S21,0.1825
79,S22,0.2627
79,S23,0.1933
79,S24,0.317
80,S1,0.2215
80,S2,0.3449
80,S3,0.1964
80,S4,0.3493
80,S5,0.283
80,S6,0.2312
80,S7,0.1729
80,S8,0.2043
80,S9,0.3864
80,S10,0.2551
80,S11,0.2011
80,S12,0.2565
80,S13,0.3477
80,S14,0.2936
80,S15,0.3822
80,S16,0.2798
80,S17,0.2977
80,S18,0.2552
80,S19,0.4057
80,S20,0.2719
80,S21,0.23
80,S22,0.2765
80,S23,0.2108
80,S24,0.326
81,S1,0.4122
81,S2,0.2778
81,S3,0.2689
81,S4,0.3314
81,S5,0.245
81,S6,0.2804
81,S7,0.2259
81,S8,0.2713
81,S9,0.2593
81,S10,0.1594
81,S11,0.2349
81,S12,0.2975
81,S13,0.2196
81,S14,0.4883
81,S15,0.3028
81,S16,0.4179
81,S17,0.2802
81,S18,0.2467
81,S19,0.3681
81,S20,0.3011
81,S21,0.2407
81,S22,0.3054
81,S23,0.1921
81,S24,0.3394
82,S1,0.3524
82,S2,0.368
82,S3,0.2797
82,S4,0.1373
82,S5,0.2262
82,S6,0.2944
82,S7,0.3487
82,S8,0.1998
82,S9,0.3879
82,S10,0.2181
82,S11,0.2254
82,S12,0.2523
82,S13,0.3088
82,S14,0.2172
82,S15,0.2187
82,S16,0.469
82,S17,0.3373
82,S18,0.2573
82,S19,0.3817
82,S20,0.2942
82,S21,0.1889
82,S22,0.3259
82,S23,0.232
82,S24,0.4028
83,S1,0.4539
83,S2,0.3425
83,S3,0.2676
83,S4,0.4047
83,S5,0.1989
83,S6,0.2334
83,S7,0.3386
83,S8,0.1844
83,S9,0.2739
83,S10,0.178
83,S11,0.2244
83,S12,0.219
83,S13,0.2382
83,S14,0.3128
83,S15,0.2501
83,S16,0.3346
83,S17,0.3207
83,S18,0.2771
83,S19,0.2262
83,S20,0.226
83,S21,0.1833
83,S22,0.2436
83,S23,0.2332
83,S24,0.3364
84,S1,0.3473
84,S2,0.1798
84,S3,0.2818
84,S4,0.2507
84,S5,0.2024
84,S6,0.2991
84,S7,0.4452
84,S8,0.16
84,S9,0.1254
84,S10,0.1901
84,S11,0.3627
84,S12,0.2912
84,S13,0.3994
84,S14,0.2705
84,S15,0.2904
84,S16,0.3221
84,S17,0.3103
84,S18,0.2569
84,S19,0.404
84,S20,0.4138
84,S21,0.2337
84,S22,0.2695
84,S23,0.199
84,S24,0.2262
85,S1,0.3157
85,S2,0.2754
85,S3,0.2238
85,S4,0.3435
85,S5,0.1671
85,S6,0.3469
85,S7,0.35
85,S8,0.2163
85,S9,0.2959
85,S10,0.189
85,S11,0.3107
85,S12,0.1929
85,S13,0.3329
85,S14,0.2818
85,S15,0.1827
85,S16,0.3345
85,S17,0.2563
85,S18,0.2741
85,S19,0.3508
85,S20,0.277
85,S21,0.2535
85,S22,0.2918
85,S23,0.2156
85,S24,0.3428
86,S1,0.3861
86,S2,0.265
86,S3,0.1281
86,S4,0.3244
86,S5,0.2569
86,S6,0.3358
86,S7,0.4176
86,S8,0.2702
86,S9,0.3223
86,S10,0.1906
86,S11,0.2337
86,S12,0.2186
86,S13,0.4305
86,S14,0.3722
86,S15,0.243
86,S16,0.364
86,S17,0.2834
86,S18,0.2614
86,S19,0.2371
86,S20,0.1442
86,S21,0.1928
86,S22,0.2268
86,S23,0.1797
86,S24,0.3397
87,S1,0.3334
87,S2,0.3871
87,S3,0.2663
87,S4,0.3534
87,S5,0.2249
87,S6,0.2188
87,S7,0.4227
87,S8,0.2134
87,S9,0.3591
87,S10,0.144
87,S11,0.1838
87,S12,0.2715
87,S13,0.4122
87,S14,0.2459
87,S15,0.2065
87,S16,0.49
87,S17,0.2159
87,S18,0.31
87,S19,0.2733
87,S20,0.3007
87,S21,0.2024
87,S22,0.3362
87,S23,0.1782
87,S24,0.3386
88,S1,0.3697
88,S2,0.2399
88,S3,0.287
88,S4,0.2991
88,S5,0.1909
88,S6,0.227
88,S7,0.1706
88,S8,0.2084
88,S9,0.4695
88,S10,0.2121
88,S11,0.2656
88,S12,0.2211
88,S13,0.3851
88,S14,0.3328
88,S15,0.191
88,S16,0.4891
88,S17,0.3239
88,S18,0.2668
88,S19,0.3626
88,S20,0.2677
88,S21,0.2458
88,S22,0.3355
88,S23,0.1858
88,S24,0.3098
89,S1,0.3741
89,S2,0.3929
89,S3,0.188
89,S4,0.2355
89,S5,0.2066
89,S6,0.2862
89,S7,0.3621
89,S8,0.2272
89,S9,0.3025
89,S10,0.238
89,S11,0.1813
89,S12,0.1947
89,S13,0.3754
89,S14,0.2014
89,S15,0.2412
89,S16,0.5329
89,S17,0.2845
89,S18,0.2441
89,S19,0.2493
89,S20,0.2338
89,S21,0.2004
89,S22,0.2809
89,S23,0.2513
89,S24,0.389
90,S1,0.2852
90,S2,0.3148
90,S3,0.2749
90,S4,0.4093
90,S5,0.2632
90,S6,0.2258
90,S7,0.2932
90,S8,0.1622
90,S9,0.3018
90,S10,0.2004
90,S11,0.3193
90,S12,0.2298
90,S13,0.3588
90,S14,0.3091
90,S15,0.2082
90,S16,0.5672
90,S17,0.1922
90,S18,0.242
90,S19,0.4682
90,S20,0.267
90,S21,0.2084
90,S22,0.2786
90,S23,0.1928
90,S24,0.4461
91,S1,0.2045
91,S2,0.392
91,S3,0.1788
91,S4,0.3156
91,S5,0.1828
91,S6,0.3167
91,S7,0.2381
91,S8,0.2367
91,S9,0.4449
91,S10,0.1334
91,S11,0.2768
91,S12,0.2024
91,S13,0.416
91,S14,0.3011
91,S15,0.2179
91,S16,0.439
91,S17,0.3856
91,S18,0.2244
91,S19,0.3813
91,S20,0.1977
91,S21,0.1752
91,S22,0.3283
91,S23,0.2594
91,S24,0.3749
92,S1,0.3437
92,S2,0.3
92,S3,0.1875
92,S4,0.3736
92,S5,0.2353
92,S6,0.2577
92,S7,0.3171
92,S8,0.2282
92,S9,0.289
92,S10,0.1809
92,S11,0.3787
92,S12,0.2218
92,S13,0.3559
92,S14,0.2611
92,S15,0.2872
92,S16,0.3855
92,S17,0.2465
92,S18,0.295
92,S19,0.428
92,S20,0.2346
92,S21,0.1358
92,S22,0.3605
92,S23,0.1726
92,S24,0.4053
93,S1,0.2222
93,S2,0.3536
93,S3,0.1894
93,S4,0.3821
93,S5,0.2006
93,S6,0.2293
93,S7,0.3215
93,S8,0.2464
93,S9,0.3234
93,S10,0.2048
93,S11,0.3721
93,S12,0.1603
93,S13,0.5073
93,S14,0.3063
93,S15,0.2051
93,S16,0.2936
93,S17,0.2726
93,S18,0.2763
93,S19,0.3248
93,S20,0.3473
93,S21,0.1538
93,S22,0.2993
93,S23,0.1499
93,S24,0.3755
94,S1,0.4317
94,S2,0.2748
94,S3,0.1198
94,S4,0.3466
94,S5,0.2175
94,S6,0.3062
94,S7,0.4365
94,S8,0.1703
94,S9,0.3597
94,S10,0.2271
94,S11,0.1718
94,S12,0.2483
94,S13,0.3447
94,S14,0.2951
94,S15,0.2674
94,S16,0.361
94,S17,0.245
94,S18,0.2349
94,S19,0.2609
94,S20,0.2088
94,S21,0.2461
94,S22,0.2311
94,S23,0.2267
94,S24,0.3824
95,S1,0.2401
95,S2,0.2593
95,S3,0.3097
95,S4,0.2679
95,S5,0.1814
95,S6,0.3095
95,S7,0.4048
95,S8,0.2058
95,S9,0.2788
95,S10,0.2355
95,S11,0.3594
95,S12,0.279
95,S13,0.3899
95,S14,0.2515
95,S15,0.2085
95,S16,0.4418
95,S17,0.307
95,S18,0.2987
95,S19,0.3767
95,S20,0.1865
95,S21,0.2623
95,S22,0.2401
95,S23,0.1846
95,S24,0.3675
96,S1,0.513
96,S2,0.4866
96,S3,0.2803
96,S4,0.3211
96,S5,0.2214
96,S6,0.3336
96,S7,0.3276
96,S8,0.2945
96,S9,0.3312
96,S10,0.2016
96,S11,0.3022
96,S12,0.253
96,S13,0.4477
96,S14,0.263
96,S15,0.2221
96,S16,0.312
96,S17,0.3082
96,S18,0.2697
96,S19,0.3639
96,S20,0.356
96,S21,0.2164
96,S22,0.3401
96,S23,0.1563
96,S24,0.3229
97,S1,0.4177
97,S2,0.3509
97,S3,0.2353
97,S4,0.3286
97,S5,0.1393
97,S6,0.2631
97,S7,0.4123
97,S8,0.2416
97,S9,0.3484
97,S10,0.1852
97,S11,0.267
97,S12,0.2025
97,S13,0.4369
97,S14,0.3253
97,S15,0.2746
97,S16,0.3579
97,S17,0.1613
97,S18,0.2845
97,S19,0.3014
97,S20,0.2207
97,S21,0.2467
97,S22,0.2765
97,S23,0.2424
97,S24,0.3932
98,S1,0.4168
98,S2,0.218
98,S3,0.3106
98,S4,0.3508
98,S5,0.1852
98,S6,0.2915
98,S7,0.2257
98,S8,0.2344
98,S9,0.2515
98,S10,0.1337
98,S11,0.1855
98,S12,0.2853
98,S13,0.3351
98,S14,0.392
98,S15,0.2232
98,S16,0.2634
98,S17,0.2201
98,S18,0.291
98,S19,0.3229
98,S20,0.2374
98,S21,0.2236
98,S22,0.3301
98,S23,0.2447
98,S24,0.4514
99,S1,0.3403
99,S2,0.2204
99,S3,0.2293
99,S4,0.3507
99,S5,0.1614
99,S6,0.2291
99,S7,0.3741
99,S8,0.2146
99,S9,0.3187
99,S10,0.1555
99,S11,0.2544
99,S12,0.1902
99,S13,0.4516
99,S14,0.3621
99,S15,0.1577
99,S16,0.3256
99,S17,0.1985
99,S18,0.203
99,S19,0.3278
99,S20,0.1894
99,S21,0.1767
99,S22,0.2398
99,S23,0.2083
99,S24,0.3549
100,S1,0.3137
100,S2,0.3106
100,S3,0.2227
100,S4,0.3152
100,S5,0.2669
100,S6,0.3593
100,S7,0.259
100,S8,0.2526
100,S9,0.3681
100,S10,0.1412
100,S11,0.3103
100,S12,0.3051
100,S13,0.2973
100,S14,0.2449
100,S15,0.3009
100,S16,0.4217
100,S17,0.3146
100,S18,0.2492
100,S19,0.3594
100,S20,0.1959
100,S21,0.2621
100,S22,0.3702
100,S23,0.1908
100,S24,0.347
101,S1,0.2544
101,S2,0.3309
101,S3,0.2786
101,S4,0.3292
101,S5,0.245
101,S6,0.2644
101,S7,0.3895
101,S8,0.1725
101,S9,0.3152
101,S10,0.1769
101,S11,0.2787
101,S12,0.2161
101,S13,0.3733
101,S14,0.3496
101,S15,0.2282
101,S16,0.2715
101,S17,0.3825
101,S18,0.2978
101,S19,0.2472
101,S20,0.3035
101,S21,0.1949
101,S22,0.3158
101,S23,0.2118
101,S24,0.3336
102,S1,0.3092
102,S2,0.2586
102,S3,0.2042
102,S4,0.2779
102,S5,0.1973
102,S6,0.2428
102,S7,0.3977
102,S8,0.2811
102,S9,0.2799
102,S10,0.1921
102,S11,0.2933
102,S12,0.2554
102,S13,0.3892
102,S14,0.3446
102,S15,0.2741
102,S16,0.301
102,S17,0.3326
102,S18,0.2747
102,S19,0.2824
102,S20,0.2687
102,S21,0.2463
102,S22,0.2874
102,S23,0.2429
102,S24,0.5155
103,S1,0.309
103,S2,0.2171
103,S3,0.2652
103,S4,0.3814
103,S5,0.1908
103,S6,0.3657
103,S7,0.2563
103,S8,0.2467
103,S9,0.2783
103,S10,0.2464
103,S11,0.3729
103,S12,0.1976
103,S13,0.3412
103,S14,0.3516
103,S15,0.2306
103,S16,0.3964
103,S17,0.2848
103,S18,0.1437
103,S19,0.3324
103,S20,0.2299
103,S21,0.1953
103,S22,0.3866
103,S23,0.1497
103,S24,0.4069
104,S1,0.3462
104,S2,0.2832
104,S3,0.2895
104,S4,0.356
104,S5,0.2228
104,S6,0.3382
104,S7,0.3268
104,S8,0.1901
104,S9,0.2479
104,S10,0.1531
104,S11,0.424
104,S12,0.2914
104,S13,0.2798
104,S14,0.2207
104,S15,0.2741
104,S16,0.4438
104,S17,0.3144
104,S18,0.2214
104,S19,0.325
104,S20,0.2842
104,S21,0.2204
104,S22,0.1668
104,S23,0.1908
104,S24,0.2904
105,S1,0.3795
105,S2,0.4791
105,S3,0.2684
105,S4,0.3124
105,S5,0.2369
105,S6,0.3107
105,S7,0.3794
105,S8,0.243
105,S9,0.4469
105,S10,0.1419
105,S11,0.2919
105,S12,0.1901
105,S13,0.4259
105,S14,0.2449
105,S15,0.2291
105,S16,0.3764
105,S17,0.3386
105,S18,0.2762
105,S19,0.2503
105,S20,0.2696
105,S21,0.1859
105,S22,0.2245
105,S23,0.1913
105,S24,0.3284
106,S1,0.5446
106,S2,0.326
106,S3,0.1811
106,S4,0.2957
106,S5,0.2409
106,S6,0.4017
106,S7,0.239
106,S8,0.1352
106,S9,0.4352
106,S10,0.1976
106,S11,0.2204
106,S12,0.2583
106,S13,0.1813
106,S14,0.3002
106,S15,0.2664
106,S16,0.4739
106,S17,0.2259
106,S18,0.2373
106,S19,0.2716
106,S20,0.2803
106,S21,0.1779
106,S22,0.2755
106,S23,0.1602
106,S24,0.3956
107,S1,0.4296
107,S2,0.2859
107,S3,0.2519
107,S4,0.2368
107,S5,0.188
107,S6,0.2805
107,S7,0.5335
107,S8,0.1685
107,S9,0.4094
107,S10,0.2199
107,S11,0.2816
107,S12,0.3154
107,S13,0.4119
107,S14,0.3233
107,S15,0.2473
107,S16,0.4979
107,S17,0.3455
107,S18,0.2041
107,S19,0.2454
107,S20,0.2558
107,S21,0.182
107,S22,0.2962
107,S23,0.2495
107,S24,0.318
108,S1,0.3635
108,S2,0.3035
108,S3,0.2924
108,S4,0.1835
108,S5,0.1757
108,S6,0.2953
108,S7,0.434
108,S8,0.1954
108,S9,0.1978
108,S10,0.2061
108,S11,0.2328
108,S12,0.1778
108,S13,0.3355
108,S14,0.2889
108,S15,0.2198
108,S16,0.2236
108,S17,0.3342
108,S18,0.2928
108,S19,0.3768
108,S20,0.206
108,S21,0.2079
108,S22,0.2996
108,S23,0.224
108,S24,0.3968
109,S1,0.3128
109,S2,0.3049
109,S3,0.2729
109,S4,0.4304
109,S5,0.2282
109,S6,0.328
109,S7,0.3559
109,S8,0.2778
109,S9,0.3426
109,S10,0.1518
109,S11,0.3415
109,S12,0.2659
109,S13,0.3494
109,S14,0.2712
109,S15,0.2648
109,S16,0.4371
109,S17,0.2945
109,S18,0.2479
109,S19,0.4467
109,S20,0.3238
109,S21,0.2249
109,S22,0.3565
109,S23,0.1587
109,S24,0.3779
110,S1,0.4993
110,S2,0.2869
110,S3,0.2076
110,S4,0.2899
110,S5,0.1564
110,S6,0.2389
110,S7,0.3241
110,S8,0.1558
110,S9,0.3177
110,S10,0.2164
110,S11,0.2183
110,S12,0.3042
110,S13,0.4225
110,S14,0.3618
110,S15,0.2171
110,S16,0.4684
110,S17,0.2215
110,S18,0.2749
110,S19,0.3448
110,S20,0.2962
110,S21,0.1657
110,S22,0.2463
110,S23,0.2239
110,S24,0.2836
111,S1,0.4006
111,S2,0.218
111,S3,0.2924
111,S4,0.2512
111,S5,0.2221
111,S6,0.3188
111,S7,0.3012
111,S8,0.2419
111,S9,0.3332
111,S10,0.1636
111,S11,0.2129
111,S12,0.1417
111,S13,0.4101
111,S14,0.2061
111,S15,0.2548
111,S16,0.3789
111,S17,0.3218
111,S18,0.2192
111,S19,0.3114
111,S20,0.3057
111,S21,0.2312
111,S22,0.319
111,S23,0.2188
111,S24,0.2425
112,S1,0.4222
112,S2,0.3367
112,S3,0.1992
112,S4,0.3171
112,S5,0.1984
112,S6,0.2757
112,S7,0.3734
112,S8,0.2787
112,S9,0.3852
112,S10,0.1352
112,S11,0.2998
112,S12,0.2954
112,S13,0.413
112,S14,0.3655
112,S15,0.3506
112,S16,0.4819
112,S17,0.2975
112,S18,0.2821
112,S19,0.343
112,S20,0.2679
112,S21,0.2014
112,S22,0.3938
112,S23,0.1673
112,S24,0.4573
113,S1,0.4033
113,S2,0.216
113,S3,0.2684
113,S4,0.1933
113,S5,0.225
113,S6,0.3335
113,S7,0.3085
113,S8,0.222
113,S9,0.4404
113,S10,0.1648
113,S11,0.2102
113,S12,0.3025
113,S13,0.5338
113,S14,0.3002
113,S15,0.3006
113,S16,0.5073
113,S17,0.2413
113,S18,0.2107
113,S19,0.4154
113,S20,0.3565
113,S21,0.2411
113,S22,0.2472
113,S23,0.2795
113,S24,0.3128
114,S1,0.3421
114,S2,0.3205
114,S3,0.3277
114,S4,0.3903
114,S5,0.2166
114,S6,0.3096
114,S7,0.353
114,S8,0.2409
114,S9,0.1565
114,S10,0.1725
114,S11,0.2795
114,S12,0.1796
114,S13,0.413
114,S14,0.2877
114,S15,0.3378
114,S16,0.5258
114,S17,0.2569
114,S18,0.2263
114,S19,0.3284
114,S20,0.2426
114,S21,0.2251
114,S22,0.2545
114,S23,0.1548
114,S24,0.3936
115,S1,0.4128
115,S2,0.2517
115,S3,0.2948
115,S4,0.2912
115,S5,0.2101
115,S6,0.3298
115,S7,0.3476
115,S8,0.2364
115,S9,0.284
115,S10,0.1761
115,S11,0.2557
115,S12,0.1985
115,S13,0.3698
115,S14,0.2071
115,S15,0.2254
115,S16,0.3772
115,S17,0.2688
115,S18,0.2221
115,S19,0.3292
115,S20,0.2922
115,S21,0.2546
115,S22,0.261
115,S23,0.1519
115,S24,0.2771
116,S1,0.3309
116,S2,0.2789
116,S3,0.2115
116,S4,0.2469
116,S5,0.1818
116,S6,0.2936
116,S7,0.3917
116,S8,0.1925
116,S9,0.2905
116,S10,0.1494
116,S11,0.265
116,S12,0.1937
116,S13,0.4273
116,S14,0.1928
116,S15,0.232
116,S16,0.4241
116,S17,0.2938
116,S18,0.359
116,S19,0.3567
116,S20,0.2131
116,S21,0.2125
116,S22,0.1934
116,S23,0.1968
116,S24,0.2917
117,S1,0.4338
117,S2,0.267
117,S3,0.2442
117,S4,0.291
117,S5,0.2696
117,S6,0.2651
117,S7,0.4783
117,S8,0.2519
117,S9,0.3472
117,S10,0.1969
117,S11,0.2877
117,S12,0.1434
117,S13,0.362
117,S14,0.3507
117,S15,0.2476
117,S16,0.2876
117,S17,0.2804
117,S18,0.3129
117,S19,0.4165
117,S20,0.2634
117,S21,0.2579
117,S22,0.278
117,S23,0.1318
117,S24,0.2853
118,S1,0.4813
118,S2,0.2836
118,S3,0.2378
118,S4,0.3133
118,S5,0.2762
118,S6,0.3755
118,S7,0.5053
118,S8,0.2098
118,S9,0.3354
118,S10,0.1277
118,S11,0.3454
118,S12,0.1788
118,S13,0.4
118,S14,0.2342
118,S15,0.2206
118,S16,0.333
118,S17,0.2489
118,S18,0.2082
118,S19,0.2968
118,S20,0.3111
118,S21,0.1688
118,S22,0.3132
118,S23,0.2487
118,S24,0.3141
119,S1,0.314
119,S2,0.2862
119,S3,0.309
119,S4,0.3463
119,S5,0.1788
119,S6,0.3108
119,S7,0.2728
119,S8,0.2462
119,S9,0.3425
119,S10,0.172
119,S11,0.2219
119,S12,0.192
119,S13,0.4243
119,S14,0.3737
119,S15,0.2181
119,S16,0.4367
119,S17,0.1651
119,S18,0.2061
119,S19,0.3313
119,S20,0.2182
119,S21,0.1761
119,S22,0.2599
119,S23,0.2117
119,S24,0.3369
120,S1,0.2025
120,S2,0.1728
120,S3,0.2197
120,S4,0.3638
120,S5,0.0901
120,S6,0.255
120,S7,0.3132
120,S8,0.2768
120,S9,0.2923
120,S10,0.1974
120,S11,0.2742
120,S12,0.1339
120,S13,0.4422
120,S14,0.3129
120,S15,0.2754
120,S16,0.7141
120,S17,0.1652
120,S18,0.3138
120,S19,0.3142
120,S20,0.282
120,S21,0.2147
120,S22,0.2745
120,S23,0.1772
120,S24,0.3731
121,S1,0.2554
121,S2,0.345
121,S3,0.2292
121,S4,0.258
121,S5,0.182
121,S6,0.3546
121,S7,0.3125
121,S8,0.2322
121,S9,0.2704
121,S10,0.2111
121,S11,0.3032
121,S12,0.3196
121,S13,0.3699
121,S14,0.3401
121,S15,0.2549
121,S16,0.5037
121,S17,0.2426
121,S18,0.2681
121,S19,0.3204
121,S20,0.2632
121,S21,0.2206
121,S22,0.3151
121,S23,0.1954
121,S24,0.365
122,S1,0.4824
122,S2,0.3591
122,S3,0.2935
122,S4,0.303
122,S5,0.1644
122,S6,0.3375
122,S7,0.4113
122,S8,0.2805
122,S9,0.2784
122,S10,0.1749
122,S11,0.1792
122,S12,0.215
122,S13,0.4597
122,S14,0.272
122,S15,0.282
122,S16,0.3848
122,S17,0.3017
122,S18,0.1798
122,S19,0.339
122,S20,0.1071
122,S21,0.2086
122,S22,0.2022
122,S23,0.2482
122,S24,0.4044
123,S1,0.4009
123,S2,0.3913
123,S3,0.2026
123,S4,0.4498
123,S5,0.2373
123,S6,0.2699
123,S7,0.4295
123,S8,0.1687
123,S9,0.2644
123,S10,0.161
123,S11,0.2385
123,S12,0.184
123,S13,0.4771
123,S14,0.2845
123,S15,0.2676
123,S16,0.3544
123,S17,0.1802
123,S18,0.2459
123,S19,0.2058
123,S20,0.263
123,S21,0.1574
123,S22,0.4192
123,S23,0.2365
123,S24,0.3574
124,S1,0.4593
124,S2,0.2492
124,S3,0.2772
124,S4,0.3467
124,S5,0.2106
124,S6,0.3554
124,S7,0.4013
124,S8,0.2292
124,S9,0.2119
124,S10,0.1481
124,S11,0.2601
124,S12,0.2377
124,S13,0.2967
124,S14,0.4447
124,S15,0.3258
124,S16,0.4482
124,S17,0.2874
124,S18,0.2234
124,S19,0.2699
124,S20,0.2708
124,S21,0.2278
124,S22,0.2255
124,S23,0.2134
124,S24,0.3391
125,S1,0.2268
125,S2,0.2484
125,S3,0.2293
125,S4,0.4592
125,S5,0.2223
125,S6,0.2077
125,S7,0.384
125,S8,0.1496
125,S9,0.3852
125,S10,0.1661
125,S11,0.2617
125,S12,0.2952
125,S13,0.2847
125,S14,0.2162
125,S15,0.2208
125,S16,0.4831
125,S17,0.1972
125,S18,0.1012
125,S19,0.3033
125,S20,0.2961
125,S21,0.2687
125,S22,0.2722
125,S23,0.1835
125,S24,0.4308
126,S1,0.2296
126,S2,0.2767
126,S3,0.2595
126,S4,0.3633
126,S5,0.1796
126,S6,0.2853
126,S7,0.1758
126,S8,0.1881
126,S9,0.3454
126,S10,0.1473
126,S11,0.2698
126,S12,0.2542
126,S13,0.3571
126,S14,0.3102
126,S15,0.2019
126,S16,0.3835
126,S17,0.3179
126,S18,0.2407
126,S19,0.2942
126,S20,0.2786
126,S21,0.2476
126,S22,0.177
126,S23,0.2464
126,S24,0.3265
127,S1,0.3979
127,S2,0.3718
127,S3,0.1814
127,S4,0.286
127,S5,0.1885
127,S6,0.2389
127,S7,0.4714
127,S8,0.1795
127,S9,0.2815
127,S10,0.1908
127,S11,0.2026
127,S12,0.2149
127,S13,0.4077
127,S14,0.28
127,S15,0.2453
127,S16,0.3577
127,S17,0.1975
127,S18,0.2483
127,S19,0.4503
127,S20,0.2676
127,S21,0.2264
127,S22,0.3416
127,S23,0.1492
127,S24,0.4692
128,S1,0.3815
128,S2,0.3979
128,S3,0.2133
128,S4,0.4545
128,S5,0.231
128,S6,0.3147
128,S7,0.3664
128,S8,0.2059
128,S9,0.3927
128,S10,0.1885
128,S11,0.1618
128,S12,0.1812
128,S13,0.3691
128,S14,0.3186
128,S15,0.2472
128,S16,0.4975
128,S17,0.1728
128,S18,0.24
128,S19,0.2121
128,S20,0.3072
128,S21,0.2126
128,S22,0.3252
128,S23,0.1654
128,S24,0.4396
129,S1,0.4431
129,S2,0.335
129,S3,0.2435
129,S4,0.372
129,S5,0.1717
129,S6,0.3318
129,S7,0.4655
129,S8,0.2631
129,S9,0.2705
129,S10,0.1966
129,S11,0.1977
129,S12,0.26
129,S13,0.4179
129,S14,0.1878
129,S15,0.1919
129,S16,0.3773
129,S17,0.2663
129,S18,0.1769
129,S19,0.3593
129,S20,0.2801
129,S21,0.2082
129,S22,0.2547
129,S23,0.2419
129,S24,0.4659
130,S1,0.3312
130,S2,0.2633
130,S3,0.2746
130,S4,0.3095
130,S5,0.1944
130,S6,0.3252
130,S7,0.2163
130,S8,0.2738
130,S9,0.3213
130,S10,0.1682
130,S11,0.2619
130,S12,0.2316
130,S13,0.2506
130,S14,0.3897
130,S15,0.2521
130,S16,0.4354
130,S17,0.3373
130,S18,0.1857
130,S19,0.3649
130,S20,0.2524
130,S21,0.2534
130,S22,0.1724
130,S23,0.196
130,S24,0.3078
131,S1,0.3984
131,S2,0.3282
131,S3,0.2146
131,S4,0.2859
131,S5,0.1956
131,S6,0.2325
131,S7,0.4089
131,S8,0.2007
131,S9,0.1326
131,S10,0.1696
131,S11,0.2113
131,S12,0.1572
131,S13,0.2885
131,S14,0.3066
131,S15,0.3164
131,S16,0.4251
131,S17,0.249
131,S18,0.2546
131,S19,0.3027
131,S20,0.2296
131,S21,0.1666
131,S22,0.1949
131,S23,0.1844
131,S24,0.3611
132,S1,0.3596
132,S2,0.275
132,S3,0.2027
132,S4,0.3739
132,S5,0.1473
132,S6,0.3273
132,S7,0.2798
132,S8,0.1841
132,S9,0.2238
132,S10,0.1649
132,S11,0.3187
132,S12,0.2574
132,S13,0.4583
132,S14,0.3313
132,S15,0.1948
132,S16,0.3735
132,S17,0.2391
132,S18,0.2954
132,S19,0.2535
132,S20,0.3143
132,S21,0.2554
132,S22,0.4098
132,S23,0.1836
132,S24,0.3999
133,S1,0.534
133,S2,0.2629
133,S3,0.1732
133,S4,0.208
133,S5,0.2285
133,S6,0.1766
133,S7,0.3239
133,S8,0.2356
133,S9,0.3284
133,S10,0.1989
133,S11,0.2785
133,S12,0.293
133,S13,0.3103
133,S14,0.2594
133,S15,0.2114
133,S16,0.4664
133,S17,0.3344
133,S18,0.2544
133,S19,0.4122
133,S20,0.2038
133,S21,0.2889
133,S22,0.3914
133,S23,0.2294
133,S24,0.4747
134,S1,0.2452
134,S2,0.2685
134,S3,0.2132
134,S4,0.3814
134,S5,0.158
134,S6,0.3263
134,S7,0.4459
134,S8,0.2468
134,S9,0.3346
134,S10,0.1471
134,S11,0.2215
134,S12,0.2916
134,S13,0.4431
134,S14,0.2977
134,S15,0.2291
134,S16,0.2379
134,S17,0.2227
134,S18,0.3225
134,S19,0.248
134,S20,0.2768
134,S21,0.2603
134,S22,0.2247
134,S23,0.2074
134,S24,0.4157
135,S1,0.3676
135,S2,0.4721
135,S3,0.1666
135,S4,0.4039
135,S5,0.1931
135,S6,0.3271
135,S7,0.3809
135,S8,0.1849
135,S9,0.3312
135,S10,0.1152
135,S11,0.2988
135,S12,0.2472
135,S13,0.4323
135,S14,0.3635
135,S15,0.2684
135,S16,0.4118
135,S17,0.2334
135,S18,0.2001
135,S19,0.4124
135,S20,0.3433
135,S21,0.2063
135,S22,0.3028
135,S23,0.1638
135,S24,0.4321
136,S1,0.4155
136,S2,0.4165
136,S3,0.2061
136,S4,0.3081
136,S5,0.2093
136,S6,0.32
136,S7,0.3349
136,S8,0.1788
136,S9,0.3725
136,S10,0.2098
136,S11,0.2178
136,S12,0.2966
136,S13,0.473
136,S14,0.3081
136,S15,0.254
136,S16,0.4443
136,S17,0.2345
136,S18,0.2347
136,S19,0.1898
136,S20,0.3134
136,S21,0.149
136,S22,0.3902
136,S23,0.1868
136,S24,0.3352
137,S1,0.3206
137,S2,0.2827
137,S3,0.3209
137,S4,0.1675
137,S5,0.2511
137,S6,0.3025
137,S7,0.2655
137,S8,0.1701
137,S9,0.4228
137,S10,0.1487
137,S11,0.2052
137,S12,0.2864
137,S13,0.4093
137,S14,0.2437
137,S15,0.2608
137,S16,0.3179
137,S17,0.3457
137,S18,0.2829
137,S19,0.3688
137,S20,0.286
137,S21,0.293
137,S22,0.3
137,S23,0.1527
137,S24,0.3815
138,S1,0.5196
138,S2,0.2391
138,S3,0.2319
138,S4,0.3611
138,S5,0.1978
138,S6,0.2277
138,S7,0.4285
138,S8,0.3172
138,S9,0.3291
138,S10,0.1502
138,S11,0.1841
138,S12,0.2454
138,S13,0.468
138,S14,0.3285
138,S15,0.2499
138,S16,0.3529
138,S17,0.2214
138,S18,0.2723
138,S19,0.3943
138,S20,0.1842
138,S21,0.2856
138,S22,0.3344
138,S23,0.256
138,S24,0.2561
139,S1,0.2665
139,S2,0.2911
139,S3,0.2751
139,S4,0.4531
139,S5,0.2282
139,S6,0.2696
139,S7,0.2782
139,S8,0.27
139,S9,0.2556
139,S10,0.243
139,S11,0.2515
139,S12,0.3076
139,S13,0.4354
139,S14,0.2918
139,S15,0.224
139,S16,0.3727
139,S17,0.3076
139,S18,0.2369
139,S19,0.2937
139,S20,0.2578
139,S21,0.2201
139,S22,0.1723
139,S23,0.2183
139,S24,0.2814
140,S1,0.2821
140,S2,0.1988
140,S3,0.1603
140,S4,0.243
140,S5,0.1716
140,S6,0.394
140,S7,0.3132
140,S8,0.2244
140,S9,0.342
140,S10,0.1881
140,S11,0.2625
140,S12,0.1776
140,S13,0.4946
140,S14,0.4084
140,S15,0.1659
140,S16,0.3181
140,S17,0.2675
140,S18,0.1883
140,S19,0.3671
140,S20,0.2278
140,S21,0.3105
140,S22,0.3714
140,S23,0.2085
140,S24,0.4219
141,S1,0.4478
141,S2,0.2662
141,S3,0.2092
141,S4,0.3385
141,S5,0.2345
141,S6,0.2912
141,S7,0.2396
141,S8,0.1819
141,S9,0.312
141,S10,0.1806
141,S11,0.3719
141,S12,0.1687
141,S13,0.4221
141,S14,0.3893
141,S15,0.3636
141,S16,0.3676
141,S17,0.3112
141,S18,0.2599
141,S19,0.3464
141,S20,0.2614
141,S21,0.2356
141,S22,0.1481
141,S23,0.2273
141,S24,0.3588
142,S1,0.3504
142,S2,0.4228
142,S3,0.2163
142,S4,0.3065
142,S5,0.2797
142,S6,0.2362
142,S7,0.3115
142,S8,0.2103
142,S9,0.3699
142,S10,0.191
142,S11,0.1977
142,S12,0.2085
142,S13,0.3368
142,S14,0.2954
142,S15,0.2713
142,S16,0.4335
142,S17,0.1827
142,S18,0.283
142,S19,0.3502
142,S20,0.3405
142,S21,0.2359
142,S22,0.3661
142,S23,0.2187
142,S24,0.4442
143,S1,0.405
143,S2,0.2941
143,S3,0.3636
143,S4,0.3926
143,S5,0.2229
143,S6,0.211
143,S7,0.2598
143,S8,0.2294
143,S9,0.3259
143,S10,0.1608
143,S11,0.2742
143,S12,0.3075
143,S13,0.4366
143,S14,0.2315
143,S15,0.2444
143,S16,0.3356
143,S17,0.2614
143,S18,0.214
143,S19,0.3015
143,S20,0.1997
143,S21,0.2111
143,S22,0.2664
143,S23,0.0828
143,S24,0.4937
144,S1,0.4465
144,S2,0.2774
144,S3,0.2509
144,S4,0.2552
144,S5,0.2678
144,S6,0.3908
144,S7,0.361
144,S8,0.261
144,S9,0.3278
144,S10,0.1343
144,S11,0.2447
144,S12,0.2395
144,S13,0.3485
144,S14,0.2869
144,S15,0.2454
144,S16,0.3935
144,S17,0.2863
144,S18,0.1838
144,S19,0.2855
144,S20,0.1982
144,S21,0.259
144,S22,0.1737
144,S23,0.2461
144,S24,0.447
145,S1,0.3445
145,S2,0.1438
145,S3,0.2319
145,S4,0.3291
145,S5,0.1596
145,S6,0.2541
145,S7,0.4571
145,S8,0.2455
145,S9,0.2581
145,S10,0.1248
145,S11,0.2492
145,S12,0.2234
145,S13,0.4214
145,S14,0.2679
145,S15,0.2756
145,S16,0.5548
145,S17,0.3295
145,S18,0.2311
145,S19,0.3211
145,S20,0.2476
145,S21,0.2678
145,S22,0.2624
145,S23,0.2018
145,S24,0.3536
146,S1,0.3299
146,S2,0.2177
146,S3,0.2661
146,S4,0.3293
146,S5,0.22
146,S6,0.2531
146,S7,0.4355
146,S8,0.1787
146,S9,0.4251
146,S10,0.1193
146,S11,0.2899
146,S12,0.2555
146,S13,0.3223
146,S14,0.3255
146,S15,0.314
146,S16,0.2227
146,S17,0.3118
146,S18,0.117
146,S19,0.269
146,S20,0.3536
146,S21,0.1915
146,S22,0.2296
146,S23,0.1921
146,S24,0.4948
147,S1,0.2323
147,S2,0.2369
147,S3,0.3249
147,S4,0.4572
147,S5,0.1959
147,S6,0.2131
147,S7,0.4967
147,S8,0.2858
147,S9,0.3597
147,S10,0.1535
147,S11,0.2641
147,S12,0.2258
147,S13,0.4087
147,S14,0.3871
147,S15,0.294
147,S16,0.3138
147,S17,0.3613
147,S18,0.2479
147,S19,0.3791
147,S20,0.3449
147,S21,0.1685
147,S22,0.2979
147,S23,0.1787
147,S24,0.2402
148,S1,0.3921
148,S2,0.4507
148,S3,0.158
148,S4,0.3312
148,S5,0.2256
148,S6,0.2903
148,S7,0.3421
148,S8,0.1604
148,S9,0.3314
148,S10,0.1556
148,S11,0.1499
148,S12,0.2891
148,S13,0.4568
148,S14,0.3031
148,S15,0.2615
148,S16,0.4859
148,S17,0.296
148,S18,0.2755
148,S19,0.3135
148,S20,0.3366
148,S21,0.2306
148,S22,0.3116
148,S23,0.1492
148,S24,0.3701
149,S1,0.3057
149,S2,0.2617
149,S3,0.2092
149,S4,0.2623
149,S5,0.285
149,S6,0.3588
149,S7,0.4844
149,S8,0.1637
149,S9,0.3212
149,S10,0.1359
149,S11,0.2296
149,S12,0.1905
149,S13,0.4784
149,S14,0.2762
149,S15,0.3034
149,S16,0.4483
149,S17,0.4139
149,S18,0.1643
149,S19,0.4173
149,S20,0.3278
149,S21,0.1745
149,S22,0.3604
149,S23,0.2134
149,S24,0.3341
150,S1,0.3062
150,S2,0.2569
150,S3,0.3525
150,S4,0.3334
150,S5,0.2313
150,S6,0.2385
150,S7,0.2954
150,S8,0.2636
150,S9,0.2312
150,S10,0.1681
150,S11,0.2685
150,S12,0.2385
150,S13,0.3696
150,S14,0.3237
150,S15,0.2846
150,S16,0.4588
150,S17,0.2275
150,S18,0.2201
150,S19,0.413
150,S20,0.3144
150,S21,0.1572
150,S22,0.3211
150,S23,0.1209
150,S24,0.3533
151,S1,0.5058
151,S2,0.2431
151,S3,0.2083
151,S4,0.3843
151,S5,0.1383
151,S6,0.2475
151,S7,0.3918
151,S8,0.1892
151,S9,0.3017
151,S10,0.2106
151,S11,0.2891
151,S12,0.2458
151,S13,0.3573
151,S14,0.3222
151,S15,0.2438
151,S16,0.4366
151,S17,0.2552
151,S18,0.2248
151,S19,0.2673
151,S20,0.2648
151,S21,0.1815
151,S22,0.2332
151,S23,0.2103
151,S24,0.3649
152,S1,0.4241
152,S2,0.2741
152,S3,0.2704
152,S4,0.3701
152,S5,0.2178
152,S6,0.2365
152,S7,0.3605
152,S8,0.2324
152,S9,0.3171
152,S10,0.1068
152,S11,0.2752
152,S12,0.3366
152,S13,0.3557
152,S14,0.2563
152,S15,0.2687
152,S16,0.425
152,S17,0.3509
152,S18,0.1746
152,S19,0.3821
152,S20,0.2982
152,S21,0.2105
152,S22,0.3203
152,S23,0.2412
152,S24,0.4111
153,S1,0.2828
153,S2,0.3492
153,S3,0.2468
153,S4,0.3382
153,S5,0.2029
153,S6,0.2748
153,S7,0.4334
153,S8,0.213
153,S9,0.2458
153,S10,0.1689
153,S11,0.2762
153,S12,0.2907
153,S13,0.4296
153,S14,0.249
153,S15,0.3743
153,S16,0.4212
153,S17,0.3556
153,S18,0.2263
153,S19,0.3689
153,S20,0.3114
153,S21,0.2695
153,S22,0.3634
153,S23,0.2349
153,S24,0.3279
154,S1,0.3247
154,S2,0.32
154,S3,0.2967
154,S4,0.3185
154,S5,0.2426
154,S6,0.3656
154,S7,0.2859
154,S8,0.1804
154,S9,0.3078
154,S10,0.1946
154,S11,0.2387
154,S12,0.2964
154,S13,0.4158
154,S14,0.3024
154,S15,0.1782
154,S16,0.2947
154,S17,0.2993
154,S18,0.1338
154,S19,0.4008
154,S20,0.2582
154,S21,0.3572
154,S22,0.4385
154,S23,0.1927
154,S24,0.3426
155,S1,0.4397
155,S2,0.4022
155,S3,0.1681
155,S4,0.2142
155,S5,0.1751
155,S6,0.3164
155,S7,0.3848
155,S8,0.263
155,S9,0.2407
155,S10,0.0984
155,S11,0.3124
155,S12,0.1947
155,S13,0.2286
155,S14,0.3087
155,S15,0.2897
155,S16,0.3902
155,S17,0.2574
155,S18,0.2259
155,S19,0.3086
155,S20,0.1948
155,S21,0.1857
155,S22,0.3313
155,S23,0.2129
155,S24,0.3618
156,S1,0.2937
156,S2,0.2891
156,S3,0.1411
156,S4,0.3452
156,S5,0.2572
156,S6,0.1998
156,S7,0.309
156,S8,0.2309
156,S9,0.396
156,S10,0.1669
156,S11,0.2297
156,S12,0.1415
156,S13,0.3913
156,S14,0.4225
156,S15,0.2639
156,S16,0.3982
156,S17,0.3016
156,S18,0.2328
156,S19,0.2791
156,S20,0.3106
156,S21,0.2264
156,S22,0.3011
156,S23,0.161
156,S24,0.4412
157,S1,0.4154
157,S2,0.2668
157,S3,0.3001
157,S4,0.3002
157,S5,0.1687
157,S6,0.2403
157,S7,0.226
157,S8,0.2371
157,S9,0.2007
157,S10,0.1383
157,S11,0.156
157,S12,0.2293
157,S13,0.3718
157,S14,0.2804
157,S15,0.1979
157,S16,0.3062
157,S17,0.3096
157,S18,0.2076
157,S19,0.3544
157,S20,0.2195
157,S21,0.2245
157,S22,0.3782
157,S23,0.2234
157,S24,0.3211
158,S1,0.3855
158,S2,0.2856
158,S3,0.2504
158,S4,0.3116
158,S5,0.1934
158,S6,0.2954
158,S7,0.2805
158,S8,0.1726
158,S9,0.2287
158,S10,0.1247
158,S11,0.2017
158,S12,0.2408
158,S13,0.3149
158,S14,0.3308
158,S15,0.2517
158,S16,0.2425
158,S17,0.3204
158,S18,0.2712
158,S19,0.2671
158,S20,0.2891
158,S21,0.1796
158,S22,0.3059
158,S23,0.1494
158,S24,0.2245
159,S1,0.3386
159,S2,0.2926
159,S3,0.2301
159,S4,0.2544
159,S5,0.184
159,S6,0.2986
159,S7,0.3469
159,S8,0.2246
159,S9,0.2742
159,S10,0.2263
159,S11,0.2039
159,S12,0.2561
159,S13,0.4739
159,S14,0.3289
159,S15,0.2399
159,S16,0.3577
159,S17,0.342
159,S18,0.1669
159,S19,0.2687
159,S20,0.2455
159,S21,0.2703
159,S22,0.3228
159,S23,0.1613
159,S24,0.3283
160,S1,0.3216
160,S2,0.2574
160,S3,0.2989
160,S4,0.2419
160,S5,0.2644
160,S6,0.3303
160,S7,0.4264
160,S8,0.1966
160,S9,0.3072
160,S10,0.1308
160,S11,0.2387
160,S12,0.2564
160,S13,0.4827
160,S14,0.2336
160,S15,0.2317
160,S16,0.3879
160,S17,0.2042
160,S18,0.2609
160,S19,0.2851
160,S20,0.2562
160,S21,0.1971
160,S22,0.2526
160,S23,0.1997
160,S24,0.3349
161,S1,0.3394
161,S2,0.2563
161,S3,0.266
161,S4,0.4436
161,S5,0.2056
161,S6,0.3398
161,S7,0.2527
161,S8,0.2235
161,S9,0.2472
161,S10,0.1292
161,S11,0.2272
161,S12,0.289
161,S13,0.4562
161,S14,0.3146
161,S15,0.1734
161,S16,0.3843
161,S17,0.3004
161,S18,0.2415
161,S19,0.2104
161,S20,0.2192
161,S21,0.2139
161,S22,0.3322
161,S23,0.1122
161,S24,0.3387
162,S1,0.3772
162,S2,0.351
162,S3,0.2846
162,S4,0.3722
162,S5,0.168
162,S6,0.1752
162,S7,0.3225
162,S8,0.2601
162,S9,0.4049
162,S10,0.2094
162,S11,0.2896
162,S12,0.251
162,S13,0.3407
162,S14,0.2922
162,S15,0.3335
162,S16,0.3246
162,S17,0.3748
162,S18,0.2183
162,S19,0.4217
162,S20,0.1916
162,S21,0.2421
162,S22,0.2558
162,S23,0.1434
162,S24,0.3653
163,S1,0.4407
163,S2,0.2493
163,S3,0.175
163,S4,0.3272
163,S5,0.1965
163,S6,0.3144
163,S7,0.4165
163,S8,0.2141
163,S9,0.4342
163,S10,0.1916
163,S11,0.2482
163,S12,0.1581
163,S13,0.3632
163,S14,0.2798
163,S15,0.298
163,S16,0.437
163,S17,0.2165
163,S18,0.2414
163,S19,0.3781
163,S20,0.3482
163,S21,0.2551
163,S22,0.3457
163,S23,0.2024
163,S24,0.3772
164,S1,0.4583
164,S2,0.22
164,S3,0.2325
164,S4,0.2818
164,S5,0.2152
164,S6,0.353
164,S7,0.3082
164,S8,0.1131
164,S9,0.2906
164,S10,0.2168
164,S11,0.2953
164,S12,0.2533
164,S13,0.3619
164,S14,0.2233
164,S15,0.2758
164,S16,0.3333
164,S17,0.4071
164,S18,0.26
164,S19,0.2946
164,S20,0.2341
164,S21,0.2126
164,S22,0.2856
164,S23,0.2447
164,S24,0.363
165,S1,0.313
165,S2,0.4134
165,S3,0.2525
165,S4,0.3846
165,S5,0.1757
165,S6,0.3039
165,S7,0.3718
165,S8,0.1348
165,S9,0.4443
165,S10,0.2307
165,S11,0.2455
165,S12,0.1819
165,S13,0.41
165,S14,0.3052
165,S15,0.2678
165,S16,0.4153
165,S17,0.312
165,S18,0.3009
165,S19,0.3712
165,S20,0.2107
165,S21,0.2757
165,S22,0.3984
165,S23,0.3261
165,S24,0.2714
166,S1,0.3845
166,S2,0.1751
166,S3,0.2777
166,S4,0.2968
166,S5,0.2769
166,S6,0.2394
166,S7,0.2318
166,S8,0.1962
166,S9,0.1916
166,S10,0.2109
166,S11,0.1565
166,S12,0.2347
166,S13,0.224
166,S14,0.2808
166,S15,0.3322
166,S16,0.4289
166,S17,0.2344
166,S18,0.2319
166,S19,0.3345
166,S20,0.2919
166,S21,0.1574
166,S22,0.3356
166,S23,0.0918
166,S24,0.3059
167,S1,0.3309
167,S2,0.338
167,S3,0.2511
167,S4,0.2396
167,S5,0.1606
167,S6,0.2946
167,S7,0.3445
167,S8,0.1916
167,S9,0.2862
167,S10,0.2089
167,S11,0.2391
167,S12,0.2292
167,S13,0.5497
167,S14,0.2146
167,S15,0.1574
167,S16,0.4627
167,S17,0.2449
167,S18,0.2185
167,S19,0.2813
167,S20,0.2528
167,S21,0.2859
167,S22,0.3481
167,S23,0.2345
167,S24,0.2509
168,S1,0.2822
168,S2,0.1297
168,S3,0.2095
168,S4,0.3971
168,S5,0.2207
168,S6,0.2708
168,S7,0.3484
168,S8,0.1868
168,S9,0.3296
168,S10,0.2114
168,S11,0.1805
168,S12,0.2473
168,S13,0.4548
168,S14,0.2751
168,S15,0.285
168,S16,0.6252
168,S17,0.2774
168,S18,0.2517
168,S19,0.2841
168,S20,0.2763
168,S21,0.2366
168,S22,0.3117
168,S23,0.1592
168,S24,0.3644
169,S1,0.4739
169,S2,0.3269
169,S3,0.2981
169,S4,0.3175
169,S5,0.23
169,S6,0.2992
169,S7,0.2834
169,S8,0.2305
169,S9,0.2539
169,S10,0.1601
169,S11,0.2768
169,S12,0.2472
169,S13,0.2922
169,S14,0.3632
169,S15,0.2786
169,S16,0.3436
169,S17,0.1962
169,S18,0.2266
169,S19,0.3036
169,S20,0.2727
169,S21,0.2009
169,S22,0.1796
169,S23,0.1845
169,S24,0.3286
170,S1,0.4131
170,S2,0.2581
170,S3,0.3339
170,S4,0.2059
170,S5,0.2524
170,S6,0.2706
170,S7,0.4102
170,S8,0.2201
170,S9,0.3888
170,S10,0.1691
170,S11,0.2081
170,S12,0.2996
170,S13,0.3746
170,S14,0.3133
170,S15,0.3117
170,S16,0.3174
170,S17,0.3171
170,S18,0.2058
170,S19,0.3245
170,S20,0.2705
170,S21,0.1517
170,S22,0.2533
170,S23,0.254
170,S24,0.412
171,S1,0.3621
171,S2,0.3146
171,S3,0.2353
171,S4,0.4238
171,S5,0.192
171,S6,0.2965
171,S7,0.4302
171,S8,0.183
171,S9,0.4154
171,S10,0.1272
171,S11,0.3536
171,S12,0.2159
171,S13,0.3647
171,S14,0.1866
171,S15,0.2273
171,S16,0.3168
171,S17,0.2489
171,S18,0.2269
171,S19,0.3972
171,S20,0.2777
171,S21,0.23
171,S22,0.2343
171,S23,0.1648
171,S24,0.4759
172,S1,0.3128
172,S2,0.3994
172,S3,0.2378
172,S4,0.3335
172,S5,0.2428
172,S6,0.3554
172,S7,0.3422
172,S8,0.1998
172,S9,0.3131
172,S10,0.1957
172,S11,0.3142
172,S12,0.2335
172,S13,0.4308
172,S14,0.3983
172,S15,0.2691
172,S16,0.4249
172,S17,0.1973
172,S18,0.1106
172,S19,0.3592
172,S20,0.2616
172,S21,0.1944
172,S22,0.3146
172,S23,0.1976
172,S24,0.4289
173,S1,0.373
173,S2,0.2552
173,S3,0.2995
173,S4,0.3189
173,S5,0.2211
173,S6,0.2563
173,S7,0.3045
173,S8,0.2203
173,S9,0.3175
173,S10,0.2009
173,S11,0.2523
173,S12,0.1476
173,S13,0.3502
173,S14,0.3476
173,S15,0.2351
173,S16,0.3803
173,S17,0.3392
173,S18,0.2001
173,S19,0.2305
173,S20,0.2581
173,S21,0.1957
173,S22,0.242
173,S23,0.193
173,S24,0.3844
174,S1,0.366
174,S2,0.3184
174,S3,0.3407
174,S4,0.3105
174,S5,0.2111
174,S6,0.2545
174,S7,0.2908
174,S8,0.1913
174,S9,0.2863
174,S10,0.1965
174,S11,0.392
174,S12,0.1999
174,S13,0.3514
174,S14,0.2962
174,S15,0.2698
174,S16,0.4211
174,S17,0.3561
174,S18,0.1201
174,S19,0.1742
174,S20,0.2402
174,S21,0.2642
174,S22,0.2061
174,S23,0.0797
174,S24,0.39
175,S1,0.3845
175,S2,0.2346
175,S3,0.2007
175,S4,0.2687
175,S5,0.2044
175,S6,0.2478
175,S7,0.3846
175,S8,0.093
175,S9,0.2624
175,S10,0.142
175,S11,0.253
175,S12,0.2082
175,S13,0.4445
175,S14,0.1884
175,S15,0.2523
175,S16,0.4447
175,S17,0.3885
175,S18,0.2109
175,S19,0.355
175,S20,0.1705
175,S21,0.113
175,S22,0.3507
175,S23,0.1998
175,S24,0.4325
176,S1,0.266
176,S2,0.3312
176,S3,0.3434
176,S4,0.3613
176,S5,0.2111
176,S6,0.2838
176,S7,0.24
176,S8,0.2754
176,S9,0.278
176,S10,0.2018
176,S11,0.1833
176,S12,0.1783
176,S13,0.4934
176,S14,0.2792
176,S15,0.3227
176,S16,0.3937
176,S17,0.179
176,S18,0.275
176,S19,0.294
176,S20,0.3039
176,S21,0.2178
176,S22,0.2074
176,S23,0.2066
176,S24,0.5037
177,S1,0.4028
177,S2,0.2965
177,S3,0.3038
177,S4,0.3474
177,S5,0.2084
177,S6,0.2215
177,S7,0.3664
177,S8,0.2615
177,S9,0.2637
177,S10,0.2356
177,S11,0.2618
177,S12,0.1919
177,S13,0.4598
177,S14,0.2828
177,S15,0.288
177,S16,0.3767
177,S17,0.2799
177,S18,0.2564
177,S19,0.3527
177,S20,0.1602
177,S21,0.1681
177,S22,0.3558
177,S23,0.1947
177,S24,0.3133
178,S1,0.267
178,S2,0.2352
178,S3,0.1489
178,S4,0.3266
178,S5,0.1761
178,S6,0.2286
178,S7,0.3452
178,S8,0.2324
178,S9,0.4492
178,S10,0.1279
178,S11,0.3285
178,S12,0.2787
178,S13,0.3236
178,S14,0.3122
178,S15,0.2271
178,S16,0.4149
178,S17,0.3689
178,S18,0.2616
178,S19,0.3672
178,S20,0.2437
178,S21,0.1524
178,S22,0.2875
178,S23,0.2483
178,S24,0.2431
179,S1,0.2893
179,S2,0.3076
179,S3,0.2008
179,S4,0.2805
179,S5,0.1831
179,S6,0.2059
179,S7,0.2818
179,S8,0.2471
179,S9,0.2339
179,S10,0.1247
179,S11,0.2331
179,S12,0.2675
179,S13,0.3682
179,S14,0.2721
179,S15,0.2522
179,S16,0.2603
179,S17,0.3114
179,S18,0.2512
179,S19,0.306
179,S20,0.3203
179,S21,0.1678
179,S22,0.3677
179,S23,0.2062
179,S24,0.3264
180,S1,0.3652
180,S2,0.2936
180,S3,0.311
180,S4,0.2616
180,S5,0.1695
180,S6,0.3421
180,S7,0.3083
180,S8,0.2557
180,S9,0.4243
180,S10,0.1686
180,S11,0.303
180,S12,0.1795
180,S13,0.4412
180,S14,0.312
180,S15,0.2737
180,S16,0.3484
180,S17,0.1892
180,S18,0.2568
180,S19,0.1958
180,S20,0.2497
180,S21,0.2575
180,S22,0.3115
180,S23,0.2779
180,S24,0.4218
181,S1,0.3187
181,S2,0.3016
181,S3,0.2476
181,S4,0.2279
181,S5,0.1624
181,S6,0.2516
181,S7,0.2075
181,S8,0.2187
181,S9,0.3009
181,S10,0.122
181,S11,0.2882
181,S12,0.2667
181,S13,0.4007
181,S14,0.2806
181,S15,0.2796
181,S16,0.4544
181,S17,0.3008
181,S18,0.1949
181,S19,0.3518
181,S20,0.3304
181,S21,0.1908
181,S22,0.4259
181,S23,0.179
181,S24,0.3523
182,S1,0.3174
182,S2,0.3134
182,S3,0.1629
182,S4,0.2969
182,S5,0.1563
182,S6,0.291
182,S7,0.4196
182,S8,0.2447
182,S9,0.1665
182,S10,0.2582
182,S11,0.2824
182,S12,0.1971
182,S13,0.3954
182,S14,0.3106
182,S15,0.2167
182,S16,0.4158
182,S17,0.2489
182,S18,0.2145
182,S19,0.2876
182,S20,0.1903
182,S21,0.223
182,S22,0.3351
182,S23,0.2206
182,S24,0.4074
183,S1,0.3905
183,S2,0.268
183,S3,0.292
183,S4,0.2428
183,S5,0.164
183,S6,0.2287
183,S7,0.4256
183,S8,0.2575
183,S9,0.3475
183,S10,0.2226
183,S11,0.2198
183,S12,0.2496
183,S13,0.3737
183,S14,0.3508
183,S15,0.2442
183,S16,0.3692
183,S17,0.314
183,S18,0.2742
183,S19,0.2888
183,S20,0.2634
183,S21,0.1708
183,S22,0.1501
183,S23,0.208
183,S24,0.3926
184,S1,0.3859
184,S2,0.183
184,S3,0.2325
184,S4,0.1854
184,S5,0.2548
184,S6,0.2218
184,S7,0.4379
184,S8,0.2577
184,S9,0.2596
184,S10,0.1418
184,S11,0.2854
184,S12,0.1939
184,S13,0.3912
184,S14,0.271
184,S15,0.1609
184,S16,0.2216
184,S17,0.2962
184,S18,0.2071
184,S19,0.2965
184,S20,0.3038
184,S21,0.2675
184,S22,0.2836
184,S23,0.1864
184,S24,0.385
185,S1,0.2672
185,S2,0.3134
185,S3,0.2776
185,S4,0.3787
185,S5,0.1225
185,S6,0.2402
185,S7,0.2885
185,S8,0.221
185,S9,0.3471
185,S10,0.2382
185,S11,0.2403
185,S12,0.2101
185,S13,0.4715
185,S14,0.3178
185,S15,0.3134
185,S16,0.4231
185,S17,0.2178
185,S18,0.1711
185,S19,0.2299
185,S20,0.302
185,S21,0.2682
185,S22,0.411
185,S23,0.2337
185,S24,0.4314
186,S1,0.3241
186,S2,0.2306
186,S3,0.2925
186,S4,0.3612
186,S5,0.2043
186,S6,0.3053
186,S7,0.3726
186,S8,0.2723
186,S9,0.3987
186,S10,0.2033
186,S11,0.3118
186,S12,0.2573
186,S13,0.348
186,S14,0.3454
186,S15,0.1803
186,S16,0.4843
186,S17,0.2156
186,S18,0.2467
186,S19,0.277
186,S20,0.2962
186,S21,0.2152
186,S22,0.2043
186,S23,0.2168
186,S24,0.3095
187,S1,0.4313
187,S2,0.3001
187,S3,0.2698
187,S4,0.2695
187,S5,0.1764
187,S6,0.2573
187,S7,0.41
187,S8,0.2894
187,S9,0.2657
187,S10,0.2228
187,S11,0.151
187,S12,0.1776
187,S13,0.3098
187,S14,0.2188
187,S15,0.1708
187,S16,0.433
187,S17,0.2712
187,S18,0.251
187,S19,0.3794
187,S20,0.2808
187,S21,0.2452
187,S22,0.2958
187,S23,0.1525
187,S24,0.424
188,S1,0.3235
188,S2,0.2439
188,S3,0.2411
188,S4,0.2725
188,S5,0.1833
188,S6,0.3028
188,S7,0.3744
188,S8,0.1778
188,S9,0.2858
188,S10,0.2227
188,S11,0.2931
188,S12,0.3302
188,S13,0.4738
188,S14,0.3687
188,S15,0.1806
188,S16,0.4611
188,S17,0.2803
188,S18,0.2076
188,S19,0.3445
188,S20,0.3171
188,S21,0.2384
188,S22,0.2473
188,S23,0.2297
188,S24,0.3054
189,S1,0.3826
189,S2,0.2818
189,S3,0.2391
189,S4,0.3844
189,S5,0.1584
189,S6,0.3936
189,S7,0.2225
189,S8,0.1908
189,S9,0.3401
189,S10,0.2048
189,S11,0.2613
189,S12,0.2307
189,S13,0.4148
189,S14,0.2861
189,S15,0.3197
189,S16,0.4671
189,S17,0.3328
189,S18,0.1882
189,S19,0.328
189,S20,0.2506
189,S21,0.1731
189,S22,0.3216
189,S23,0.1785
189,S24,0.3959
190,S1,0.2882
190,S2,0.4031
190,S3,0.2052
190,S4,0.348
190,S5,0.2317
190,S6,0.251
190,S7,0.4097
190,S8,0.1634
190,S9,0.4086
190,S10,0.1839
190,S11,0.2349
190,S12,0.2194
190,S13,0.4454
190,S14,0.2649
190,S15,0.2125
190,S16,0.3823
190,S17,0.2166
190,S18,0.3183
190,S19,0.2956
190,S20,0.311
190,S21,0.2257
190,S22,0.2409
190,S23,0.1998
190,S24,0.4049
191,S1,0.3529
191,S2,0.3716
191,S3,0.3011
191,S4,0.3946
191,S5,0.1816
191,S6,0.2221
191,S7,0.307
191,S8,0.2252
191,S9,0.3512
191,S10,0.1037
191,S11,0.2662
191,S12,0.2407
191,S13,0.3621
191,S14,0.3775
191,S15,0.2711
191,S16,0.5048
191,S17,0.2711
191,S18,0.2771
191,S19,0.4423
191,S20,0.3366
191,S21,0.1693
191,S22,0.2848
191,S23,0.1862
191,S24,0.3842
192,S1,0.417
192,S2,0.2497
192,S3,0.2534
192,S4,0.1987
192,S5,0.2577
192,S6,0.2543
192,S7,0.3539
192,S8,0.2032
192,S9,0.3892
192,S10,0.0793
192,S11,0.2658
192,S12,0.2284
192,S13,0.3486
192,S14,0.4036
192,S15,0.2056
192,S16,0.4617
192,S17,0.3035
192,S18,0.2922
192,S19,0.2889
192,S20,0.2276
192,S21,0.2642
192,S22,0.3255
192,S23,0.1382
192,S24,0.3122
193,S1,0.395
193,S2,0.3503
193,S3,0.216
193,S4,0.139
193,S5,0.2209
193,S6,0.2142
193,S7,0.2088
193,S8,0.0939
193,S9,0.3682
193,S10,0.188
193,S11,0.2546
193,S12,0.2982
193,S13,0.4322
193,S14,0.397
193,S15,0.1804
193,S16,0.3972
193,S17,0.1917
193,S18,0.2226
193,S19,0.3168
193,S20,0.3001
193,S21,0.2186
193,S22,0.3374
193,S23,0.2281
193,S24,0.5008
194,S1,0.3435
194,S2,0.2435
194,S3,0.2623
194,S4,0.2798
194,S5,0.2593
194,S6,0.2673
194,S7,0.3104
194,S8,0.1962
194,S9,0.3622
194,S10,0.1775
194,S11,0.2324
194,S12,0.311
194,S13,0.3177
194,S14,0.3021
194,S15,0.2826
194,S16,0.2695
194,S17,0.3105
194,S18,0.1841
194,S19,0.3882
194,S20,0.2153
194,S21,0.2467
194,S22,0.3663
194,S23,0.2345
194,S24,0.3676
195,S1,0.3497
195,S2,0.2654
195,S3,0.3236
195,S4,0.2867
195,S5,0.1585
195,S6,0.321
195,S7,0.2943
195,S8,0.1755
195,S9,0.2252
195,S10,0.1656
195,S11,0.2623
195,S12,0.2447
195,S13,0.4563
195,S14,0.3316
195,S15,0.2405
195,S16,0.3841
195,S17,0.3122
195,S18,0.2927
195,S19,0.3418
195,S20,0.2416
195,S21,0.1736
195,S22,0.2133
195,S23,0.2267
195,S24,0.3905
196,S1,0.409
196,S2,0.2923
196,S3,0.3203
196,S4,0.3011
196,S5,0.2382
196,S6,0.2811
196,S7,0.3074
196,S8,0.2423
196,S9,0.3426
196,S10,0.1964
196,S11,0.271
196,S12,0.2316
196,S13,0.5664
196,S14,0.3711
196,S15,0.2861
196,S16,0.4089
196,S17,0.3404
196,S18,0.2575
196,S19,0.3351
196,S20,0.2505
196,S21,0.2132
196,S22,0.1098
196,S23,0.2084
196,S24,0.3158
197,S1,0.4835
197,S2,0.3012
197,S3,0.1906
197,S4,0.33
197,S5,0.1582
197,S6,0.3102
197,S7,0.3704
197,S8,0.2582
197,S9,0.2666
197,S10,0.1846
197,S11,0.1939
197,S12,0.2661
197,S13,0.4231
197,S14,0.3297
197,S15,0.2501
197,S16,0.4332
197,S17,0.3742
197,S18,0.22
197,S19,0.3426
197,S20,0.2087
197,S21,0.179
197,S22,0.3059
197,S23,0.2442
197,S24,0.3321
198,S1,0.3494
198,S2,0.2756
198,S3,0.2233
198,S4,0.353
198,S5,0.1401
198,S6,0.3559
198,S7,0.3034
198,S8,0.2479
198,S9,0.2362
198,S10,0.2079
198,S11,0.3025
198,S12,0.2513
198,S13,0.3071
198,S14,0.315
198,S15,0.1908
198,S16,0.3798
198,S17,0.3417
198,S18,0.2705
198,S19,0.3343
198,S20,0.2147
198,S21,0.2446
198,S22,0.3012
198,S23,0.1072
198,S24,0.4048
199,S1,0.3649
199,S2,0.3721
199,S3,0.1952
199,S4,0.1216
199,S5,0.2112
199,S6,0.2999
199,S7,0.2317
199,S8,0.1743
199,S9,0.4912
199,S10,0.1721
199,S11,0.3057
199,S12,0.203
199,S13,0.2231
199,S14,0.2898
199,S15,0.2367
199,S16,0.368
199,S17,0.2768
199,S18,0.2457
199,S19,0.3233
199,S20,0.1993
199,S21,0.2377
199,S22,0.183
199,S23,0.118
199,S24,0.4017
200,S1,0.4038
200,S2,0.2966
200,S3,0.1802
200,S4,0.2861
200,S5,0.1895
200,S6,0.1929
200,S7,0.2983
200,S8,0.2449
200,S9,0.4071
200,S10,0.168
200,S11,0.307
200,S12,0.144
200,S13,0.4339
200,S14,0.2518
200,S15,0.2654
200,S16,0.3802
200,S17,0.3582
200,S18,0.1925
200,S19,0.3752
200,S20,0.2518
200,S21,0.2098
200,S22,0.289
200,S23,0.1662
200,S24,0.349
201,S1,0.3621
201,S2,0.3145
201,S3,0.2542
201,S4,0.3865
201,S5,0.2369
201,S6,0.2238
201,S7,0.4108
201,S8,0.1653
201,S9,0.3539
201,S10,0.2061
201,S11,0.1647
201,S12,0.2377
201,S13,0.3474
201,S14,0.2545
201,S15,0.3175
201,S16,0.3477
201,S17,0.2376
201,S18,0.2369
201,S19,0.379
201,S20,0.2591
201,S21,0.2672
201,S22,0.3319
201,S23,0.1129
201,S24,0.3129
202,S1,0.3255
202,S2,0.3288
202,S3,0.1188
202,S4,0.5033
202,S5,0.2212
202,S6,0.2918
202,S7,0.4327
202,S8,0.3182
202,S9,0.3718
202,S10,0.2181
202,S11,0.2736
202,S12,0.2267
202,S13,0.3469
202,S14,0.2504
202,S15,0.2156
202,S16,0.292
202,S17,0.279
202,S18,0.1547
202,S19,0.3461
202,S20,0.2647
202,S21,0.223
202,S22,0.2687
202,S23,0.3231
202,S24,0.4452
203,S1,0.2754
203,S2,0.314
203,S3,0.2196
203,S4,0.2657
203,S5,0.1464
203,S6,0.3078
203,S7,0.3023
203,S8,0.2586
203,S9,0.3796
203,S10,0.2337
203,S11,0.2212
203,S12,0.2555
203,S13,0.4318
203,S14,0.2715
203,S15,0.2114
203,S16,0.5288
203,S17,0.2962
203,S18,0.263
203,S19,0.2785
203,S20,0.2016
203,S21,0.192
203,S22,0.2926
203,S23,0.1574
203,S24,0.3493
204,S1,0.2428
204,S2,0.2328
204,S3,0.2835
204,S4,0.3736
204,S5,0.1843
204,S6,0.2257
204,S7,0.2781
204,S8,0.2005
204,S9,0.3575
204,S10,0.2174
204,S11,0.2402
204,S12,0.1795
204,S13,0.4039
204,S14,0.2506
204,S15,0.2241
204,S16,0.506
204,S17,0.3302
204,S18,0.2407
204,S19,0.2485
204,S20,0.2779
204,S21,0.2627
204,S22,0.2775
204,S23,0.254
204,S24,0.4405
205,S1,0.4887
205,S2,0.3183
205,S3,0.2794
205,S4,0.4276
205,S5,0.2179
205,S6,0.2549
205,S7,0.3186
205,S8,0.227
205,S9,0.2349
205,S10,0.1781
205,S11,0.3251
205,S12,0.1311
205,S13,0.501
205,S14,0.3673
205,S15,0.227
205,S16,0.4435
205,S17,0.2835
205,S18,0.2907
205,S19,0.3988
205,S20,0.192
205,S21,0.2421
205,S22,0.2877
205,S23,0.2033
205,S24,0.299
206,S1,0.4949
206,S2,0.3624
206,S3,0.213
206,S4,0.2444
206,S5,0.1846
206,S6,0.308
206,S7,0.3668
206,S8,0.271
206,S9,0.3667
206,S10,0.2189
206,S11,0.2841
206,S12,0.1685
206,S13,0.3683
206,S14,0.3636
206,S15,0.2474
206,S16,0.4402
206,S17,0.2653
206,S18,0.1853
206,S19,0.3251
206,S20,0.2831
206,S21,0.1883
206,S22,0.2859
206,S23,0.1624
206,S24,0.4283
207,S1,0.3451
207,S2,0.3872
207,S3,0.3264
207,S4,0.3279
207,S5,0.1597
207,S6,0.1651
207,S7,0.247
207,S8,0.1571
207,S9,0.404
207,S10,0.1876
207,S11,0.2874
207,S12,0.1297
207,S13,0.2915
207,S14,0.3532
207,S15,0.2643
207,S16,0.3882
207,S17,0.3153
207,S18,0.3097
207,S19,0.3186
207,S20,0.2704
207,S21,0.225
207,S22,0.4435
207,S23,0.116
207,S24,0.3978
208,S1,0.3582
208,S2,0.334
208,S3,0.2171
208,S4,0.3301
208,S5,0.2285
208,S6,0.4597
208,S7,0.4066
208,S8,0.1799
208,S9,0.2898
208,S10,0.1667
208,S11,0.1709
208,S12,0.2179
208,S13,0.4395
208,S14,0.2235
208,S15,0.3024
208,S16,0.439
208,S17,0.2417
208,S18,0.2267
208,S19,0.4399
208,S20,0.3058
208,S21,0.217
208,S22,0.2857
208,S23,0.2031
208,S24,0.3142
209,S1,0.2123
209,S2,0.4225
209,S3,0.2578
209,S4,0.3599
209,S5,0.1977
209,S6,0.2417
209,S7,0.337
209,S8,0.1474
209,S9,0.4609
209,S10,0.1381
209,S11,0.2116
209,S12,0.2128
209,S13,0.4821
209,S14,0.3009
209,S15,0.1882
209,S16,0.5003
209,S17,0.3248
209,S18,0.2585
209,S19,0.381
209,S20,0.3944
209,S21,0.3114
209,S22,0.2588
209,S23,0.265
209,S24,0.3768
210,S1,0.4033
210,S2,0.1985
210,S3,0.2415
210,S4,0.2791
210,S5,0.2331
210,S6,0.344
210,S7,0.2048
210,S8,0.2157
210,S9,0.3877
210,S10,0.1765
210,S11,0.3056
210,S12,0.2497
210,S13,0.4095
210,S14,0.2837
210,S15,0.1892
210,S16,0.3103
210,S17,0.3235
210,S18,0.2342
210,S19,0.3241
210,S20,0.2441
210,S21,0.2034
210,S22,0.3628
210,S23,0.1866
210,S24,0.2561
211,S1,0.4212
211,S2,0.2877
211,S3,0.2516
211,S4,0.4405
211,S5,0.1992
211,S6,0.2997
211,S7,0.2675
211,S8,0.2071
211,S9,0.3553
211,S10,0.1263
211,S11,0.2774
211,S12,0.238
211,S13,0.3865
211,S14,0.3622
211,S15,0.2667
211,S16,0.5182
211,S17,0.227
211,S18,0.2397
211,S19,0.339
211,S20,0.2096
211,S21,0.2581
211,S22,0.4395
211,S23,0.1993
211,S24,0.3854
212,S1,0.3729
212,S2,0.2572
212,S3,0.159
212,S4,0.2863
212,S5,0.1443
212,S6,0.3799
212,S7,0.3419
212,S8,0.2017
212,S9,0.373
212,S10,0.1422
212,S11,0.2258
212,S12,0.2365
212,S13,0.4622
212,S14,0.3301
212,S15,0.2624
212,S16,0.4062
212,S17,0.306
212,S18,0.2427
212,S19,0.2647
212,S20,0.2691
212,S21,0.1701
212,S22,0.3049
212,S23,0.1808
212,S24,0.5278
213,S1,0.3637
213,S2,0.2157
213,S3,0.2433
213,S4,0.368
213,S5,0.2669
213,S6,0.2499
213,S7,0.2392
213,S8,0.2521
213,S9,0.2292
213,S10,0.1673
213,S11,0.2529
213,S12,0.2301
213,S13,0.4362
213,S14,0.259
213,S15,0.2363
213,S16,0.3989
213,S17,0.2918
213,S18,0.2379
213,S19,0.3624
213,S20,0.3117
213,S21,0.2337
213,S22,0.3272
213,S23,0.1367
213,S24,0.3535
214,S1,0.4018
214,S2,0.3437
214,S3,0.2154
214,S4,0.2894
214,S5,0.177
214,S6,0.3137
214,S7,0.4224
214,S8,0.199
214,S9,0.3742
214,S10,0.1879
214,S11,0.26
214,S12,0.2235
214,S13,0.4406
214,S14,0.3195
214,S15,0.3638
214,S16,0.3318
214,S17,0.3127
214,S18,0.2086
214,S19,0.2754
214,S20,0.2661
214,S21,0.2226
214,S22,0.4751
214,S23,0.1926
214,S24,0.2709
215,S1,0.3867
215,S2,0.1755
215,S3,0.2454
215,S4,0.3344
215,S5,0.2318
215,S6,0.3385
215,S7,0.3148
215,S8,0.2101
215,S9,0.2681
215,S10,0.142
215,S11,0.2832
215,S12,0.1739
215,S13,0.3515
215,S14,0.2403
215,S15,0.2775
215,S16,0.5441
215,S17,0.2096
215,S18,0.1469
215,S19,0.325
215,S20,0.2675
215,S21,0.2261
215,S22,0.2732
215,S23,0.192
215,S24,0.3757
216,S1,0.443
216,S2,0.1827
216,S3,0.2316
216,S4,0.3476
216,S5,0.1633
216,S6,0.3814
216,S7,0.3055
216,S8,0.2149
216,S9,0.3519
216,S10,0.1617
216,S11,0.1682
216,S12,0.2133
216,S13,0.4623
216,S14,0.2798
216,S15,0.2077
216,S16,0.4741
216,S17,0.2646
216,S18,0.2095
216,S19,0.3433
216,S20,0.3078
216,S21,0.3199
216,S22,0.3496
216,S23,0.2464
216,S24,0.3146
217,S1,0.2914
217,S2,0.3037
217,S3,0.2554
217,S4,0.2614
217,S5,0.193
217,S6,0.306
217,S7,0.3752
217,S8,0.2385
217,S9,0.3351
217,S10,0.1647
217,S11,0.2393
217,S12,0.1774
217,S13,0.5202
217,S14,0.3008
217,S15,0.2388
217,S16,0.3257
217,S17,0.4497
217,S18,0.1832
217,S19,0.3047
217,S20,0.2888
217,S21,0.2427
217,S22,0.3575
217,S23,0.2723
217,S24,0.3854
218,S1,0.2892
218,S2,0.2846
218,S3,0.2654
218,S4,0.4712
218,S5,0.1441
218,S6,0.3515
218,S7,0.3626
218,S8,0.253
218,S9,0.3102
218,S10,0.1524
218,S11,0.3067
218,S12,0.2639
218,S13,0.4579
218,S14,0.2992
218,S15,0.22
218,S16,0.2753
218,S17,0.3298
218,S18,0.2531
218,S19,0.2689
218,S20,0.2379
218,S21,0.1964
218,S22,0.211
218,S23,0.1673
218,S24,0.2706
219,S1,0.3364
219,S2,0.2557
219,S3,0.1686
219,S4,0.4682
219,S5,0.2501
219,S6,0.2392
219,S7,0.3691
219,S8,0.2348
219,S9,0.3921
219,S10,0.1533
219,S11,0.3249
219,S12,0.2078
219,S13,0.2809
219,S14,0.3434
219,S15,0.3145
219,S16,0.607
219,S17,0.2153
219,S18,0.2659
219,S19,0.306
219,S20,0.3084
219,S21,0.1529
219,S22,0.2242
219,S23,0.169
219,S24,0.3555
220,S1,0.3197
220,S2,0.3395
220,S3,0.3013
220,S4,0.3733
220,S5,0.2648
220,S6,0.3069
220,S7,0.2648
220,S8,0.2757
220,S9,0.2783
220,S10,0.2167
220,S11,0.3506
220,S12,0.2546
220,S13,0.2686
220,S14,0.2449
220,S15,0.3161
220,S16,0.3865
220,S17,0.2878
220,S18,0.2687
220,S19,0.3798
220,S20,0.2815
220,S21,0.2076
220,S22,0.2812
220,S23,0.2343
220,S24,0.3887
221,S1,0.3478
221,S2,0.3649
221,S3,0.2435
221,S4,0.2766
221,S5,0.1696
221,S6,0.2279
221,S7,0.3309
221,S8,0.2701
221,S9,0.2657
221,S10,0.1902
221,S11,0.2316
221,S12,0.2212
221,S13,0.2676
221,S14,0.2868
221,S15,0.2403
221,S16,0.4432
221,S17,0.296
221,S18,0.1774
221,S19,0.4056
221,S20,0.2779
221,S21,0.2253
221,S22,0.2994
221,S23,0.1793
221,S24,0.3652
222,S1,0.4015
222,S2,0.1952
222,S3,0.2231
222,S4,0.3163
222,S5,0.2102
222,S6,0.351
222,S7,0.296
222,S8,0.1951
222,S9,0.2842
222,S10,0.1539
222,S11,0.2482
222,S12,0.2693
222,S13,0.3025
222,S14,0.3257
222,S15,0.1649
222,S16,0.3551
222,S17,0.2647
222,S18,0.3115
222,S19,0.315
222,S20,0.1493
222,S21,0.13
222,S22,0.302
222,S23,0.2246
222,S24,0.3763
223,S1,0.379
223,S2,0.3697
223,S3,0.223
223,S4,0.393
223,S5,0.1347
223,S6,0.2321
223,S7,0.2235
223,S8,0.2048
223,S9,0.3137
223,S10,0.1875
223,S11,0.27
223,S12,0.19
223,S13,0.3687
223,S14,0.2102
223,S15,0.3182
223,S16,0.3757
223,S17,0.2556
223,S18,0.3075
223,S19,0.2505
223,S20,0.2066
223,S21,0.1692
223,S22,0.2959
223,S23,0.2173
223,S24,0.4018
224,S1,0.5553
224,S2,0.165
224,S3,0.2804
224,S4,0.2962
224,S5,0.1765
224,S6,0.2482
224,S7,0.2864
224,S8,0.2897
224,S9,0.37
224,S10,0.1842
224,S11,0.3387
224,S12,0.1627
224,S13,0.2813
224,S14,0.1693
224,S15,0.215
224,S16,0.4129
224,S17,0.2892
224,S18,0.2403
224,S19,0.2393
224,S20,0.3095
224,S21,0.2271
224,S22,0.344
224,S23,0.1243
224,S24,0.3718
225,S1,0.2796
225,S2,0.2762
225,S3,0.2767
225,S4,0.3394
225,S5,0.1659
225,S6,0.2837
225,S7,0.2428
225,S8,0.2665
225,S9,0.3037
225,S10,0.2243
225,S11,0.2386
225,S12,0.2089
225,S13,0.3247
225,S14,0.3526
225,S15,0.2145
225,S16,0.4516
225,S17,0.2617
225,S18,0.1411
225,S19,0.2953
225,S20,0.2038
225,S21,0.2181
225,S22,0.2286
225,S23,0.237
225,S24,0.3436
226,S1,0.3536
226,S2,0.3394
226,S3,0.2982
226,S4,0.332
226,S5,0.1692
226,S6,0.1828
226,S7,0.302
226,S8,0.1899
226,S9,0.3234
226,S10,0.1707
226,S11,0.3034
226,S12,0.2047
226,S13,0.379
226,S14,0.371
226,S15,0.2671
226,S16,0.3952
226,S17,0.2492
226,S18,0.2038
226,S19,0.2766
226,S20,0.2378
226,S21,0.2494
226,S22,0.2867
226,S23,0.146
226,S24,0.4738
227,S1,0.3901
227,S2,0.2156
227,S3,0.2279
227,S4,0.3407
227,S5,0.2682
227,S6,0.2205
227,S7,0.4183
227,S8,0.2773
227,S9,0.2769
227,S10,0.1732
227,S11,0.2114
227,S12,0.2238
227,S13,0.3805
227,S14,0.3396
227,S15,0.3045
227,S16,0.3402
227,S17,0.1719
227,S18,0.2323
227,S19,0.3529
227,S20,0.28
227,S21,0.2025
227,S22,0.3075
227,S23,0.2606
227,S24,0.3767
228,S1,0.3393
228,S2,0.27
228,S3,0.2415
228,S4,0.4424
228,S5,0.1927
228,S6,0.2822
228,S7,0.3162
228,S8,0.2643
228,S9,0.4408
228,S10,0.1999
228,S11,0.2711
228,S12,0.235
228,S13,0.2005
228,S14,0.3447
228,S15,0.2567
228,S16,0.4343
228,S17,0.243
228,S18,0.2154
228,S19,0.3059
228,S20,0.3212
228,S21,0.2003
228,S22,0.425
228,S23,0.2172
228,S24,0.2607
229,S1,0.3572
229,S2,0.2609
229,S3,0.1403
229,S4,0.44
229,S5,0.2281
229,S6,0.3135
229,S7,0.3616
229,S8,0.1568
229,S9,0.286
229,S10,0.2142
229,S11,0.2106
229,S12,0.1152
229,S13,0.3659
229,S14,0.2915
229,S15,0.2568
229,S16,0.4583
229,S17,0.3195
229,S18,0.2454
229,S19,0.413
229,S20,0.1857
229,S21,0.2385
229,S22,0.3376
229,S23,0.1504
229,S24,0.2448
230,S1,0.312
230,S2,0.2603
230,S3,0.2877
230,S4,0.2924
230,S5,0.1657
230,S6,0.2487
230,S7,0.4283
230,S8,0.2172
230,S9,0.3053
230,S10,0.1793
230,S11,0.3356
230,S12,0.1984
230,S13,0.4842
230,S14,0.3126
230,S15,0.242
230,S16,0.6001
230,S17,0.2235
230,S18,0.2168
230,S19,0.2512
230,S20,0.3175
230,S21,0.2899
230,S22,0.4002
230,S23,0.249
230,S24,0.3362
231,S1,0.3399
231,S2,0.1997
231,S3,0.3518
231,S4,0.3646
231,S5,0.1803
231,S6,0.3586
231,S7,0.2819
231,S8,0.2343
231,S9,0.3057
231,S10,0.2068
231,S11,0.2633
231,S12,0.1656
231,S13,0.3891
231,S14,0.3629
231,S15,0.2485
231,S16,0.462
231,S17,0.2241
231,S18,0.2321
231,S19,0.2917
231,S20,0.3065
231,S21,0.218
231,S22,0.3414
231,S23,0.2435
231,S24,0.3984
232,S1,0.3867
232,S2,0.2401
232,S3,0.2499
232,S4,0.2978
232,S5,0.1862
232,S6,0.2621
232,S7,0.2814
232,S8,0.1318
232,S9,0.2744
232,S10,0.1904
232,S11,0.1948
232,S12,0.2341
232,S13,0.529
232,S14,0.3614
232,S15,0.3322
232,S16,0.4313
232,S17,0.3495
232,S18,0.1995
232,S19,0.2904
232,S20,0.1206
232,S21,0.2681
232,S22,0.3924
232,S23,0.1779
232,S24,0.3322
233,S1,0.3114
233,S2,0.323
233,S3,0.3062
233,S4,0.2171
233,S5,0.2164
233,S6,0.2677
233,S7,0.3579
233,S8,0.2366
233,S9,0.3047
233,S10,0.1795
233,S11,0.2553
233,S12,0.2786
233,S13,0.4154
233,S14,0.3132
233,S15,0.1865
233,S16,0.3697
233,S17,0.3343
233,S18,0.2351
233,S19,0.3773
233,S20,0.3609
233,S21,0.2617
233,S22,0.3056
233,S23,0.1796
233,S24,0.1713
234,S1,0.3543
234,S2,0.2804
234,S3,0.2695
234,S4,0.3231
234,S5,0.1872
234,S6,0.1825
234,S7,0.2842
234,S8,0.2373
234,S9,0.4253
234,S10,0.1798
234,S11,0.2841
234,S12,0.2778
234,S13,0.3212
234,S14,0.322
234,S15,0.213
234,S16,0.4692
234,S17,0.2919
234,S18,0.2473
234,S19,0.2812
234,S20,0.3044
234,S21,0.307
234,S22,0.2395
234,S23,0.1864
234,S24,0.3662
235,S1,0.4243
235,S2,0.2664
235,S3,0.1083
235,S4,0.4239
235,S5,0.2304
235,S6,0.1846
235,S7,0.3075
235,S8,0.2846
235,S9,0.4084
235,S10,0.2178
235,S11,0.2573
235,S12,0.2372
235,S13,0.3733
235,S14,0.3677
235,S15,0.2062
235,S16,0.3355
235,S17,0.3406
235,S18,0.2313
235,S19,0.4252
235,S20,0.2309
235,S21,0.2143
235,S22,0.2447
235,S23,0.2003
235,S24,0.2465
236,S1,0.3309
236,S2,0.2138
236,S3,0.2847
236,S4,0.3811
236,S5,0.1308
236,S6,0.3589
236,S7,0.5248
236,S8,0.2187
236,S9,0.2761
236,S10,0.2869
236,S11,0.1963
236,S12,0.2343
236,S13,0.3971
236,S14,0.3807
236,S15,0.268
236,S16,0.3601
236,S17,0.2294
236,S18,0.2174
236,S19,0.2662
236,S20,0.2692
236,S21,0.1922
236,S22,0.2104
236,S23,0.2502
236,S24,0.3152
237,S1,0.2737
237,S2,0.2899
237,S3,0.2534
237,S4,0.2169
237,S5,0.2133
237,S6,0.224
237,S7,0.4698
237,S8,0.2394
237,S9,0.2913
237,S10,0.156
237,S11,0.2611
237,S12,0.2619
237,S13,0.3814
237,S14,0.287
237,S15,0.2529
237,S16,0.3517
237,S17,0.2639
237,S18,0.136
237,S19,0.3982
237,S20,0.2826
237,S21,0.1832
237,S22,0.4139
237,S23,0.2035
237,S24,0.2775
238,S1,0.4295
238,S2,0.3239
238,S3,0.2697
238,S4,0.3049
238,S5,0.218
238,S6,0.2685
238,S7,0.3889
238,S8,0.1341
238,S9,0.2892
238,S10,0.2465
238,S11,0.2258
238,S12,0.2052
238,S13,0.349
238,S14,0.2271
238,S15,0.1396
238,S16,0.3816
238,S17,0.291
238,S18,0.2309
238,S19,0.3237
238,S20,0.269
238,S21,0.261
238,S22,0.2886
238,S23,0.177
238,S24,0.3303
239,S1,0.4092
239,S2,0.3847
239,S3,0.2186
239,S4,0.3399
239,S5,0.2135
239,S6,0.2271
239,S7,0.3514
239,S8,0.1532
239,S9,0.2046
239,S10,0.1968
239,S11,0.2462
239,S12,0.2428
239,S13,0.382
239,S14,0.2414
239,S15,0.2477
239,S16,0.3014
239,S17,0.3622
239,S18,0.1701
239,S19,0.3203
239,S20,0.2111
239,S21,0.2414
239,S22,0.2801
239,S23,0.1793
239,S24,0.4097
240,S1,0.3688
240,S2,0.331
240,S3,0.2009
240,S4,0.2397
240,S5,0.2043
240,S6,0.2653
240,S7,0.3939
240,S8,0.2132
240,S9,0.3297
240,S10,0.1238
240,S11,0.3674
240,S12,0.2257
240,S13,0.4368
240,S14,0.2498
240,S15,0.2654
240,S16,0.2958
240,S17,0.309
240,S18,0.2167
240,S19,0.3353
240,S20,0.3039
240,S21,0.1633
240,S22,0.2589
240,S23,0.2183
240,S24,0.4969
241,S1,0.3565
241,S2,0.3355
241,S3,0.2447
241,S4,0.4628
241,S5,0.1301
241,S6,0.2887
241,S7,0.2362
241,S8,0.108
241,S9,0.3355
241,S10,0.1884
241,S11,0.2515
241,S12,0.2284
241,S13,0.6209
241,S14,0.2845
241,S15,0.2755
241,S16,0.3481
241,S17,0.3001
241,S18,0.2222
241,S19,0.306
241,S20,0.3637
241,S21,0.2677
241,S22,0.3082
241,S23,0.1078
241,S24,0.3247
242,S1,0.5649
242,S2,0.2862
242,S3,0.3052
242,S4,0.4295
242,S5,0.2088
242,S6,0.2356
242,S7,0.1795
242,S8,0.2463
242,S9,0.2651
242,S10,0.1898
242,S11,0.2
242,S12,0.221
242,S13,0.3859
242,S14,0.3161
242,S15,0.1943
242,S16,0.4958
242,S17,0.2495
242,S18,0.1552
242,S19,0.3261
242,S20,0.2685
242,S21,0.2236
242,S22,0.3817
242,S23,0.1905
242,S24,0.3416
243,S1,0.2858
243,S2,0.3492
243,S3,0.2592
243,S4,0.3053
243,S5,0.1238
243,S6,0.3652
243,S7,0.2641
243,S8,0.191
243,S9,0.3394
243,S10,0.1395
243,S11,0.187
243,S12,0.1342
243,S13,0.4386
243,S14,0.2673
243,S15,0.3964
243,S16,0.3205
243,S17,0.2311
243,S18,0.2069
243,S19,0.3495
243,S20,0.2416
243,S21,0.2432
243,S22,0.2413
243,S23,0.1447
243,S24,0.2241
244,S1,0.2036
244,S2,0.2689
244,S3,0.235
244,S4,0.2912
244,S5,0.2497
244,S6,0.3529
244,S7,0.3266
244,S8,0.1389
244,S9,0.2808
244,S10,0.1613
244,S11,0.2316
244,S12,0.2008
244,S13,0.3332
244,S14,0.2768
244,S15,0.2182
244,S16,0.4167
244,S17,0.3038
244,S18,0.1908
244,S19,0.4181
244,S20,0.2144
244,S21,0.1466
244,S22,0.3228
244,S23,0.1673
244,S24,0.3725
245,S1,0.1904
245,S2,0.3835
245,S3,0.2836
245,S4,0.2333
245,S5,0.1408
245,S6,0.3781
245,S7,0.2984
245,S8,0.1805
245,S9,0.1732
245,S10,0.1705
245,S11,0.2545
245,S12,0.2667
245,S13,0.2761
245,S14,0.2088
245,S15,0.2725
245,S16,0.4805
245,S17,0.1943
245,S18,0.2838
245,S19,0.3358
245,S20,0.3249
245,S21,0.2136
245,S22,0.1487
245,S23,0.1939
245,S24,0.4242
246,S1,0.3011
246,S2,0.2767
246,S3,0.2412
246,S4,0.14
246,S5,0.2669
246,S6,0.2323
246,S7,0.3854
246,S8,0.2129
246,S9,0.3963
246,S10,0.1982
246,S11,0.2541
246,S12,0.1916
246,S13,0.4445
246,S14,0.1876
246,S15,0.2823
246,S16,0.3121
246,S17,0.3543
246,S18,0.2409
246,S19,0.3763
246,S20,0.271
246,S21,0.1407
246,S22,0.2484
246,S23,0.2269
246,S24,0.3617
247,S1,0.4533
247,S2,0.3242
247,S3,0.2017
247,S4,0.2803
247,S5,0.2041
247,S6,0.1522
247,S7,0.4671
247,S8,0.2358
247,S9,0.3944
247,S10,0.1254
247,S11,0.333
247,S12,0.3375
247,S13,0.2821
247,S14,0.3463
247,S15,0.2501
247,S16,0.2764
247,S17,0.3113
247,S18,0.2722
247,S19,0.2933
247,S20,0.3288
247,S21,0.1444
247,S22,0.2103
247,S23,0.2055
247,S24,0.3518
248,S1,0.3141
248,S2,0.3486
248,S3,0.2765
248,S4,0.3905
248,S5,0.1951
248,S6,0.3175
248,S7,0.3188
248,S8,0.3057
248,S9,0.2652
248,S10,0.2605
248,S11,0.2685
248,S12,0.1691
248,S13,0.4882
248,S14,0.3076
248,S15,0.2926
248,S16,0.4979
248,S17,0.3025
248,S18,0.2057
248,S19,0.3984
248,S20,0.2667
248,S21,0.2464
248,S22,0.1708
248,S23,0.2179
248,S24,0.3053
249,S1,0.4879
249,S2,0.3374
249,S3,0.262
249,S4,0.3658
249,S5,0.1601
249,S6,0.3753
249,S7,0.4894
249,S8,0.2337
249,S9,0.4174
249,S10,0.1625
249,S11,0.2242
249,S12,0.2352
249,S13,0.4167
249,S14,0.2764
249,S15,0.2769
249,S16,0.4245
249,S17,0.2268
249,S18,0.2575
249,S19,0.3909
249,S20,0.2758
249,S21,0.2666
249,S22,0.227
249,S23,0.2187
249,S24,0.2681
250,S1,0.285
250,S2,0.2621
250,S3,0.2029
250,S4,0.2968
250,S5,0.1914
250,S6,0.3308
250,S7,0.3275
250,S8,0.148
250,S9,0.3889
250,S10,0.1526
250,S11,0.2635
250,S12,0.2542
250,S13,0.3986
250,S14,0.3657
250,S15,0.274
250,S16,0.3311
250,S17,0.4068
250,S18,0.2424
250,S19,0.3235
250,S20,0.3181
250,S21,0.2275
250,S22,0.324
250,S23,0.2997
250,S24,0.3307
251,S1,0.3434
251,S2,0.307
251,S3,0.3036
251,S4,0.2329
251,S5,0.1214
251,S6,0.2501
251,S7,0.2356
251,S8,0.1983
251,S9,0.3485
251,S10,0.1507
251,S11,0.1906
251,S12,0.2366
251,S13,0.4495
251,S14,0.1983
251,S15,0.291
251,S16,0.4654
251,S17,0.3374
251,S18,0.2902
251,S19,0.4801
251,S20,0.2477
251,S21,0.2214
251,S22,0.275
251,S23,0.2001
251,S24,0.4573
252,S1,0.268
252,S2,0.2483
252,S3,0.3189
252,S4,0.4013
252,S5,0.1855
252,S6,0.3317
252,S7,0.3739
252,S8,0.2817
252,S9,0.3214
252,S10,0.2209
252,S11,0.4076
252,S12,0.2612
252,S13,0.3871
252,S14,0.3433
252,S15,0.2317
252,S16,0.591
252,S17,0.2935
252,S18,0.2206
252,S19,0.2776
252,S20,0.3252
252,S21,0.2542
252,S22,0.2702
252,S23,0.2231
252,S24,0.2444
253,S1,0.3802
253,S2,0.3272
253,S3,0.3354
253,S4,0.2819
253,S5,0.1489
253,S6,0.2326
253,S7,0.2564
253,S8,0.2746
253,S9,0.4147
253,S10,0.1951
253,S11,0.3318
253,S12,0.2396
253,S13,0.376
253,S14,0.28
253,S15,0.2345
253,S16,0.2762
253,S17,0.2983
253,S18,0.2315
253,S19,0.383
253,S20,0.2717
253,S21,0.2096
253,S22,0.2477
253,S23,0.2029
253,S24,0.4017
254,S1,0.2828
254,S2,0.3052
254,S3,0.2617
254,S4,0.2855
254,S5,0.1765
254,S6,0.2964
254,S7,0.2707
254,S8,0.2318
254,S9,0.26
254,S10,0.2223
254,S11,0.3914
254,S12,0.1932
254,S13,0.4243
254,S14,0.2564
254,S15,0.302
254,S16,0.2988
254,S17,0.3106
254,S18,0.1926
254,S19,0.3195
254,S20,0.2117
254,S21,0.2523
254,S22,0.2498
254,S23,0.2221
254,S24,0.3259
255,S1,0.3583
255,S2,0.3089
255,S3,0.2119
255,S4,0.3474
255,S5,0.2612
255,S6,0.2392
255,S7,0.432
255,S8,0.2816
255,S9,0.265
255,S10,0.13
255,S11,0.2828
255,S12,0.2078
255,S13,0.5266
255,S14,0.3021
255,S15,0.2099
255,S16,0.3082
255,S17,0.3451
255,S18,0.2067
255,S19,0.3363
255,S20,0.3176
255,S21,0.1957
255,S22,0.2972
255,S23,0.1993
255,S24,0.3978
256,S1,0.41
256,S2,0.2868
256,S3,0.2532
256,S4,0.3085
256,S5,0.1409
256,S6,0.2979
256,S7,0.4825
256,S8,0.1784
256,S9,0.2677
256,S10,0.1514
256,S11,0.3053
256,S12,0.2543
256,S13,0.3712
256,S14,0.2449
256,S15,0.2546
256,S16,0.2748
256,S17,0.2915
256,S18,0.274
256,S19,0.2499
256,S20,0.1849
256,S21,0.2851
256,S22,0.2633
256,S23,0.2454
256,S24,0.3392
257,S1,0.3548
257,S2,0.3263
257,S3,0.2058
257,S4,0.3422
257,S5,0.1847
257,S6,0.2085
257,S7,0.3736
257,S8,0.2053
257,S9,0.3067
257,S10,0.139
257,S11,0.3515
257,S12,0.2742
257,S13,0.4573
257,S14,0.2817
257,S15,0.1635
257,S16,0.5562
257,S17,0.2799
257,S18,0.1984
257,S19,0.3611
257,S20,0.3289
257,S21,0.2157
257,S22,0.3767
257,S23,0.2433
257,S24,0.2747
258,S1,0.3173
258,S2,0.3575
258,S3,0.1144
258,S4,0.3234
258,S5,0.1428
258,S6,0.2563
258,S7,0.3291
258,S8,0.2011
258,S9,0.2817
258,S10,0.1431
258,S11,0.3889
258,S12,0.3205
258,S13,0.2942
258,S14,0.3949
258,S15,0.23
258,S16,0.4103
258,S17,0.2797
258,S18,0.2025
258,S19,0.3989
258,S20,0.2734
258,S21,0.196
258,S22,0.2217
258,S23,0.1643
258,S24,0.2351
259,S1,0.3676
259,S2,0.2282
259,S3,0.2367
259,S4,0.4247
259,S5,0.248
259,S6,0.2815
259,S7,0.3439
259,S8,0.2981
259,S9,0.3496
259,S10,0.1713
259,S11,0.1906
259,S12,0.2517
259,S13,0.4469
259,S14,0.2621
259,S15,0.2646
259,S16,0.3709
259,S17,0.2729
259,S18,0.1172
259,S19,0.3185
259,S20,0.3184
259,S21,0.1893
259,S22,0.3032
259,S23,0.1698
259,S24,0.3752
260,S1,0.3508
260,S2,0.2436
260,S3,0.3166
260,S4,0.3953
260,S5,0.1758
260,S6,0.3115
260,S7,0.3876
260,S8,0.2445
260,S9,0.2094
260,S10,0.2202
260,S11,0.2363
260,S12,0.2166
260,S13,0.5856
260,S14,0.3181
260,S15,0.2307
260,S16,0.2236
260,S17,0.3621
260,S18,0.1706
260,S19,0.2664
260,S20,0.249
260,S21,0.278
260,S22,0.3464
260,S23,0.1937
260,S24,0.3716
261,S1,0.3226
261,S2,0.3084
261,S3,0.2537
261,S4,0.3979
261,S5,0.2387
261,S6,0.3113
261,S7,0.3246
261,S8,0.2488
261,S9,0.3108
261,S10,0.1437
261,S11,0.2452
261,S12,0.2373
261,S13,0.4531
261,S14,0.289
261,S15,0.1895
261,S16,0.4045
261,S17,0.2898
261,S18,0.242
261,S19,0.3947
261,S20,0.321
261,S21,0.1909
261,S22,0.263
261,S23,0.1584
261,S24,0.3989
262,S1,0.4729
262,S2,0.2811
262,S3,0.2379
262,S4,0.4311
262,S5,0.2202
262,S6,0.3081
262,S7,0.2666
262,S8,0.2461
262,S9,0.2578
262,S10,0.1418
262,S11,0.2482
262,S12,0.206
262,S13,0.3663
262,S14,0.2135
262,S15,0.2979
262,S16,0.4902
262,S17,0.173
262,S18,0.279
262,S19,0.2793
262,S20,0.3124
262,S21,0.2137
262,S22,0.3017
262,S23,0.1926
262,S24,0.4348
263,S1,0.2758
263,S2,0.3365
263,S3,0.3051
263,S4,0.3811
263,S5,0.293
263,S6,0.2534
263,S7,0.417
263,S8,0.2121
263,S9,0.3948
263,S10,0.1831
263,S11,0.246
263,S12,0.2943
263,S13,0.3456
263,S14,0.2152
263,S15,0.2242
263,S16,0.4495
263,S17,0.3622
263,S18,0.2385
263,S19,0.4212
263,S20,0.1942
263,S21,0.1975
263,S22,0.2827
263,S23,0.1954
263,S24,0.3559
264,S1,0.4173
264,S2,0.2733
264,S3,0.257
264,S4,0.3303
264,S5,0.163
264,S6,0.2769
264,S7,0.3399
264,S8,0.2095
264,S9,0.3187
264,S10,0.1861
264,S11,0.2436
264,S12,0.2927
264,S13,0.2937
264,S14,0.2567
264,S15,0.389
264,S16,0.317
264,S17,0.2066
264,S18,0.2676
264,S19,0.1949
264,S20,0.2541
264,S21,0.3097
264,S22,0.2073
264,S23,0.1207
264,S24,0.2451
265,S1,0.4325
265,S2,0.3675
265,S3,0.2244
265,S4,0.3789
265,S5,0.2556
265,S6,0.3846
265,S7,0.3328
265,S8,0.1169
265,S9,0.2647
265,S10,0.1677
265,S11,0.2529
265,S12,0.2246
265,S13,0.4691
265,S14,0.3765
265,S15,0.2414
265,S16,0.4879
265,S17,0.3036
265,S18,0.2363
265,S19,0.3938
265,S20,0.2705
265,S21,0.3058
265,S22,0.2137
265,S23,0.1794
265,S24,0.3411
266,S1,0.3989
266,S2,0.3761
266,S3,0.2488
266,S4,0.2385
266,S5,0.2337
266,S6,0.3261
266,S7,0.2141
266,S8,0.2165
266,S9,0.216
266,S10,0.159
266,S11,0.2185
266,S12,0.2711
266,S13,0.3923
266,S14,0.2229
266,S15,0.294
266,S16,0.2853
266,S17,0.302
266,S18,0.1953
266,S19,0.309
266,S20,0.2936
266,S21,0.2393
266,S22,0.3802
266,S23,0.1967
266,S24,0.3715
267,S1,0.3346
267,S2,0.3109
267,S3,0.272
267,S4,0.3268
267,S5,0.1278
267,S6,0.3021
267,S7,0.3755
267,S8,0.1872
267,S9,0.2353
267,S10,0.2374
267,S11,0.2929
267,S12,0.2226
267,S13,0.2962
267,S14,0.2507
267,S15,0.3151
267,S16,0.411
267,S17,0.2521
267,S18,0.2571
267,S19,0.279
267,S20,0.3467
267,S21,0.2753
267,S22,0.272
267,S23,0.1749
267,S24,0.1667
268,S1,0.258
268,S2,0.2196
268,S3,0.2568
268,S4,0.3116
268,S5,0.1462
268,S6,0.2674
268,S7,0.3854
268,S8,0.2395
268,S9,0.1964
268,S10,0.1786
268,S11,0.1929
268,S12,0.2754
268,S13,0.4435
268,S14,0.2461
268,S15,0.2117
268,S16,0.3631
268,S17,0.1557
268,S18,0.249
268,S19,0.3151
268,S20,0.3184
268,S21,0.1691
268,S22,0.2629
268,S23,0.1397
268,S24,0.2797
269,S1,0.28
269,S2,0.3598
269,S3,0.2151
269,S4,0.3416
269,S5,0.1848
269,S6,0.2114
269,S7,0.3382
269,S8,0.2426
269,S9,0.2402
269,S10,0.213
269,S11,0.2213
269,S12,0.2108
269,S13,0.424
269,S14,0.2602
269,S15,0.2519
269,S16,0.3748
269,S17,0.2907
269,S18,0.1222
269,S19,0.2114
269,S20,0.2995
269,S21,0.2616
269,S22,0.2454
269,S23,0.1902
269,S24,0.3706
270,S1,0.4175
270,S2,0.1783
270,S3,0.2057
270,S4,0.3112
270,S5,0.2281
270,S6,0.4249
270,S7,0.334
270,S8,0.1557
270,S9,0.3421
270,S10,0.2318
270,S11,0.2724
270,S12,0.191
270,S13,0.4568
270,S14,0.3398
270,S15,0.1987
270,S16,0.4305
270,S17,0.3398
270,S18,0.2885
270,S19,0.3289
270,S20,0.2476
270,S21,0.2698
270,S22,0.2274
270,S23,0.2175
270,S24,0.2541
271,S1,0.4448
271,S2,0.2845
271,S3,0.3134
271,S4,0.3661
271,S5,0.1511
271,S6,0.3641
271,S7,0.4586
271,S8,0.2549
271,S9,0.2684
271,S10,0.1721
271,S11,0.2744
271,S12,0.2005
271,S13,0.5131
271,S14,0.3087
271,S15,0.1148
271,S16,0.4271
271,S17,0.2636
271,S18,0.2298
271,S19,0.3088
271,S20,0.3097
271,S21,0.2652
271,S22,0.317
271,S23,0.1864
271,S24,0.3471
272,S1,0.3681
272,S2,0.2519
272,S3,0.2789
272,S4,0.364
272,S5,0.2616
272,S6,0.3545
272,S7,0.302
272,S8,0.2522
272,S9,0.2564
272,S10,0.2089
272,S11,0.2391
272,S12,0.1856
272,S13,0.4048
272,S14,0.1395
272,S15,0.1625
272,S16,0.3858
272,S17,0.288
272,S18,0.2161
272,S19,0.228
272,S20,0.223
272,S21,0.2336
272,S22,0.3349
272,S23,0.1994
272,S24,0.431
273,S1,0.3958
273,S2,0.2552
273,S3,0.236
273,S4,0.2398
273,S5,0.1957
273,S6,0.3464
273,S7,0.398
273,S8,0.2774
273,S9,0.2975
273,S10,0.2327
273,S11,0.2564
273,S12,0.302
273,S13,0.3817
273,S14,0.3424
273,S15,0.3238
273,S16,0.3845
273,S17,0.2957
273,S18,0.2935
273,S19,0.3245
273,S20,0.1962
273,S21,0.3095
273,S22,0.2718
273,S23,0.2064
273,S24,0.4309
274,S1,0.322
274,S2,0.2395
274,S3,0.2627
274,S4,0.2138
274,S5,0.1885
274,S6,0.2972
274,S7,0.3311
274,S8,0.1498
274,S9,0.4176
274,S10,0.1871
274,S11,0.343
274,S12,0.2212
274,S13,0.3159
274,S14,0.3162
274,S15,0.2392
274,S16,0.3058
274,S17,0.3666
274,S18,0.2043
274,S19,0.2106
274,S20,0.3375
274,S21,0.1948
274,S22,0.2635
274,S23,0.1294
274,S24,0.4719
275,S1,0.2721
275,S2,0.3035
275,S3,0.2956
275,S4,0.3614
275,S5,0.1976
275,S6,0.1869
275,S7,0.2933
275,S8,0.2248
275,S9,0.2668
275,S10,0.1908
275,S11,0.303
275,S12,0.2783
275,S13,0.2893
275,S14,0.4318
275,S15,0.2884
275,S16,0.3999
275,S17,0.3451
275,S18,0.3437
275,S19,0.2374
275,S20,0.2547
275,S21,0.1136
275,S22,0.3116
275,S23,0.2146
275,S24,0.3473
276,S1,0.3187
276,S2,0.177
276,S3,0.2687
276,S4,0.4304
276,S5,0.1764
276,S6,0.3083
276,S7,0.2402
276,S8,0.2365
276,S9,0.2918
276,S10,0.1554
276,S11,0.2261
276,S12,0.215
276,S13,0.4127
276,S14,0.2213
276,S15,0.2301
276,S16,0.3967
276,S17,0.2211
276,S18,0.3172
276,S19,0.2764
276,S20,0.231
276,S21,0.1743
276,S22,0.4079
276,S23,0.2221
276,S24,0.2844
277,S1,0.4478
277,S2,0.312
277,S3,0.2629
277,S4,0.3104
277,S5,0.17
277,S6,0.3025
277,S7,0.3118
277,S8,0.2954
277,S9,0.2363
277,S10,0.2397
277,S11,0.2607
277,S12,0.2473
277,S13,0.4472
277,S14,0.2622
277,S15,0.2932
277,S16,0.1834
277,S17,0.2425
277,S18,0.1902
277,S19,0.2498
277,S20,0.2552
277,S21,0.2334
277,S22,0.3422
277,S23,0.2096
277,S24,0.3034
278,S1,0.3937
278,S2,0.3075
278,S3,0.2968
278,S4,0.3851
278,S5,0.2012
278,S6,0.2325
278,S7,0.3043
278,S8,0.1928
278,S9,0.2967
278,S10,0.1932
278,S11,0.3048
278,S12,0.2309
278,S13,0.3846
278,S14,0.3086
278,S15,0.2242
278,S16,0.326
278,S17,0.1839
278,S18,0.2009
278,S19,0.3649
278,S20,0.2292
278,S21,0.2064
278,S22,0.328
278,S23,0.2208
278,S24,0.2744
279,S1,0.4398
279,S2,0.3676
279,S3,0.1935
279,S4,0.2784
279,S5,0.2476
279,S6,0.275
279,S7,0.1946
279,S8,0.156
279,S9,0.3009
279,S10,0.1407
279,S11,0.2446
279,S12,0.2348
279,S13,0.4954
279,S14,0.2826
279,S15,0.3036
279,S16,0.5143
279,S17,0.3646
279,S18,0.2466
279,S19,0.2024
279,S20,0.2912
279,S21,0.2621
279,S22,0.2951
279,S23,0.2698
279,S24,0.4102
280,S1,0.4083
280,S2,0.3652
280,S3,0.2667
280,S4,0.1671
280,S5,0.18
280,S6,0.3512
280,S7,0.2935
280,S8,0.207
280,S9,0.2505
280,S10,0.2487
280,S11,0.3563
280,S12,0.1921
280,S13,0.3946
280,S14,0.2592
280,S15,0.2807
280,S16,0.4408
280,S17,0.3293
280,S18,0.2488
280,S19,0.529
280,S20,0.2118
280,S21,0.1425
280,S22,0.2764
280,S23,0.1373
280,S24,0.2455
281,S1,0.2932
281,S2,0.2447
281,S3,0.2023
281,S4,0.3679
281,S5,0.1798
281,S6,0.2732
281,S7,0.4126
281,S8,0.1835
281,S9,0.2999
281,S10,0.1967
281,S11,0.1631
281,S12,0.122
281,S13,0.4099
281,S14,0.3295
281,S15,0.3532
281,S16,0.4126
281,S17,0.3298
281,S18,0.2242
281,S19,0.3531
281,S20,0.3556
281,S21,0.1246
281,S22,0.3248
281,S23,0.2854
281,S24,0.3697
282,S1,0.4877
282,S2,0.2622
282,S3,0.2484
282,S4,0.3356
282,S5,0.1113
282,S6,0.2171
282,S7,0.2732
282,S8,0.2523
282,S9,0.3719
282,S10,0.1952
282,S11,0.3106
282,S12,0.2257
282,S13,0.4755
282,S14,0.3005
282,S15,0.2529
282,S16,0.3788
282,S17,0.3221
282,S18,0.2137
282,S19,0.3984
282,S20,0.2063
282,S21,0.169
282,S22,0.3412
282,S23,0.1965
282,S24,0.3182
283,S1,0.4319
283,S2,0.2636
283,S3,0.24
283,S4,0.4266
283,S5,0.2616
283,S6,0.3724
283,S7,0.3303
283,S8,0.27
283,S9,0.2566
283,S10,0.1501
283,S11,0.1413
283,S12,0.3114
283,S13,0.3171
283,S14,0.2924
283,S15,0.2045
283,S16,0.4556
283,S17,0.262
283,S18,0.1724
283,S19,0.3628
283,S20,0.1902
283,S21,0.1804
283,S22,0.1736
283,S23,0.143
283,S24,0.3625
284,S1,0.2226
284,S2,0.2111
284,S3,0.2499
284,S4,0.2971
284,S5,0.2797
284,S6,0.3873
284,S7,0.2892
284,S8,0.2408
284,S9,0.3641
284,S10,0.1614
284,S11,0.1869
284,S12,0.2328
284,S13,0.3701
284,S14,0.2739
284,S15,0.2721
284,S16,0.3399
284,S17,0.2181
284,S18,0.2384
284,S19,0.3591
284,S20,0.2039
284,S21,0.2569
284,S22,0.1938
284,S23,0.1769
284,S24,0.3319
285,S1,0.32
285,S2,0.2661
285,S3,0.3436
285,S4,0.2766
285,S5,0.2976
285,S6,0.3081
285,S7,0.3564
285,S8,0.2373
285,S9,0.4769
285,S10,0.1469
285,S11,0.2069
285,S12,0.1981
285,S13,0.3858
285,S14,0.1965
285,S15,0.2511
285,S16,0.5355
285,S17,0.2919
285,S18,0.2197
285,S19,0.2921
285,S20,0.3146
285,S21,0.1809
285,S22,0.4108
285,S23,0.2773
285,S24,0.368
286,S1,0.3658
286,S2,0.3618
286,S3,0.3047
286,S4,0.2796
286,S5,0.1789
286,S6,0.2084
286,S7,0.3786
286,S8,0.2456
286,S9,0.2312
286,S10,0.1666
286,S11,0.1948
286,S12,0.1914
286,S13,0.4256
286,S14,0.256
286,S15,0.235
286,S16,0.2698
286,S17,0.2939
286,S18,0.2313
286,S19,0.2847
286,S20,0.2566
286,S21,0.2245
286,S22,0.2511
286,S23,0.1409
286,S24,0.4764
287,S1,0.3202
287,S2,0.2942
287,S3,0.3005
287,S4,0.5686
287,S5,0.1502
287,S6,0.3088
287,S7,0.3005
287,S8,0.1933
287,S9,0.2711
287,S10,0.1421
287,S11,0.2645
287,S12,0.1645
287,S13,0.4559
287,S14,0.3033
287,S15,0.2711
287,S16,0.3627
287,S17,0.2625
287,S18,0.2468
287,S19,0.2557
287,S20,0.2476
287,S21,0.1794
287,S22,0.2466
287,S23,0.1156
287,S24,0.4438
288,S1,0.3163
288,S2,0.3698
288,S3,0.3034
288,S4,0.2476
288,S5,0.1565
288,S6,0.4284
288,S7,0.4726
288,S8,0.2153
288,S9,0.333
288,S10,0.1602
288,S11,0.2897
288,S12,0.1999
288,S13,0.2275
288,S14,0.2207
288,S15,0.2511
288,S16,0.3095
288,S17,0.2795
288,S18,0.1832
288,S19,0.2812
288,S20,0.3122
288,S21,0.2274
288,S22,0.2994
288,S23,0.2352
288,S24,0.3836
289,S1,0.4727
289,S2,0.2724
289,S3,0.2285
289,S4,0.2466
289,S5,0.1828
289,S6,0.338
289,S7,0.441
289,S8,0.2583
289,S9,0.203
289,S10,0.223
289,S11,0.1686
289,S12,0.2752
289,S13,0.3551
289,S14,0.3422
289,S15,0.1834
289,S16,0.4937
289,S17,0.2003
289,S18,0.2021
289,S19,0.2668
289,S20,0.1731
289,S21,0.2208
289,S22,0.4084
289,S23,0.3067
289,S24,0.3568
290,S1,0.4486
290,S2,0.3139
290,S3,0.2749
290,S4,0.3105
290,S5,0.2078
290,S6,0.3138
290,S7,0.3095
290,S8,0.2133
290,S9,0.313
290,S10,0.2136
290,S11,0.2098
290,S12,0.2309
290,S13,0.5299
290,S14,0.3698
290,S15,0.3175
290,S16,0.402
290,S17,0.3015
290,S18,0.2801
290,S19,0.4374
290,S20,0.1626
290,S21,0.1597
290,S22,0.3786
290,S23,0.1889
290,S24,0.303
291,S1,0.2747
291,S2,0.2667
291,S3,0.1799
291,S4,0.4727
291,S5,0.1991
291,S6,0.28
291,S7,0.3912
291,S8,0.2584
291,S9,0.3766
291,S10,0.2227
291,S11,0.233
291,S12,0.2194
291,S13,0.4423
291,S14,0.2684
291,S15,0.2497
291,S16,0.4319
291,S17,0.3278
291,S18,0.1504
291,S19,0.381
291,S20,0.2542
291,S21,0.2473
291,S22,0.3466
291,S23,0.2643
291,S24,0.4447
292,S1,0.4654
292,S2,0.3866
292,S3,0.2646
292,S4,0.3355
292,S5,0.2349
292,S6,0.3248
292,S7,0.3284
292,S8,0.2342
292,S9,0.3144
292,S10,0.152
292,S11,0.3355
292,S12,0.2359
292,S13,0.5404
292,S14,0.2025
292,S15,0.2222
292,S16,0.4026
292,S17,0.3478
292,S18,0.252
292,S19,0.354
292,S20,0.2065
292,S21,0.1665
292,S22,0.3194
292,S23,0.1454
292,S24,0.3128
293,S1,0.4034
293,S2,0.2411
293,S3,0.3303
293,S4,0.4149
293,S5,0.1371
293,S6,0.2305
293,S7,0.19
293,S8,0.1828
293,S9,0.3652
293,S10,0.1682
293,S11,0.2912
293,S12,0.1623
293,S13,0.4445
293,S14,0.2667
293,S15,0.2506
293,S16,0.3926
293,S17,0.2113
293,S18,0.1795
293,S19,0.3979
293,S20,0.2879
293,S21,0.2622
293,S22,0.3195
293,S23,0.2057
293,S24,0.2292
294,S1,0.3468
294,S2,0.2984
294,S3,0.3477
294,S4,0.3791
294,S5,0.2614
294,S6,0.3172
294,S7,0.3002
294,S8,0.2217
294,S9,0.3316
294,S10,0.1489
294,S11,0.2462
294,S12,0.2237
294,S13,0.5064
294,S14,0.1752
294,S15,0.3103
294,S16,0.3251
294,S17,0.2056
294,S18,0.2884
294,S19,0.3821
294,S20,0.3336
294,S21,0.2514
294,S22,0.4236
294,S23,0.2223
294,S24,0.339
295,S1,0.3918
295,S2,0.3746
295,S3,0.211
295,S4,0.2899
295,S5,0.1876
295,S6,0.1641
295,S7,0.3597
295,S8,0.1349
295,S9,0.32
295,S10,0.2151
295,S11,0.2412
295,S12,0.3116
295,S13,0.2714
295,S14,0.3715
295,S15,0.2838
295,S16,0.2627
295,S17,0.4369
295,S18,0.2304
295,S19,0.2748
295,S20,0.1916
295,S21,0.2071
295,S22,0.2924
295,S23,0.2041
295,S24,0.3292
296,S1,0.4131
296,S2,0.2767
296,S3,0.1533
296,S4,0.3234
296,S5,0.1053
296,S6,0.3034
296,S7,0.2814
296,S8,0.2237
296,S9,0.3999
296,S10,0.1485
296,S11,0.3233
296,S12,0.2131
296,S13,0.5177
296,S14,0.2781
296,S15,0.208
296,S16,0.455
296,S17,0.2586
296,S18,0.1941
296,S19,0.3015
296,S20,0.2643
296,S21,0.2748
296,S22,0.184
296,S23,0.2009
296,S24,0.3937
297,S1,0.3809
297,S2,0.3786
297,S3,0.2463
297,S4,0.321
297,S5,0.2237
297,S6,0.289
297,S7,0.3227
297,S8,0.239
297,S9,0.2753
297,S10,0.1609
297,S11,0.2385
297,S12,0.2965
297,S13,0.1364
297,S14,0.3237
297,S15,0.2517
297,S16,0.2655
297,S17,0.3009
297,S18,0.2555
297,S19,0.3726
297,S20,0.1252
297,S21,0.2759
297,S22,0.2557
297,S23,0.2275
297,S24,0.4019
298,S1,0.3024
298,S2,0.3396
298,S3,0.2307
298,S4,0.1952
298,S5,0.2467
298,S6,0.2394
298,S7,0.2902
298,S8,0.1992
298,S9,0.3339
298,S10,0.1812
298,S11,0.2959
298,S12,0.1708
298,S13,0.3264
298,S14,0.293
298,S15,0.3449
298,S16,0.3909
298,S17,0.3448
298,S18,0.2351
298,S19,0.3011
298,S20,0.2535
298,S21,0.2094
298,S22,0.3362
298,S23,0.255
298,S24,0.3752
299,S1,0.4537
299,S2,0.2421
299,S3,0.2293
299,S4,0.285
299,S5,0.2126
299,S6,0.263
299,S7,0.4011
299,S8,0.1763
299,S9,0.3194
299,S10,0.2085
299,S11,0.1565
299,S12,0.3323
299,S13,0.3616
299,S14,0.1785
299,S15,0.2579
299,S16,0.4027
299,S17,0.2787
299,S18,0.2796
299,S19,0.3832
299,S20,0.2826
299,S21,0.2362
299,S22,0.2937
299,S23,0.271
299,S24,0.2465
300,S1,0.3769
300,S2,0.3039
300,S3,0.2907
300,S4,0.2771
300,S5,0.1303
300,S6,0.2922
300,S7,0.3697
300,S8,0.2812
300,S9,0.2362
300,S10,0.2257
300,S11,0.3929
300,S12,0.2157
300,S13,0.2844
300,S14,0.2756
300,S15,0.2507
300,S16,0.4451
300,S17,0.2498
300,S18,0.3059
300,S19,0.259
300,S20,0.1739
300,S21,0.2646
300,S22,0.1635
300,S23,0.1918
300,S24,0.5682
301,S1,0.3658
301,S2,0.2328
301,S3,0.2471
301,S4,0.3299
301,S5,0.2064
301,S6,0.3209
301,S7,0.2773
301,S8,0.2898
301,S9,0.3322
301,S10,0.21
301,S11,0.2332
301,S12,0.2934
301,S13,0.3636
301,S14,0.3167
301,S15,0.2033
301,S16,0.3202
301,S17,0.3223
301,S18,0.2126
301,S19,0.2764
301,S20,0.2324
301,S21,0.247
301,S22,0.2623
301,S23,0.1953
301,S24,0.3511
302,S1,0.2261
302,S2,0.2117
302,S3,0.2668
302,S4,0.2842
302,S5,0.2423
302,S6,0.3381
302,S7,0.4003
302,S8,0.2955
302,S9,0.3114
302,S10,0.2071
302,S11,0.2355
302,S12,0.3478
302,S13,0.5354
302,S14,0.3007
302,S15,0.2693
302,S16,0.5087
302,S17,0.275
302,S18,0.2027
302,S19,0.3916
302,S20,0.2709
302,S21,0.2246
302,S22,0.2499
302,S23,0.1313
302,S24,0.3665
303,S1,0.433
303,S2,0.2865
303,S3,0.3218
303,S4,0.2864
303,S5,0.1578
303,S6,0.2795
303,S7,0.3442
303,S8,0.25
303,S9,0.2676
303,S10,0.2335
303,S11,0.3716
303,S12,0.2315
303,S13,0.4791
303,S14,0.2366
303,S15,0.3038
303,S16,0.4838
303,S17,0.3323
303,S18,0.2326
303,S19,0.1364
303,S20,0.2324
303,S21,0.1895
303,S22,0.2413
303,S23,0.2049
303,S24,0.3207
304,S1,0.3062
304,S2,0.2365
304,S3,0.2142
304,S4,0.4081
304,S5,0.1736
304,S6,0.2542
304,S7,0.318
304,S8,0.2314
304,S9,0.3456
304,S10,0.0717
304,S11,0.3212
304,S12,0.3004
304,S13,0.3028
304,S14,0.2417
304,S15,0.2275
304,S16,0.3395
304,S17,0.296
304,S18,0.1425
304,S19,0.2588
304,S20,0.3488
304,S21,0.1764
304,S22,0.3746
304,S23,0.2142
304,S24,0.2234
305,S1,0.4133
305,S2,0.2929
305,S3,0.2272
305,S4,0.3497
305,S5,0.219
305,S6,0.3234
305,S7,0.4325
305,S8,0.2344
305,S9,0.2295
305,S10,0.166
305,S11,0.4236
305,S12,0.2671
305,S13,0.565
305,S14,0.3837
305,S15,0.2621
305,S16,0.4241
305,S17,0.2813
305,S18,0.1522
305,S19,0.3345
305,S20,0.3312
305,S21,0.1907
305,S22,0.3247
305,S23,0.2341
305,S24,0.2863
306,S1,0.3336
306,S2,0.2389
306,S3,0.2089
306,S4,0.2475
306,S5,0.164
306,S6,0.3638
306,S7,0.2859
306,S8,0.2221
306,S9,0.2848
306,S10,0.2266
306,S11,0.3366
306,S12,0.2737
306,S13,0.4068
306,S14,0.2861
306,S15,0.1904
306,S16,0.5555
306,S17,0.2403
306,S18,0.2643
306,S19,0.404
306,S20,0.2371
306,S21,0.2616
306,S22,0.3459
306,S23,0.2691
306,S24,0.3171
307,S1,0.2724
307,S2,0.2697
307,S3,0.2604
307,S4,0.3372
307,S5,0.1843
307,S6,0.1751
307,S7,0.3829
307,S8,0.3021
307,S9,0.3461
307,S10,0.2057
307,S11,0.2972
307,S12,0.2519
307,S13,0.4548
307,S14,0.3237
307,S15,0.2344
307,S16,0.3363
307,S17,0.2692
307,S18,0.248
307,S19,0.3123
307,S20,0.2834
307,S21,0.2357
307,S22,0.35
307,S23,0.2513
307,S24,0.3555
308,S1,0.2708
308,S2,0.2793
308,S3,0.2522
308,S4,0.2109
308,S5,0.2555
308,S6,0.2914
308,S7,0.3767
308,S8,0.2758
308,S9,0.2768
308,S10,0.2044
308,S11,0.2608
308,S12,0.2247
308,S13,0.3241
308,S14,0.3999
308,S15,0.2312
308,S16,0.456
308,S17,0.1771
308,S18,0.2884
308,S19,0.4035
308,S20,0.2719
308,S21,0.2068
308,S22,0.324
308,S23,0.2916
308,S24,0.2266
309,S1,0.424
309,S2,0.2453
309,S3,0.249
309,S4,0.3168
309,S5,0.1829
309,S6,0.2827
309,S7,0.2706
309,S8,0.2613
309,S9,0.203
309,S10,0.2031
309,S11,0.2493
309,S12,0.1787
309,S13,0.3988
309,S14,0.2066
309,S15,0.252
309,S16,0.2862
309,S17,0.3095
309,S18,0.1902
309,S19,0.3033
309,S20,0.2823
309,S21,0.1832
309,S22,0.2965
309,S23,0.1394
309,S24,0.3942
310,S1,0.4961
310,S2,0.4675
310,S3,0.2546
310,S4,0.3859
310,S5,0.1288
310,S6,0.3685
310,S7,0.4043
310,S8,0.1957
310,S9,0.395
310,S10,0.174
310,S11,0.2422
310,S12,0.2555
310,S13,0.3018
310,S14,0.3613
310,S15,0.1972
310,S16,0.316
310,S17,0.2318
310,S18,0.2688
310,S19,0.2922
310,S20,0.1948
310,S21,0.1904
310,S22,0.2981
310,S23,0.1528
310,S24,0.2694
311,S1,0.5215
311,S2,0.2484
311,S3,0.2338
311,S4,0.3089
311,S5,0.1831
311,S6,0.3185
311,S7,0.4164
311,S8,0.2034
311,S9,0.2384
311,S10,0.2301
311,S11,0.2616
311,S12,0.3141
311,S13,0.2112
311,S14,0.3117
311,S15,0.3459
311,S16,0.3717
311,S17,0.2706
311,S18,0.2471
311,S19,0.2961
311,S20,0.25
311,S21,0.202
311,S22,0.2624
311,S23,0.2492
311,S24,0.3823
312,S1,0.385
312,S2,0.3485
312,S3,0.2368
312,S4,0.2817
312,S5,0.1759
312,S6,0.2834
312,S7,0.2759
312,S8,0.195
312,S9,0.284
312,S10,0.2612
312,S11,0.1187
312,S12,0.225
312,S13,0.5156
312,S14,0.3073
312,S15,0.2877
312,S16,0.408
312,S17,0.2455
312,S18,0.1287
312,S19,0.347
312,S20,0.2253
312,S21,0.182
312,S22,0.2701
312,S23,0.2698
312,S24,0.5183
313,S1,0.3826
313,S2,0.2721
313,S3,0.1911
313,S4,0.3646
313,S5,0.2713
313,S6,0.2693
313,S7,0.1835
313,S8,0.2457
313,S9,0.3791
313,S10,0.1252
313,S11,0.2761
313,S12,0.2544
313,S13,0.3777
313,S14,0.2526
313,S15,0.3008
313,S16,0.3677
313,S17,0.1992
313,S18,0.1377
313,S19,0.4174
313,S20,0.2996
313,S21,0.2205
313,S22,0.2736
313,S23,0.1788
313,S24,0.2747
314,S1,0.335
314,S2,0.1728
314,S3,0.2132
314,S4,0.3126
314,S5,0.2244
314,S6,0.2811
314,S7,0.4056
314,S8,0.2751
314,S9,0.3837
314,S10,0.2006
314,S11,0.2673
314,S12,0.1876
314,S13,0.4401
314,S14,0.4008
314,S15,0.2671
314,S16,0.5534
314,S17,0.1969
314,S18,0.1795
314,S19,0.3903
314,S20,0.2808
314,S21,0.2736
314,S22,0.2991
314,S23,0.1653
314,S24,0.335
315,S1,0.2543
315,S2,0.2323
315,S3,0.2986
315,S4,0.3915
315,S5,0.2145
315,S6,0.1858
315,S7,0.3249
315,S8,0.1636
315,S9,0.3912
315,S10,0.1619
315,S11,0.2088
315,S12,0.2347
315,S13,0.3343
315,S14,0.389
315,S15,0.2133
315,S16,0.2881
315,S17,0.1613
315,S18,0.2319
315,S19,0.2959
315,S20,0.1905
315,S21,0.2682
315,S22,0.34
315,S23,0.1989
315,S24,0.4455
316,S1,0.4153
316,S2,0.2506
316,S3,0.198
316,S4,0.3879
316,S5,0.2159
316,S6,0.293
316,S7,0.2907
316,S8,0.243
316,S9,0.2688
316,S10,0.1796
316,S11,0.3438
316,S12,0.2025
316,S13,0.2627
316,S14,0.2368
316,S15,0.2997
316,S16,0.4204
316,S17,0.276
316,S18,0.2096
316,S19,0.3657
316,S20,0.2214
316,S21,0.2299
316,S22,0.2561
316,S23,0.1641
316,S24,0.3054
317,S1,0.3391
317,S2,0.2971
317,S3,0.2618
317,S4,0.0874
317,S5,0.1677
317,S6,0.2611
317,S7,0.4554
317,S8,0.1699
317,S9,0.327
317,S10,0.2382
317,S11,0.1966
317,S12,0.2517
317,S13,0.3218
317,S14,0.2697
317,S15,0.2098
317,S16,0.3415
317,S17,0.4376
317,S18,0.2727
317,S19,0.4068
317,S20,0.2929
317,S21,0.1471
317,S22,0.3237
317,S23,0.2429
317,S24,0.2903
318,S1,0.4375
318,S2,0.3423
318,S3,0.3426
318,S4,0.3055
318,S5,0.1561
318,S6,0.2628
318,S7,0.4505
318,S8,0.1374
318,S9,0.1857
318,S10,0.1866
318,S11,0.2431
318,S12,0.2337
318,S13,0.4558
318,S14,0.2668
318,S15,0.1563
318,S16,0.5636
318,S17,0.2268
318,S18,0.1839
318,S19,0.4069
318,S20,0.2462
318,S21,0.2139
318,S22,0.329
318,S23,0.2433
318,S24,0.3267
319,S1,0.4781
319,S2,0.1719
319,S3,0.288
319,S4,0.2774
319,S5,0.2549
319,S6,0.2914
319,S7,0.3029
319,S8,0.2454
319,S9,0.3732
319,S10,0.2069
319,S11,0.2117
319,S12,0.2107
319,S13,0.383
319,S14,0.2975
319,S15,0.2875
319,S16,0.2388
319,S17,0.3023
319,S18,0.2198
319,S19,0.2774
319,S20,0.2271
319,S21,0.2074
319,S22,0.0839
319,S23,0.1719
319,S24,0.2887
320,S1,0.4057
320,S2,0.2517
320,S3,0.2392
320,S4,0.4362
320,S5,0.2398
320,S6,0.3345
320,S7,0.315
320,S8,0.2402
320,S9,0.3019
320,S10,0.1761
320,S11,0.2885
320,S12,0.2055
320,S13,0.4978
320,S14,0.2904
320,S15,0.2809
320,S16,0.5164
320,S17,0.3418
320,S18,0.1676
320,S19,0.363
320,S20,0.312
320,S21,0.2553
320,S22,0.2332
320,S23,0.1737
320,S24,0.4196
321,S1,0.3108
321,S2,0.282
321,S3,0.3288
321,S4,0.3301
321,S5,0.1709
321,S6,0.2336
321,S7,0.3733
321,S8,0.1589
321,S9,0.301
321,S10,0.1956
321,S11,0.336
321,S12,0.2645
321,S13,0.3286
321,S14,0.3707
321,S15,0.235
321,S16,0.3011
321,S17,0.2736
321,S18,0.3004
321,S19,0.3443
321,S20,0.2673
321,S21,0.2876
321,S22,0.2141
321,S23,0.1486
321,S24,0.2369
322,S1,0.394
322,S2,0.31
322,S3,0.3271
322,S4,0.3496
322,S5,0.1838
322,S6,0.2834
322,S7,0.3582
322,S8,0.1442
322,S9,0.4883
322,S10,0.2024
322,S11,0.2779
322,S12,0.262
322,S13,0.4377
322,S14,0.2916
322,S15,0.2184
322,S16,0.448
322,S17,0.3052
322,S18,0.1955
322,S19,0.4279
322,S20,0.2823
322,S21,0.2483
322,S22,0.3835
322,S23,0.2009
322,S24,0.3722
323,S1,0.4261
323,S2,0.2565
323,S3,0.2527
323,S4,0.3417
323,S5,0.1618
323,S6,0.4147
323,S7,0.2515
323,S8,0.1604
323,S9,0.3999
323,S10,0.2095
323,S11,0.2119
323,S12,0.2617
323,S13,0.4959
323,S14,0.2982
323,S15,0.3799
323,S16,0.2621
323,S17,0.3226
323,S18,0.2878
323,S19,0.3928
323,S20,0.2558
323,S21,0.2041
323,S22,0.3266
323,S23,0.2326
323,S24,0.3922
324,S1,0.4429
324,S2,0.2389
324,S3,0.2386
324,S4,0.2707
324,S5,0.1846
324,S6,0.3409
324,S7,0.3576
324,S8,0.3296
324,S9,0.3289
324,S10,0.1855
324,S11,0.2723
324,S12,0.2036
324,S13,0.3789
324,S14,0.3677
324,S15,0.2557
324,S16,0.3365
324,S17,0.2309
324,S18,0.2123
324,S19,0.3383
324,S20,0.3303
324,S21,0.1586
324,S22,0.2808
324,S23,0.2058
324,S24,0.2216
325,S1,0.3055
325,S2,0.2592
325,S3,0.2102
325,S4,0.3461
325,S5,0.1936
325,S6,0.2519
325,S7,0.38
325,S8,0.2913
325,S9,0.4205
325,S10,0.1128
325,S11,0.2974
325,S12,0.225
325,S13,0.3952
325,S14,0.2761
325,S15,0.2559
325,S16,0.4121
325,S17,0.2505
325,S18,0.1915
325,S19,0.3034
325,S20,0.2792
325,S21,0.2426
325,S22,0.3512
325,S23,0.1802
325,S24,0.3699
326,S1,0.4373
326,S2,0.3699
326,S3,0.2471
326,S4,0.3186
326,S5,0.2076
326,S6,0.2182
326,S7,0.3364
326,S8,0.2489
326,S9,0.3573
326,S10,0.1734
326,S11,0.2783
326,S12,0.1948
326,S13,0.4373
326,S14,0.2953
326,S15,0.2362
326,S16,0.3711
326,S17,0.2798
326,S18,0.2124
326,S19,0.3772
326,S20,0.2456
326,S21,0.2857
326,S22,0.3879
326,S23,0.1643
326,S24,0.3549
327,S1,0.319
327,S2,0.2804
327,S3,0.3501
327,S4,0.3128
327,S5,0.2144
327,S6,0.314
327,S7,0.28
327,S8,0.1796
327,S9,0.2403
327,S10,0.1508
327,S11,0.1147
327,S12,0.2587
327,S13,0.5408
327,S14,0.3089
327,S15,0.1792
327,S16,0.3486
327,S17,0.2573
327,S18,0.1858
327,S19,0.3907
327,S20,0.3099
327,S21,0.1666
327,S22,0.3435
327,S23,0.2611
327,S24,0.4832
328,S1,0.5768
328,S2,0.2459
328,S3,0.3912
328,S4,0.3097
328,S5,0.1763
328,S6,0.3019
328,S7,0.3093
328,S8,0.234
328,S9,0.2331
328,S10,0.1746
328,S11,0.3352
328,S12,0.2307
328,S13,0.3942
328,S14,0.3285
328,S15,0.3085
328,S16,0.2676
328,S17,0.3165
328,S18,0.2208
328,S19,0.3444
328,S20,0.3232
328,S21,0.1649
328,S22,0.2392
328,S23,0.1226
328,S24,0.3116
329,S1,0.4642
329,S2,0.2928
329,S3,0.183
329,S4,0.301
329,S5,0.1405
329,S6,0.2196
329,S7,0.3772
329,S8,0.1658
329,S9,0.3871
329,S10,0.1807
329,S11,0.2712
329,S12,0.2203
329,S13,0.4426
329,S14,0.347
329,S15,0.2668
329,S16,0.4452
329,S17,0.2713
329,S18,0.2586
329,S19,0.3108
329,S20,0.2668
329,S21,0.2048
329,S22,0.2726
329,S23,0.1724
329,S24,0.3827
330,S1,0.4628
330,S2,0.3703
330,S3,0.1872
330,S4,0.4193
330,S5,0.1873
330,S6,0.3174
330,S7,0.2866
330,S8,0.2228
330,S9,0.3365
330,S10,0.1289
330,S11,0.2991
330,S12,0.2961
330,S13,0.3699
330,S14,0.3816
330,S15,0.2405
330,S16,0.468
330,S17,0.1576
330,S18,0.3462
330,S19,0.433
330,S20,0.2515
330,S21,0.1312
330,S22,0.3173
330,S23,0.1422
330,S24,0.3811
331,S1,0.3968
331,S2,0.2435
331,S3,0.306
331,S4,0.387
331,S5,0.239
331,S6,0.2838
331,S7,0.2509
331,S8,0.259
331,S9,0.2995
331,S10,0.1324
331,S11,0.3388
331,S12,0.3313
331,S13,0.3802
331,S14,0.4295
331,S15,0.2546
331,S16,0.3696
331,S17,0.2476
331,S18,0.3097
331,S19,0.2813
331,S20,0.3059
331,S21,0.1924
331,S22,0.2724
331,S23,0.2412
331,S24,0.3234
332,S1,0.337
332,S2,0.368
332,S3,0.3299
332,S4,0.3763
332,S5,0.1738
332,S6,0.2544
332,S7,0.3556
332,S8,0.2306
332,S9,0.2541
332,S10,0.2098
332,S11,0.2712
332,S12,0.1533
332,S13,0.3121
332,S14,0.2698
332,S15,0.2464
332,S16,0.5511
332,S17,0.2968
332,S18,0.1941
332,S19,0.348
332,S20,0.2479
332,S21,0.2307
332,S22,0.3348
332,S23,0.2484
332,S24,0.3483
333,S1,0.4869
333,S2,0.3545
333,S3,0.2146
333,S4,0.4807
333,S5,0.2131
333,S6,0.236
333,S7,0.4657
333,S8,0.3067
333,S9,0.3146
333,S10,0.1649
333,S11,0.2575
333,S12,0.2667
333,S13,0.4813
333,S14,0.3342
333,S15,0.2551
333,S16,0.5198
333,S17,0.2656
333,S18,0.2814
333,S19,0.3141
333,S20,0.2897
333,S21,0.2117
333,S22,0.2966
333,S23,0.1849
333,S24,0.4441
334,S1,0.3129
334,S2,0.2556
334,S3,0.356
334,S4,0.3985
334,S5,0.1046
334,S6,0.2513
334,S7,0.2232
334,S8,0.1755
334,S9,0.1179
334,S10,0.1783
334,S11,0.2058
334,S12,0.2361
334,S13,0.2587
334,S14,0.305
334,S15,0.2293
334,S16,0.5202
334,S17,0.3633
334,S18,0.27
334,S19,0.3116
334,S20,0.3726
334,S21,0.1494
334,S22,0.2158
334,S23,0.1966
334,S24,0.5078
335,S1,0.3518
335,S2,0.289
335,S3,0.1779
335,S4,0.3964
335,S5,0.2381
335,S6,0.328
335,S7,0.306
335,S8,0.186
335,S9,0.2348
335,S10,0.1864
335,S11,0.209
335,S12,0.1784
335,S13,0.3509
335,S14,0.2707
335,S15,0.2231
335,S16,0.4373
335,S17,0.2878
335,S18,0.2199
335,S19,0.3455
335,S20,0.2138
335,S21,0.2212
335,S22,0.309
335,S23,0.1399
335,S24,0.4197
336,S1,0.302
336,S2,0.3054
336,S3,0.3082
336,S4,0.395
336,S5,0.2014
336,S6,0.2628
336,S7,0.4163
336,S8,0.2459
336,S9,0.2775
336,S10,0.1542
336,S11,0.1561
336,S12,0.2405
336,S13,0.377
336,S14,0.3682
336,S15,0.268
336,S16,0.5067
336,S17,0.2438
336,S18,0.2864
336,S19,0.2981
336,S20,0.3081
336,S21,0.1535
336,S22,0.3141
336,S23,0.1206
336,S24,0.3313
337,S1,0.399
337,S2,0.2687
337,S3,0.1975
337,S4,0.3897
337,S5,0.1959
337,S6,0.2556
337,S7,0.3529
337,S8,0.3309
337,S9,0.3897
337,S10,0.226
337,S11,0.2899
337,S12,0.2411
337,S13,0.1996
337,S14,0.2593
337,S15,0.226
337,S16,0.25
337,S17,0.2177
337,S18,0.1409
337,S19,0.3308
337,S20,0.3103
337,S21,0.2646
337,S22,0.3249
337,S23,0.1615
337,S24,0.2148
338,S1,0.2378
338,S2,0.2239
338,S3,0.2056
338,S4,0.3227
338,S5,0.1594
338,S6,0.3025
338,S7,0.3337
338,S8,0.2171
338,S9,0.3889
338,S10,0.1401
338,S11,0.289
338,S12,0.2327
338,S13,0.3578
338,S14,0.3531
338,S15,0.294
338,S16,0.3243
338,S17,0.273
338,S18,0.2465
338,S19,0.3151
338,S20,0.2979
338,S21,0.2289
338,S22,0.41
338,S23,0.1388
338,S24,0.3414
339,S1,0.3
339,S2,0.3362
339,S3,0.1691
339,S4,0.3564
339,S5,0.1748
339,S6,0.2417
339,S7,0.2487
339,S8,0.1965
339,S9,0.3854
339,S10,0.1824
339,S11,0.3001
339,S12,0.311
339,S13,0.4036
339,S14,0.2665
339,S15,0.2734
339,S16,0.3565
339,S17,0.2547
339,S18,0.1624
339,S19,0.3951
339,S20,0.2461
339,S21,0.2246
339,S22,0.2378
339,S23,0.2174
339,S24,0.2967
340,S1,0.3563
340,S2,0.3527
340,S3,0.2895
340,S4,0.3319
340,S5,0.1293
340,S6,0.4529
340,S7,0.4722
340,S8,0.248
340,S9,0.269
340,S10,0.1792
340,S11,0.2377
340,S12,0.2923
340,S13,0.4035
340,S14,0.253
340,S15,0.2265
340,S16,0.4897
340,S17,0.374
340,S18,0.3047
340,S19,0.3838
340,S20,0.2532
340,S21,0.0762
340,S22,0.3178
340,S23,0.1999
340,S24,0.3598
341,S1,0.3706
341,S2,0.2204
341,S3,0.2779
341,S4,0.3755
341,S5,0.2273
341,S6,0.337
341,S7,0.3923
341,S8,0.1989
341,S9,0.3122
341,S10,0.1867
341,S11,0.2724
341,S12,0.2799
341,S13,0.4327
341,S14,0.4246
341,S15,0.3603
341,S16,0.4064
341,S17,0.0659
341,S18,0.2911
341,S19,0.2973
341,S20,0.2239
341,S21,0.1994
341,S22,0.2732
341,S23,0.2245
341,S24,0.2408
342,S1,0.2876
342,S2,0.3206
342,S3,0.2811
342,S4,0.3761
342,S5,0.1685
342,S6,0.2279
342,S7,0.3145
342,S8,0.2271
342,S9,0.4107
342,S10,0.1083
342,S11,0.2549
342,S12,0.1711
342,S13,0.2567
342,S14,0.358
342,S15,0.2772
342,S16,0.436
342,S17,0.3355
342,S18,0.2109
342,S19,0.3045
342,S20,0.3832
342,S21,0.206
342,S22,0.3441
342,S23,0.2003
342,S24,0.2206
343,S1,0.2167
343,S2,0.2653
343,S3,0.3028
343,S4,0.3859
343,S5,0.2366
343,S6,0.2274
343,S7,0.4631
343,S8,0.1749
343,S9,0.3301
343,S10,0.183
343,S11,0.2574
343,S12,0.2958
343,S13,0.3293
343,S14,0.219
343,S15,0.251
343,S16,0.368
343,S17,0.4747
343,S18,0.2649
343,S19,0.306
343,S20,0.2103
343,S21,0.1352
343,S22,0.2385
343,S23,0.2046
343,S24,0.4499
344,S1,0.4489
344,S2,0.3137
344,S3,0.2338
344,S4,0.3513
344,S5,0.1793
344,S6,0.3807
344,S7,0.3368
344,S8,0.2129
344,S9,0.1763
344,S10,0.1762
344,S11,0.3113
344,S12,0.1835
344,S13,0.3258
344,S14,0.3476
344,S15,0.1762
344,S16,0.4846
344,S17,0.2532
344,S18,0.2152
344,S19,0.2584
344,S20,0.2868
344,S21,0.3233
344,S22,0.3469
344,S23,0.1654
344,S24,0.4295
345,S1,0.3434
345,S2,0.3825
345,S3,0.2903
345,S4,0.1371
345,S5,0.1598
345,S6,0.3368
345,S7,0.3606
345,S8,0.1723
345,S9,0.2765
345,S10,0.1134
345,S11,0.262
345,S12,0.3365
345,S13,0.445
345,S14,0.4314
345,S15,0.2941
345,S16,0.4822
345,S17,0.3952
345,S18,0.2509
345,S19,0.3209
345,S20,0.3217
345,S21,0.2797
345,S22,0.2712
345,S23,0.1711
345,S24,0.3597
346,S1,0.4276
346,S2,0.3479
346,S3,0.1788
346,S4,0.4608
346,S5,0.1744
346,S6,0.2683
346,S7,0.2868
346,S8,0.3336
346,S9,0.332
346,S10,0.1521
346,S11,0.3127
346,S12,0.2692
346,S13,0.3689
346,S14,0.3504
346,S15,0.2087
346,S16,0.3606
346,S17,0.1694
346,S18,0.1715
346,S19,0.4538
346,S20,0.3542
346,S21,0.2195
346,S22,0.3998
346,S23,0.1936
346,S24,0.333
347,S1,0.3708
347,S2,0.2925
347,S3,0.2392
347,S4,0.4096
347,S5,0.206
347,S6,0.3237
347,S7,0.4222
347,S8,0.2335
347,S9,0.2552
347,S10,0.1337
347,S11,0.2746
347,S12,0.2253
347,S13,0.39
347,S14,0.299
347,S15,0.3792
347,S16,0.2936
347,S17,0.1706
347,S18,0.2488
347,S19,0.3082
347,S20,0.2835
347,S21,0.242
347,S22,0.377
347,S23,0.1397
347,S24,0.311
348,S1,0.3981
348,S2,0.3462
348,S3,0.3597
348,S4,0.397
348,S5,0.1977
348,S6,0.2329
348,S7,0.3105
348,S8,0.191
348,S9,0.3582
348,S10,0.1928
348,S11,0.1961
348,S12,0.213
348,S13,0.4506
348,S14,0.3211
348,S15,0.2784
348,S16,0.4306
348,S17,0.3755
348,S18,0.2443
348,S19,0.3076
348,S20,0.2178
348,S21,0.2275
348,S22,0.1536
348,S23,0.1926
348,S24,0.3356
349,S1,0.2666
349,S2,0.2443
349,S3,0.2905
349,S4,0.3487
349,S5,0.2041
349,S6,0.3007
349,S7,0.3565
349,S8,0.2705
349,S9,0.3245
349,S10,0.1299
349,S11,0.3536
349,S12,0.2506
349,S13,0.3382
349,S14,0.2248
349,S15,0.2698
349,S16,0.3906
349,S17,0.3725
349,S18,0.2172
349,S19,0.2775
349,S20,0.3144
349,S21,0.2568
349,S22,0.3101
349,S23,0.2271
349,S24,0.3474
350,S1,0.3838
350,S2,0.3699
350,S3,0.2813
350,S4,0.322
350,S5,0.2541
350,S6,0.1493
350,S7,0.4936
350,S8,0.1427
350,S9,0.277
350,S10,0.1818
350,S11,0.2589
350,S12,0.2803
350,S13,0.3022
350,S14,0.3156
350,S15,0.2211
350,S16,0.4236
350,S17,0.2797
350,S18,0.2377
350,S19,0.2967
350,S20,0.2395
350,S21,0.2291
350,S22,0.3566
350,S23,0.1761
350,S24,0.2892
351,S1,0.4117
351,S2,0.298
351,S3,0.2915
351,S4,0.2729
351,S5,0.1288
351,S6,0.2531
351,S7,0.2964
351,S8,0.2133
351,S9,0.2763
351,S10,0.2105
351,S11,0.2513
351,S12,0.2404
351,S13,0.3954
351,S14,0.3117
351,S15,0.2488
351,S16,0.4408
351,S17,0.2382
351,S18,0.2986
351,S19,0.3176
351,S20,0.1967
351,S21,0.2248
351,S22,0.2489
351,S23,0.2266
351,S24,0.5047
352,S1,0.309
352,S2,0.3199
352,S3,0.1622
352,S4,0.3636
352,S5,0.1646
352,S6,0.2479
352,S7,0.2729
352,S8,0.2484
352,S9,0.3805
352,S10,0.1842
352,S11,0.2206
352,S12,0.3075
352,S13,0.3258
352,S14,0.1703
352,S15,0.2729
352,S16,0.3116
352,S17,0.3394
352,S18,0.2155
352,S19,0.3736
352,S20,0.3414
352,S21,0.1643
352,S22,0.266
352,S23,0.197
352,S24,0.4576
353,S1,0.3184
353,S2,0.2643
353,S3,0.2739
353,S4,0.2949
353,S5,0.2061
353,S6,0.1954
353,S7,0.505
353,S8,0.1583
353,S9,0.2963
353,S10,0.1821
353,S11,0.3687
353,S12,0.1715
353,S13,0.5354
353,S14,0.3454
353,S15,0.2709
353,S16,0.3212
353,S17,0.3157
353,S18,0.1996
353,S19,0.4178
353,S20,0.2149
353,S21,0.2118
353,S22,0.2667
353,S23,0.1605
353,S24,0.4019
354,S1,0.4059
354,S2,0.3725
354,S3,0.161
354,S4,0.4043
354,S5,0.3002
354,S6,0.2577
354,S7,0.4827
354,S8,0.2053
354,S9,0.2297
354,S10,0.1721
354,S11,0.3226
354,S12,0.1942
354,S13,0.3373
354,S14,0.3356
354,S15,0.2502
354,S16,0.4468
354,S17,0.2968
354,S18,0.2557
354,S19,0.3045
354,S20,0.279
354,S21,0.1765
354,S22,0.3773
354,S23,0.1746
354,S24,0.429
355,S1,0.3495
355,S2,0.3121
355,S3,0.2253
355,S4,0.2656
355,S5,0.1302
355,S6,0.2235
355,S7,0.3273
355,S8,0.2258
355,S9,0.3807
355,S10,0.167
355,S11,0.2196
355,S12,0.166
355,S13,0.4201
355,S14,0.383
355,S15,0.3133
355,S16,0.4568
355,S17,0.3195
355,S18,0.3126
355,S19,0.3555
355,S20,0.3011
355,S21,0.2028
355,S22,0.2183
355,S23,0.1726
355,S24,0.3494
356,S1,0.3711
356,S2,0.4156
356,S3,0.2541
356,S4,0.4119
356,S5,0.1826
356,S6,0.2657
356,S7,0.257
356,S8,0.1845
356,S9,0.35
356,S10,0.1836
356,S11,0.317
356,S12,0.2418
356,S13,0.3563
356,S14,0.4289
356,S15,0.2453
356,S16,0.493
356,S17,0.2606
356,S18,0.2664
356,S19,0.3952
356,S20,0.2778
356,S21,0.1146
356,S22,0.3011
356,S23,0.2492
356,S24,0.3869
357,S1,0.3994
357,S2,0.1967
357,S3,0.214
357,S4,0.3608
357,S5,0.2164
357,S6,0.3522
357,S7,0.3399
357,S8,0.2343
357,S9,0.3177
357,S10,0.1471
357,S11,0.1464
357,S12,0.2534
357,S13,0.3967
357,S14,0.2629
357,S15,0.169
357,S16,0.4504
357,S17,0.2683
357,S18,0.2593
357,S19,0.4576
357,S20,0.1525
357,S21,0.1864
357,S22,0.2874
357,S23,0.2582
357,S24,0.2355
358,S1,0.5086
358,S2,0.3082
358,S3,0.2452
358,S4,0.3201
358,S5,0.1825
358,S6,0.3427
358,S7,0.2752
358,S8,0.2316
358,S9,0.2923
358,S10,0.1554
358,S11,0.4046
358,S12,0.2529
358,S13,0.4304
358,S14,0.3683
358,S15,0.1789
358,S16,0.5402
358,S17,0.1412
358,S18,0.1975
358,S19,0.3027
358,S20,0.2977
358,S21,0.2261
358,S22,0.29
358,S23,0.1995
358,S24,0.2815
359,S1,0.2569
359,S2,0.3436
359,S3,0.2847
359,S4,0.439
359,S5,0.1684
359,S6,0.3226
359,S7,0.3301
359,S8,0.2683
359,S9,0.3814
359,S10,0.1911
359,S11,0.2486
359,S12,0.2782
359,S13,0.4329
359,S14,0.2589
359,S15,0.1836
359,S16,0.3769
359,S17,0.3692
359,S18,0.2868
359,S19,0.2592
359,S20,0.2044
359,S21,0.2719
359,S22,0.2319
359,S23,0.2204
359,S24,0.3069
360,S1,0.4852
360,S2,0.2538
360,S3,0.3072
360,S4,0.3457
360,S5,0.2101
360,S6,0.1717
360,S7,0.1958
360,S8,0.2071
360,S9,0.3323
360,S10,0.1421
360,S11,0.2086
360,S12,0.2595
360,S13,0.4265
360,S14,0.2917
360,S15,0.289
360,S16,0.3061
360,S17,0.2632
360,S18,0.3102
360,S19,0.3379
360,S20,0.2734
360,S21,0.3166
360,S22,0.216
360,S23,0.2319
360,S24,0.4665
361,S1,0.3428
361,S2,0.3516
361,S3,0.2009
361,S4,0.2876
361,S5,0.2154
361,S6,0.3286
361,S7,0.4285
361,S8,0.2847
361,S9,0.3124
361,S10,0.2271
361,S11,0.2484
361,S12,0.2754
361,S13,0.3992
361,S14,0.3267
361,S15,0.2712
361,S16,0.2716
361,S17,0.2196
361,S18,0.2381
361,S19,0.2208
361,S20,0.311
361,S21,0.2544
361,S22,0.3196
361,S23,0.1552
361,S24,0.4466
362,S1,0.5161
362,S2,0.3088
362,S3,0.2755
362,S4,0.3468
362,S5,0.2212
362,S6,0.2766
362,S7,0.3476
362,S8,0.2559
362,S9,0.4652
362,S10,0.132
362,S11,0.2611
362,S12,0.1782
362,S13,0.5054
362,S14,0.2647
362,S15,0.1778
362,S16,0.4511
362,S17,0.3822
362,S18,0.2643
362,S19,0.347
362,S20,0.2885
362,S21,0.278
362,S22,0.2475
362,S23,0.1955
362,S24,0.3183
363,S1,0.281
363,S2,0.2803
363,S3,0.3054
363,S4,0.3711
363,S5,0.2258
363,S6,0.2916
363,S7,0.3866
363,S8,0.182
363,S9,0.2971
363,S10,0.1904
363,S11,0.2815
363,S12,0.2483
363,S13,0.3727
363,S14,0.2774
363,S15,0.4079
363,S16,0.4725
363,S17,0.3067
363,S18,0.2225
363,S19,0.3033
363,S20,0.2597
363,S21,0.2294
363,S22,0.1872
363,S23,0.1372
363,S24,0.3054
364,S1,0.3819
364,S2,0.2856
364,S3,0.3239
364,S4,0.2345
364,S5,0.1699
364,S6,0.3695
364,S7,0.3592
364,S8,0.255
364,S9,0.4466
364,S10,0.1579
364,S11,0.2614
364,S12,0.2206
364,S13,0.2335
364,S14,0.2814
364,S15,0.2941
364,S16,0.4432
364,S17,0.3184
364,S18,0.2158
364,S19,0.2896
364,S20,0.3344
364,S21,0.1951
364,S22,0.3176
364,S23,0.2065
364,S24,0.4523
365,S1,0.4379
365,S2,0.2223
365,S3,0.1906
365,S4,0.3719
365,S5,0.1974
365,S6,0.2575
365,S7,0.4211
365,S8,0.2248
365,S9,0.32
365,S10,0.2119
365,S11,0.2467
365,S12,0.3065
365,S13,0.3229
365,S14,0.3394
365,S15,0.3217
365,S16,0.2898
365,S17,0.2639
365,S18,0.2866
365,S19,0.4105
365,S20,0.2575
365,S21,0.1848
365,S22,0.3574
365,S23,0.2473
365,S24,0.2685
366,S1,0.2784
366,S2,0.3135
366,S3,0.2815
366,S4,0.3134
366,S5,0.2272
366,S6,0.2431
366,S7,0.202
366,S8,0.1983
366,S9,0.3207
366,S10,0.1732
366,S11,0.2049
366,S12,0.1486
366,S13,0.3439
366,S14,0.3539
366,S15,0.3128
366,S16,0.495
366,S17,0.2371
366,S18,0.1795
366,S19,0.3664
366,S20,0.3005
366,S21,0.234
366,S22,0.1792
366,S23,0.1653
366,S24,0.3479
367,S1,0.4024
367,S2,0.346
367,S3,0.2572
367,S4,0.3554
367,S5,0.2034
367,S6,0.3222
367,S7,0.3719
367,S8,0.2195
367,S9,0.2997
367,S10,0.1863
367,S11,0.2925
367,S12,0.2458
367,S13,0.4125
367,S14,0.3806
367,S15,0.2633
367,S16,0.3481
367,S17,0.3334
367,S18,0.1696
367,S19,0.2612
367,S20,0.2846
367,S21,0.239
367,S22,0.2253
367,S23,0.1847
367,S24,0.3076
368,S1,0.331
368,S2,0.3566
368,S3,0.2853
368,S4,0.3321
368,S5,0.1782
368,S6,0.2069
368,S7,0.4494
368,S8,0.2423
368,S9,0.2719
368,S10,0.2097
368,S11,0.2629
368,S12,0.2199
368,S13,0.4167
368,S14,0.2555
368,S15,0.2328
368,S16,0.4097
368,S17,0.255
368,S18,0.2646
368,S19,0.4579
368,S20,0.2264
368,S21,0.1445
368,S22,0.1799
368,S23,0.194
368,S24,0.3036
369,S1,0.3819
369,S2,0.308
369,S3,0.1698
369,S4,0.2123
369,S5,0.2118
369,S6,0.291
369,S7,0.3202
369,S8,0.1449
369,S9,0.3465
369,S10,0.23
369,S11,0.2815
369,S12,0.1938
369,S13,0.3867
369,S14,0.218
369,S15,0.3029
369,S16,0.4065
369,S17,0.1831
369,S18,0.2193
369,S19,0.3642
369,S20,0.2489
369,S21,0.2047
369,S22,0.2265
369,S23,0.2227
369,S24,0.3046
370,S1,0.2085
370,S2,0.2777
370,S3,0.2991
370,S4,0.3075
370,S5,0.2695
370,S6,0.3076
370,S7,0.3737
370,S8,0.2111
370,S9,0.3123
370,S10,0.1737
370,S11,0.2505
370,S12,0.2581
370,S13,0.3116
370,S14,0.2354
370,S15,0.1938
370,S16,0.5637
370,S17,0.3134
370,S18,0.2475
370,S19,0.2628
370,S20,0.2999
370,S21,0.2116
370,S22,0.3129
370,S23,0.1609
370,S24,0.3612
371,S1,0.3356
371,S2,0.2541
371,S3,0.2867
371,S4,0.2308
371,S5,0.2226
371,S6,0.3221
371,S7,0.2884
371,S8,0.1811
371,S9,0.3025
371,S10,0.1937
371,S11,0.2585
371,S12,0.2536
371,S13,0.5185
371,S14,0.2695
371,S15,0.1642
371,S16,0.4661
371,S17,0.3787
371,S18,0.2517
371,S19,0.2608
371,S20,0.2601
371,S21,0.1682
371,S22,0.3386
371,S23,0.1459
371,S24,0.329
372,S1,0.293
372,S2,0.3076
372,S3,0.2317
372,S4,0.3451
372,S5,0.2009
372,S6,0.2274
372,S7,0.3939
372,S8,0.2146
372,S9,0.2541
372,S10,0.2655
372,S11,0.2921
372,S12,0.2262
372,S13,0.4918
372,S14,0.4105
372,S15,0.2427
372,S16,0.4278
372,S17,0.2273
372,S18,0.2265
372,S19,0.3201
372,S20,0.2765
372,S21,0.2311
372,S22,0.3336
372,S23,0.2095
372,S24,0.2652
373,S1,0.2978
373,S2,0.2672
373,S3,0.2359
373,S4,0.4034
373,S5,0.1535
373,S6,0.2631
373,S7,0.4167
373,S8,0.2037
373,S9,0.3458
373,S10,0.1782
373,S11,0.2804
373,S12,0.2227
373,S13,0.4345
373,S14,0.2073
373,S15,0.2318
373,S16,0.4237
373,S17,0.3136
373,S18,0.303
373,S19,0.3073
373,S20,0.3456
373,S21,0.1881
373,S22,0.3797
373,S23,0.2327
373,S24,0.2861
374,S1,0.3892
374,S2,0.2969
374,S3,0.2813
374,S4,0.3184
374,S5,0.1877
374,S6,0.3609
374,S7,0.3431
374,S8,0.2525
374,S9,0.3024
374,S10,0.2444
374,S11,0.2305
374,S12,0.2047
374,S13,0.5002
374,S14,0.2733
374,S15,0.3301
374,S16,0.4713
374,S17,0.2746
374,S18,0.1487
374,S19,0.332
374,S20,0.2721
374,S21,0.2672
374,S22,0.3953
374,S23,0.1726
374,S24,0.4061
375,S1,0.4228
375,S2,0.3644
375,S3,0.2749
375,S4,0.2038
375,S5,0.1938
375,S6,0.2178
375,S7,0.3358
375,S8,0.2591
375,S9,0.336
375,S10,0.2254
375,S11,0.2849
375,S12,0.1727
375,S13,0.1901
375,S14,0.3089
375,S15,0.2393
375,S16,0.3218
375,S17,0.187
375,S18,0.199
375,S19,0.3204
375,S20,0.3022
375,S21,0.2248
375,S22,0.3965
375,S23,0.1586
375,S24,0.4117
376,S1,0.3701
376,S2,0.3417
376,S3,0.2282
376,S4,0.4048
376,S5,0.2118
376,S6,0.2448
376,S7,0.3492
376,S8,0.2063
376,S9,0.3476
376,S10,0.1401
376,S11,0.2651
376,S12,0.2518
376,S13,0.3859
376,S14,0.3808
376,S15,0.2887
376,S16,0.3994
376,S17,0.2956
376,S18,0.2471
376,S19,0.3602
376,S20,0.1693
376,S21,0.2036
376,S22,0.2109
376,S23,0.2511
376,S24,0.3457
377,S1,0.3525
377,S2,0.3538
377,S3,0.2711
377,S4,0.2581
377,S5,0.1972
377,S6,0.2643
377,S7,0.2279
377,S8,0.1868
377,S9,0.305
377,S10,0.1791
377,S11,0.1876
377,S12,0.2871
377,S13,0.3755
377,S14,0.3023
377,S15,0.27
377,S16,0.337
377,S17,0.3092
377,S18,0.2162
377,S19,0.2736
377,S20,0.2973
377,S21,0.2813
377,S22,0.3435
377,S23,0.2369
377,S24,0.3136
378,S1,0.2495
378,S2,0.3894
378,S3,0.3527
378,S4,0.4362
378,S5,0.1866
378,S6,0.2179
378,S7,0.2754
378,S8,0.1437
378,S9,0.3099
378,S10,0.2422
378,S11,0.2591
378,S12,0.2474
378,S13,0.4888
378,S14,0.2758
378,S15,0.3518
378,S16,0.5594
378,S17,0.2759
378,S18,0.2064
378,S19,0.3798
378,S20,0.2481
378,S21,0.1665
378,S22,0.3769
378,S23,0.2487
378,S24,0.3609
379,S1,0.2741
379,S2,0.2262
379,S3,0.2554
379,S4,0.3
379,S5,0.1864
379,S6,0.3412
379,S7,0.4013
379,S8,0.2764
379,S9,0.2539
379,S10,0.1707
379,S11,0.3071
379,S12,0.2542
379,S13,0.5008
379,S14,0.3252
379,S15,0.3424
379,S16,0.4432
379,S17,0.3435
379,S18,0.2182
379,S19,0.3343
379,S20,0.3153
379,S21,0.2866
379,S22,0.3438
379,S23,0.1967
379,S24,0.4464
380,S1,0.2059
380,S2,0.2147
380,S3,0.2841
380,S4,0.3343
380,S5,0.2242
380,S6,0.287
380,S7,0.39
380,S8,0.1814
380,S9,0.3528
380,S10,0.2198
380,S11,0.3318
380,S12,0.3273
380,S13,0.402
380,S14,0.3164
380,S15,0.1738
380,S16,0.3575
380,S17,0.2724
380,S18,0.2823
380,S19,0.2926
380,S20,0.3091
380,S21,0.2166
380,S22,0.2894
380,S23,0.21
380,S24,0.3226
381,S1,0.3352
381,S2,0.1977
381,S3,0.2376
381,S4,0.3013
381,S5,0.1794
381,S6,0.307
381,S7,0.3961
381,S8,0.2267
381,S9,0.3797
381,S10,0.2044
381,S11,0.2509
381,S12,0.2117
381,S13,0.4073
381,S14,0.3344
381,S15,0.3199
381,S16,0.4953
381,S17,0.2526
381,S18,0.2286
381,S19,0.3781
381,S20,0.3236
381,S21,0.2574
381,S22,0.2962
381,S23,0.1498
381,S24,0.2801
382,S1,0.3867
382,S2,0.3205
382,S3,0.1951
382,S4,0.3363
382,S5,0.2252
382,S6,0.2181
382,S7,0.4273
382,S8,0.2003
382,S9,0.3963
382,S10,0.1638
382,S11,0.2119
382,S12,0.212
382,S13,0.376
382,S14,0.2767
382,S15,0.2392
382,S16,0.4267
382,S17,0.2736
382,S18,0.2302
382,S19,0.2194
382,S20,0.2876
382,S21,0.2128
382,S22,0.3966
382,S23,0.1624
382,S24,0.2234
383,S1,0.412
383,S2,0.3208
383,S3,0.1996
383,S4,0.2314
383,S5,0.2615
383,S6,0.3635
383,S7,0.1759
383,S8,0.1968
383,S9,0.4221
383,S10,0.1659
383,S11,0.2405
383,S12,0.2201
383,S13,0.2974
383,S14,0.1977
383,S15,0.3026
383,S16,0.2526
383,S17,0.2973
383,S18,0.2747
383,S19,0.2366
383,S20,0.2174
383,S21,0.2692
383,S22,0.332
383,S23,0.1753
383,S24,0.4342
384,S1,0.4551
384,S2,0.3161
384,S3,0.205
384,S4,0.3058
384,S5,0.2115
384,S6,0.2726
384,S7,0.4157
384,S8,0.1504
384,S9,0.222
384,S10,0.19
384,S11,0.2405
384,S12,0.2041
384,S13,0.2478
384,S14,0.3012
384,S15,0.2474
384,S16,0.4523
384,S17,0.2872
384,S18,0.2271
384,S19,0.4118
384,S20,0.1967
384,S21,0.2399
384,S22,0.1997
384,S23,0.1665
384,S24,0.2651
385,S1,0.424
385,S2,0.2961
385,S3,0.2493
385,S4,0.2596
385,S5,0.188
385,S6,0.2401
385,S7,0.3768
385,S8,0.1737
385,S9,0.4009
385,S10,0.1219
385,S11,0.2237
385,S12,0.3116
385,S13,0.35
385,S14,0.2211
385,S15,0.261
385,S16,0.362
385,S17,0.236
385,S18,0.1822
385,S19,0.5179
385,S20,0.2533
385,S21,0.1332
385,S22,0.3896
385,S23,0.2244
385,S24,0.2963
386,S1,0.2982
386,S2,0.3404
386,S3,0.2377
386,S4,0.2049
386,S5,0.2715
386,S6,0.2587
386,S7,0.4547
386,S8,0.2721
386,S9,0.2533
386,S10,0.2212
386,S11,0.2319
386,S12,0.1462
386,S13,0.3508
386,S14,0.3239
386,S15,0.2269
386,S16,0.3754
386,S17,0.3481
386,S18,0.2383
386,S19,0.2771
386,S20,0.3041
386,S21,0.2252
386,S22,0.1487
386,S23,0.2171
386,S24,0.3774
387,S1,0.3681
387,S2,0.3535
387,S3,0.2164
387,S4,0.3558
387,S5,0.1373
387,S6,0.3064
387,S7,0.4867
387,S8,0.1736
387,S9,0.2685
387,S10,0.1573
387,S11,0.2736
387,S12,0.1837
387,S13,0.4156
387,S14,0.3508
387,S15,0.2767
387,S16,0.2585
387,S17,0.3397
387,S18,0.2771
387,S19,0.3887
387,S20,0.2866
387,S21,0.2262
387,S22,0.3619
387,S23,0.2769
387,S24,0.2833
388,S1,0.4457
388,S2,0.2948
388,S3,0.2435
388,S4,0.2309
388,S5,0.1886
388,S6,0.2268
388,S7,0.3175
388,S8,0.1691
388,S9,0.2882
388,S10,0.1684
388,S11,0.2718
388,S12,0.158
388,S13,0.2725
388,S14,0.3217
388,S15,0.2101
388,S16,0.486
388,S17,0.2961
388,S18,0.2616
388,S19,0.4274
388,S20,0.2501
388,S21,0.1918
388,S22,0.3523
388,S23,0.2204
388,S24,0.3369
389,S1,0.4687
389,S2,0.2873
389,S3,0.2516
389,S4,0.3347
389,S5,0.1626
389,S6,0.2877
389,S7,0.4478
389,S8,0.2359
389,S9,0.3186
389,S10,0.1774
389,S11,0.2843
389,S12,0.2683
389,S13,0.43
389,S14,0.2801
389,S15,0.2662
389,S16,0.4384
389,S17,0.2263
389,S18,0.2412
389,S19,0.1892
389,S20,0.2924
389,S21,0.2453
389,S22,0.3449
389,S23,0.1842
389,S24,0.3716
390,S1,0.4711
390,S2,0.3848
390,S3,0.2485
390,S4,0.3426
390,S5,0.2444
390,S6,0.1983
390,S7,0.3274
390,S8,0.2745
390,S9,0.3784
390,S10,0.1969
390,S11,0.1864
390,S12,0.231
390,S13,0.3381
390,S14,0.3199
390,S15,0.2095
390,S16,0.3179
390,S17,0.1663
390,S18,0.2904
390,S19,0.3067
390,S20,0.275
390,S21,0.2166
390,S22,0.236
390,S23,0.1496
390,S24,0.2796
391,S1,0.3136
391,S2,0.322
391,S3,0.2102
391,S4,0.4498
391,S5,0.2411
391,S6,0.3291
391,S7,0.3416
391,S8,0.2823
391,S9,0.3029
391,S10,0.1822
391,S11,0.2757
391,S12,0.2661
391,S13,0.4322
391,S14,0.2715
391,S15,0.2234
391,S16,0.4512
391,S17,0.3239
391,S18,0.215
391,S19,0.2275
391,S20,0.2556
391,S21,0.2437
391,S22,0.4083
391,S23,0.1521
391,S24,0.3201
392,S1,0.3381
392,S2,0.3813
392,S3,0.2483
392,S4,0.2728
392,S5,0.2223
392,S6,0.2604
392,S7,0.2643
392,S8,0.178
392,S9,0.4265
392,S10,0.1974
392,S11,0.2724
392,S12,0.2217
392,S13,0.4057
392,S14,0.3168
392,S15,0.2646
392,S16,0.4092
392,S17,0.3326
392,S18,0.2344
392,S19,0.2681
392,S20,0.234
392,S21,0.1309
392,S22,0.4216
392,S23,0.2345
392,S24,0.2919
393,S1,0.346
393,S2,0.2618
393,S3,0.3271
393,S4,0.2387
393,S5,0.2046
393,S6,0.2772
393,S7,0.4079
393,S8,0.2122
393,S9,0.2053
393,S10,0.1741
393,S11,0.2148
393,S12,0.237
393,S13,0.4933
393,S14,0.1956
393,S15,0.21
393,S16,0.3558
393,S17,0.2617
393,S18,0.2679
393,S19,0.3218
393,S20,0.2888
393,S21,0.1895
393,S22,0.3138
393,S23,0.2311
393,S24,0.2987
394,S1,0.424
394,S2,0.3031
394,S3,0.3023
394,S4,0.3199
394,S5,0.2152
394,S6,0.281
394,S7,0.3433
394,S8,0.2279
394,S9,0.3507
394,S10,0.1375
394,S11,0.3431
394,S12,0.1465
394,S13,0.3308
394,S14,0.2943
394,S15,0.2706
394,S16,0.5261
394,S17,0.178
394,S18,0.2096
394,S19,0.1915
394,S20,0.2684
394,S21,0.2284
394,S22,0.3954
394,S23,0.2048
394,S24,0.4231
395,S1,0.4095
395,S2,0.2739
395,S3,0.1796
395,S4,0.3517
395,S5,0.1403
395,S6,0.3567
395,S7,0.3387
395,S8,0.2685
395,S9,0.2863
395,S10,0.1932
395,S11,0.2778
395,S12,0.2312
395,S13,0.3502
395,S14,0.3235
395,S15,0.2037
395,S16,0.3032
395,S17,0.3538
395,S18,0.2673
395,S19,0.3377
395,S20,0.3555
395,S21,0.2051
395,S22,0.3794
395,S23,0.207
395,S24,0.2783
396,S1,0.5022
396,S2,0.3594
396,S3,0.2439
396,S4,0.3818
396,S5,0.1839
396,S6,0.3303
396,S7,0.1826
396,S8,0.1725
396,S9,0.3787
396,S10,0.1742
396,S11,0.2777
396,S12,0.1705
396,S13,0.525
396,S14,0.3714
396,S15,0.24
396,S16,0.3676
396,S17,0.3417
396,S18,0.3258
396,S19,0.3969
396,S20,0.3825
396,S21,0.1767
396,S22,0.2508
396,S23,0.1524
396,S24,0.3809
397,S1,0.3795
397,S2,0.2909
397,S3,0.2905
397,S4,0.4155
397,S5,0.139
397,S6,0.2495
397,S7,0.4074
397,S8,0.1964
397,S9,0.2661
397,S10,0.2207
397,S11,0.1979
397,S12,0.2193
397,S13,0.4085
397,S14,0.2656
397,S15,0.2892
397,S16,0.3545
397,S17,0.3632
397,S18,0.2275
397,S19,0.3781
397,S20,0.3065
397,S21,0.1895
397,S22,0.1768
397,S23,0.2144
397,S24,0.3551
398,S1,0.4074
398,S2,0.2864
398,S3,0.2285
398,S4,0.4672
398,S5,0.1411
398,S6,0.3249
398,S7,0.3098
398,S8,0.2021
398,S9,0.2966
398,S10,0.1539
398,S11,0.2971
398,S12,0.2982
398,S13,0.4194
398,S14,0.3062
398,S15,0.2007
398,S16,0.4413
398,S17,0.4055
398,S18,0.2156
398,S19,0.3083
398,S20,0.2367
398,S21,0.1955
398,S22,0.1353
398,S23,0.2162
398,S24,0.2908
399,S1,0.2486
399,S2,0.3452
399,S3,0.1959
399,S4,0.3108
399,S5,0.2587
399,S6,0.2035
399,S7,0.2427
399,S8,0.2283
399,S9,0.3895
399,S10,0.1256
399,S11,0.2884
399,S12,0.2604
399,S13,0.2255
399,S14,0.3479
399,S15,0.2938
399,S16,0.3751
399,S17,0.3543
399,S18,0.2864
399,S19,0.3402
399,S20,0.2426
399,S21,0.1745
399,S22,0.2977
399,S23,0.2228
399,S24,0.3273
400,S1,0.2055
400,S2,0.3761
400,S3,0.2595
400,S4,0.308
400,S5,0.2343
400,S6,0.3697
400,S7,0.1539
400,S8,0.2355
400,S9,0.2263
400,S10,0.2016
400,S11,0.2735
400,S12,0.263
400,S13,0.3451
400,S14,0.1876
400,S15,0.2275
400,S16,0.4325
400,S17,0.3409
400,S18,0.1786
400,S19,0.4018
400,S20,0.2321
400,S21,0.2324
400,S22,0.2694
400,S23,0.2073
400,S24,0.4124
401,S1,0.2767
401,S2,0.2592
401,S3,0.2592
401,S4,0.4934
401,S5,0.1655
401,S6,0.3989
401,S7,0.4903
401,S8,0.2124
401,S9,0.2978
401,S10,0.158
401,S11,0.263
401,S12,0.1677
401,S13,0.3775
401,S14,0.3898
401,S15,0.2194
401,S16,0.3807
401,S17,0.1869
401,S18,0.2508
401,S19,0.351
401,S20,0.2701
401,S21,0.2073
401,S22,0.2824
401,S23,0.2201
401,S24,0.348
402,S1,0.3898
402,S2,0.3129
402,S3,0.3062
402,S4,0.3785
402,S5,0.2077
402,S6,0.3694
402,S7,0.3794
402,S8,0.2732
402,S9,0.3551
402,S10,0.1158
402,S11,0.3363
402,S12,0.2396
402,S13,0.3794
402,S14,0.3169
402,S15,0.2328
402,S16,0.4182
402,S17,0.2498
402,S18,0.2928
402,S19,0.3258
402,S20,0.2463
402,S21,0.1766
402,S22,0.3161
402,S23,0.2075
402,S24,0.3772
403,S1,0.2913
403,S2,0.2039
403,S3,0.2813
403,S4,0.4323
403,S5,0.1589
403,S6,0.3734
403,S7,0.3699
403,S8,0.2164
403,S9,0.2915
403,S10,0.1326
403,S11,0.3193
403,S12,0.1971
403,S13,0.3235
403,S14,0.3595
403,S15,0.1559
403,S16,0.2781
403,S17,0.2823
403,S18,0.247
403,S19,0.3656
403,S20,0.2506
403,S21,0.3263
403,S22,0.2863
403,S23,0.1908
403,S24,0.2942
404,S1,0.3758
404,S2,0.3369
404,S3,0.3102
404,S4,0.234
404,S5,0.1902
404,S6,0.3086
404,S7,0.3911
404,S8,0.217
404,S9,0.351
404,S10,0.1537
404,S11,0.3498
404,S12,0.2797
404,S13,0.2802
404,S14,0.2355
404,S15,0.1977
404,S16,0.4542
404,S17,0.2105
404,S18,0.2179
404,S19,0.3636
404,S20,0.2631
404,S21,0.2279
404,S22,0.2361
404,S23,0.2238
404,S24,0.3071
405,S1,0.3429
405,S2,0.3143
405,S3,0.2552
405,S4,0.3349
405,S5,0.17
405,S6,0.2664
405,S7,0.3502
405,S8,0.1571
405,S9,0.2874
405,S10,0.1975
405,S11,0.1985
405,S12,0.2873
405,S13,0.4807
405,S14,0.2253
405,S15,0.3179
405,S16,0.3885
405,S17,0.307
405,S18,0.2102
405,S19,0.3949
405,S20,0.2883
405,S21,0.1814
405,S22,0.2301
405,S23,0.1416
405,S24,0.3632
406,S1,0.4086
406,S2,0.3391
406,S3,0.2441
406,S4,0.2562
406,S5,0.1727
406,S6,0.3486
406,S7,0.3161
406,S8,0.2229
406,S9,0.2485
406,S10,0.1957
406,S11,0.2423
406,S12,0.2822
406,S13,0.4426
406,S14,0.2703
406,S15,0.2437
406,S16,0.3559
406,S17,0.2029
406,S18,0.1933
406,S19,0.3465
406,S20,0.284
406,S21,0.2231
406,S22,0.2819
406,S23,0.2373
406,S24,0.3544
407,S1,0.4182
407,S2,0.1936
407,S3,0.0539
407,S4,0.3523
407,S5,0.143
407,S6,0.2713
407,S7,0.3289
407,S8,0.2855
407,S9,0.342
407,S10,0.1894
407,S11,0.3113
407,S12,0.2505
407,S13,0.3482
407,S14,0.3643
407,S15,0.1945
407,S16,0.4259
407,S17,0.1956
407,S18,0.2429
407,S19,0.3462
407,S20,0.3561
407,S21,0.1489
407,S22,0.2639
407,S23,0.2329
407,S24,0.3735
408,S1,0.3799
408,S2,0.2426
408,S3,0.2205
408,S4,0.4163
408,S5,0.1979
408,S6,0.3046
408,S7,0.3419
408,S8,0.1654
408,S9,0.3758
408,S10,0.2018
408,S11,0.3896
408,S12,0.1859
408,S13,0.4464
408,S14,0.2213
408,S15,0.2579
408,S16,0.4781
408,S17,0.1659
408,S18,0.2238
408,S19,0.2958
408,S20,0.2292
408,S21,0.2334
408,S22,0.3672
408,S23,0.1947
408,S24,0.3644
409,S1,0.375
409,S2,0.3001
409,S3,0.1955
409,S4,0.4072
409,S5,0.2118
409,S6,0.3057
409,S7,0.2935
409,S8,0.1968
409,S9,0.3055
409,S10,0.1271
409,S11,0.1766
409,S12,0.2053
409,S13,0.4234
409,S14,0.2608
409,S15,0.1991
409,S16,0.3348
409,S17,0.2575
409,S18,0.2168
409,S19,0.4777
409,S20,0.3229
409,S21,0.2611
409,S22,0.3701
409,S23,0.16
409,S24,0.2644
410,S1,0.2855
410,S2,0.3801
410,S3,0.2226
410,S4,0.2499
410,S5,0.1828
410,S6,0.2698
410,S7,0.3688
410,S8,0.2275
410,S9,0.2642
410,S10,0.2085
410,S11,0.2326
410,S12,0.226
410,S13,0.436
410,S14,0.2615
410,S15,0.2215
410,S16,0.4473
410,S17,0.2347
410,S18,0.2154
410,S19,0.3704
410,S20,0.3762
410,S21,0.2429
410,S22,0.3284
410,S23,0.2212
410,S24,0.2749
411,S1,0.3751
411,S2,0.2982
411,S3,0.2661
411,S4,0.3411
411,S5,0.2152
411,S6,0.2657
411,S7,0.3541
411,S8,0.1635
411,S9,0.2964
411,S10,0.2343
411,S11,0.2837
411,S12,0.2324
411,S13,0.5287
411,S14,0.2183
411,S15,0.1945
411,S16,0.537
411,S17,0.2859
411,S18,0.222
411,S19,0.2534
411,S20,0.2905
411,S21,0.2403
411,S22,0.2343
411,S23,0.1944
411,S24,0.3265
412,S1,0.3854
412,S2,0.2328
412,S3,0.3126
412,S4,0.3944
412,S5,0.1855
412,S6,0.2711
412,S7,0.3405
412,S8,0.1829
412,S9,0.2886
412,S10,0.1734
412,S11,0.3527
412,S12,0.2775
412,S13,0.455
412,S14,0.3222
412,S15,0.1941
412,S16,0.3967
412,S17,0.3383
412,S18,0.1746
412,S19,0.3758
412,S20,0.3905
412,S21,0.2627
412,S22,0.3848
412,S23,0.2087
412,S24,0.4178
413,S1,0.314
413,S2,0.3478
413,S3,0.2827
413,S4,0.3527
413,S5,0.2526
413,S6,0.2528
413,S7,0.3369
413,S8,0.2208
413,S9,0.2515
413,S10,0.1917
413,S11,0.175
413,S12,0.2822
413,S13,0.3869
413,S14,0.2687
413,S15,0.2083
413,S16,0.3812
413,S17,0.3223
413,S18,0.2589
413,S19,0.2863
413,S20,0.2215
413,S21,0.2451
413,S22,0.2567
413,S23,0.2024
413,S24,0.3587
414,S1,0.3896
414,S2,0.3515
414,S3,0.1869
414,S4,0.2059
414,S5,0.1773
414,S6,0.3854
414,S7,0.4916
414,S8,0.296
414,S9,0.3044
414,S10,0.118
414,S11,0.1417
414,S12,0.2047
414,S13,0.3681
414,S14,0.378
414,S15,0.2934
414,S16,0.4182
414,S17,0.2329
414,S18,0.1885
414,S19,0.3503
414,S20,0.3038
414,S21,0.2336
414,S22,0.2379
414,S23,0.226
414,S24,0.3798
415,S1,0.2882
415,S2,0.2529
415,S3,0.2844
415,S4,0.3177
415,S5,0.2636
415,S6,0.3117
415,S7,0.3159
415,S8,0.2162
415,S9,0.3207
415,S10,0.1566
415,S11,0.218
415,S12,0.2661
415,S13,0.4481
415,S14,0.3362
415,S15,0.3258
415,S16,0.3567
415,S17,0.3782
415,S18,0.1913
415,S19,0.2658
415,S20,0.1728
415,S21,0.1973
415,S22,0.2698
415,S23,0.221
415,S24,0.3671
416,S1,0.2792
416,S2,0.2764
416,S3,0.2314
416,S4,0.2149
416,S5,0.1608
416,S6,0.2397
416,S7,0.4504
416,S8,0.225
416,S9,0.3586
416,S10,0.1284
416,S11,0.3304
416,S12,0.2941
416,S13,0.2301
416,S14,0.2577
416,S15,0.2748
416,S16,0.4516
416,S17,0.2449
416,S18,0.2191
416,S19,0.2935
416,S20,0.2726
416,S21,0.2685
416,S22,0.2537
416,S23,0.24
416,S24,0.2953
417,S1,0.3045
417,S2,0.3491
417,S3,0.2961
417,S4,0.3901
417,S5,0.1474
417,S6,0.2569
417,S7,0.4076
417,S8,0.2185
417,S9,0.2487
417,S10,0.2001
417,S11,0.2285
417,S12,0.3171
417,S13,0.5018
417,S14,0.3362
417,S15,0.3181
417,S16,0.4052
417,S17,0.3267
417,S18,0.3023
417,S19,0.3497
417,S20,0.2531
417,S21,0.1428
417,S22,0.295
417,S23,0.2329
417,S24,0.4162
418,S1,0.4037
418,S2,0.2675
418,S3,0.1512
418,S4,0.3003
418,S5,0.1878
418,S6,0.2656
418,S7,0.3933
418,S8,0.3027
418,S9,0.3245
418,S10,0.1754
418,S11,0.2528
418,S12,0.2391
418,S13,0.3198
418,S14,0.3072
418,S15,0.2725
418,S16,0.4168
418,S17,0.3093
418,S18,0.2536
418,S19,0.2152
418,S20,0.3006
418,S21,0.1876
418,S22,0.2342
418,S23,0.1558
418,S24,0.3803
419,S1,0.3503
419,S2,0.1991
419,S3,0.2739
419,S4,0.2374
419,S5,0.2056
419,S6,0.2968
419,S7,0.412
419,S8,0.2939
419,S9,0.2302
419,S10,0.1814
419,S11,0.2519
419,S12,0.2536
419,S13,0.3999
419,S14,0.2788
419,S15,0.228
419,S16,0.3107
419,S17,0.3393
419,S18,0.2548
419,S19,0.3945
419,S20,0.2501
419,S21,0.1882
419,S22,0.2353
419,S23,0.2144
419,S24,0.2772
420,S1,0.5022
420,S2,0.2215
420,S3,0.2637
420,S4,0.4378
420,S5,0.224
420,S6,0.2933
420,S7,0.2822
420,S8,0.1568
420,S9,0.3654
420,S10,0.2386
420,S11,0.2433
420,S12,0.1802
420,S13,0.1949
420,S14,0.2412
420,S15,0.2443
420,S16,0.5279
420,S17,0.3215
420,S18,0.2476
420,S19,0.3067
420,S20,0.2356
420,S21,0.2776
420,S22,0.312
420,S23,0.1159
420,S24,0.3029
421,S1,0.3037
421,S2,0.2672
421,S3,0.2781
421,S4,0.3262
421,S5,0.1969
421,S6,0.3578
421,S7,0.3012
421,S8,0.2974
421,S9,0.2742
421,S10,0.1866
421,S11,0.2517
421,S12,0.2391
421,S13,0.4174
421,S14,0.326
421,S15,0.2123
421,S16,0.3102
421,S17,0.4252
421,S18,0.2107
421,S19,0.3799
421,S20,0.1809
421,S21,0.2046
421,S22,0.2924
421,S23,0.2189
421,S24,0.1594
422,S1,0.3789
422,S2,0.231
422,S3,0.2662
422,S4,0.2642
422,S5,0.1658
422,S6,0.2678
422,S7,0.2763
422,S8,0.1961
422,S9,0.2411
422,S10,0.1161
422,S11,0.321
422,S12,0.1729
422,S13,0.3696
422,S14,0.3452
422,S15,0.2193
422,S16,0.334
422,S17,0.2962
422,S18,0.2855
422,S19,0.2554
422,S20,0.2587
422,S21,0.1416
422,S22,0.2764
422,S23,0.2014
422,S24,0.2902
423,S1,0.3332
423,S2,0.2155
423,S3,0.2539
423,S4,0.4037
423,S5,0.1561
423,S6,0.248
423,S7,0.3852
423,S8,0.2692
423,S9,0.2221
423,S10,0.1771
423,S11,0.2818
423,S12,0.2286
423,S13,0.1934
423,S14,0.3301
423,S15,0.326
423,S16,0.4093
423,S17,0.2249
423,S18,0.2094
423,S19,0.4513
423,S20,0.3152
423,S21,0.2444
423,S22,0.3214
423,S23,0.1736
423,S24,0.336
424,S1,0.361
424,S2,0.333
424,S3,0.3254
424,S4,0.4079
424,S5,0.1432
424,S6,0.296
424,S7,0.4016
424,S8,0.2435
424,S9,0.2768
424,S10,0.2902
424,S11,0.1986
424,S12,0.1828
424,S13,0.4012
424,S14,0.427
424,S15,0.2082
424,S16,0.3787
424,S17,0.3444
424,S18,0.2325
424,S19,0.311
424,S20,0.2968
424,S21,0.2285
424,S22,0.3618
424,S23,0.2517
424,S24,0.3715
425,S1,0.3881
425,S2,0.3128
425,S3,0.2745
425,S4,0.337
425,S5,0.2
425,S6,0.3511
425,S7,0.4561
425,S8,0.1513
425,S9,0.3173
425,S10,0.1581
425,S11,0.2501
425,S12,0.2521
425,S13,0.4347
425,S14,0.2933
425,S15,0.1543
425,S16,0.3228
425,S17,0.3341
425,S18,0.1054
425,S19,0.4125
425,S20,0.2945
425,S21,0.2737
425,S22,0.2881
425,S23,0.1175
425,S24,0.3801
426,S1,0.4601
426,S2,0.3555
426,S3,0.2169
426,S4,0.3391
426,S5,0.1787
426,S6,0.2369
426,S7,0.4169
426,S8,0.1648
426,S9,0.2601
426,S10,0.1429
426,S11,0.1872
426,S12,0.2402
426,S13,0.4724
426,S14,0.2889
426,S15,0.1747
426,S16,0.4672
426,S17,0.3789
426,S18,0.2032
426,S19,0.3014
426,S20,0.2942
426,S21,0.2869
426,S22,0.2688
426,S23,0.1467
426,S24,0.3942
427,S1,0.4253
427,S2,0.3004
427,S3,0.2221
427,S4,0.3996
427,S5,0.2211
427,S6,0.2398
427,S7,0.3534
427,S8,0.1581
427,S9,0.3601
427,S10,0.1737
427,S11,0.2434
427,S12,0.2318
427,S13,0.3864
427,S14,0.3537
427,S15,0.2796
427,S16,0.3875
427,S17,0.3266
427,S18,0.252
427,S19,0.3049
427,S20,0.26
427,S21,0.2102
427,S22,0.3303
427,S23,0.1853
427,S24,0.3227
428,S1,0.511
428,S2,0.3564
428,S3,0.212
428,S4,0.3714
428,S5,0.2047
428,S6,0.3055
428,S7,0.3596
428,S8,0.2682
428,S9,0.3386
428,S10,0.1811
428,S11,0.3223
428,S12,0.2442
428,S13,0.3926
428,S14,0.3188
428,S15,0.2453
428,S16,0.4007
428,S17,0.2501
428,S18,0.1983
428,S19,0.2668
428,S20,0.1924
428,S21,0.1785
428,S22,0.2895
428,S23,0.2041
428,S24,0.331
429,S1,0.1939
429,S2,0.3945
429,S3,0.3043
429,S4,0.3631
429,S5,0.2763
429,S6,0.2279
429,S7,0.4821
429,S8,0.1748
429,S9,0.3318
429,S10,0.1366
429,S11,0.2675
429,S12,0.2514
429,S13,0.3715
429,S14,0.3428
429,S15,0.255
429,S16,0.3582
429,S17,0.2512
429,S18,0.2712
429,S19,0.2898
429,S20,0.3155
429,S21,0.2697
429,S22,0.1999
429,S23,0.2453
429,S24,0.4942
430,S1,0.3851
430,S2,0.3359
430,S3,0.3019
430,S4,0.315
430,S5,0.2073
430,S6,0.2089
430,S7,0.3597
430,S8,0.2383
430,S9,0.3494
430,S10,0.2224
430,S11,0.2253
430,S12,0.2085
430,S13,0.5287
430,S14,0.291
430,S15,0.26
430,S16,0.3946
430,S17,0.2368
430,S18,0.3091
430,S19,0.2982
430,S20,0.2065
430,S21,0.1971
430,S22,0.1799
430,S23,0.1739
430,S24,0.2822
431,S1,0.4119
431,S2,0.2596
431,S3,0.2944
431,S4,0.4266
431,S5,0.2312
431,S6,0.2711
431,S7,0.3599
431,S8,0.1506
431,S9,0.3082
431,S10,0.1518
431,S11,0.3037
431,S12,0.3534
431,S13,0.4217
431,S14,0.1805
431,S15,0.2319
431,S16,0.4098
431,S17,0.2883
431,S18,0.1992
431,S19,0.3497
431,S20,0.2004
431,S21,0.1757
431,S22,0.3387
431,S23,0.1594
431,S24,0.3877
432,S1,0.2662
432,S2,0.4059
432,S3,0.2113
432,S4,0.3184
432,S5,0.2132
432,S6,0.2513
432,S7,0.36
432,S8,0.2416
432,S9,0.3775
432,S10,0.2124
432,S11,0.2575
432,S12,0.2265
432,S13,0.5634
432,S14,0.357
432,S15,0.2039
432,S16,0.408
432,S17,0.2643
432,S18,0.227
432,S19,0.2514
432,S20,0.2447
432,S21,0.2952
432,S22,0.3347
432,S23,0.1004
432,S24,0.4352
433,S1,0.4466
433,S2,0.2784
433,S3,0.2859
433,S4,0.276
433,S5,0.1812
433,S6,0.3683
433,S7,0.331
433,S8,0.1356
433,S9,0.3127
433,S10,0.1805
433,S11,0.3306
433,S12,0.234
433,S13,0.351
433,S14,0.3627
433,S15,0.256
433,S16,0.34
433,S17,0.3488
433,S18,0.2424
433,S19,0.3335
433,S20,0.2762
433,S21,0.1703
433,S22,0.2683
433,S23,0.2001
433,S24,0.3364
434,S1,0.46
434,S2,0.313
434,S3,0.2927
434,S4,0.334
434,S5,0.2423
434,S6,0.3059
434,S7,0.3509
434,S8,0.2161
434,S9,0.2562
434,S10,0.2019
434,S11,0.2645
434,S12,0.2099
434,S13,0.4682
434,S14,0.225
434,S15,0.2289
434,S16,0.4822
434,S17,0.3012
434,S18,0.2311
434,S19,0.3501
434,S20,0.2762
434,S21,0.1509
434,S22,0.279
434,S23,0.2647
434,S24,0.3038
435,S1,0.3433
435,S2,0.2675
435,S3,0.2456
435,S4,0.2945
435,S5,0.2195
435,S6,0.2945
435,S7,0.4041
435,S8,0.1711
435,S9,0.2951
435,S10,0.1751
435,S11,0.291
435,S12,0.1963
435,S13,0.4535
435,S14,0.3712
435,S15,0.2006
435,S16,0.3607
435,S17,0.2532
435,S18,0.3562
435,S19,0.3047
435,S20,0.3561
435,S21,0.1618
435,S22,0.2406
435,S23,0.1725
435,S24,0.2908
436,S1,0.347
436,S2,0.2575
436,S3,0.209
436,S4,0.4106
436,S5,0.249
436,S6,0.3371
436,S7,0.3867
436,S8,0.2207
436,S9,0.2852
436,S10,0.1484
436,S11,0.286
436,S12,0.1786
436,S13,0.3071
436,S14,0.3692
436,S15,0.345
436,S16,0.4315
436,S17,0.346
436,S18,0.2219
436,S19,0.2442
436,S20,0.2993
436,S21,0.2413
436,S22,0.3043
436,S23,0.1903
436,S24,0.4174
437,S1,0.2944
437,S2,0.2536
437,S3,0.1996
437,S4,0.339
437,S5,0.1565
437,S6,0.2446
437,S7,0.3006
437,S8,0.2054
437,S9,0.2225
437,S10,0.1865
437,S11,0.3332
437,S12,0.2397
437,S13,0.5015
437,S14,0.38
437,S15,0.2889
437,S16,0.406
437,S17,0.2846
437,S18,0.269
437,S19,0.3072
437,S20,0.1663
437,S21,0.238
437,S22,0.2321
437,S23,0.1615
437,S24,0.35
438,S1,0.3597
438,S2,0.2153
438,S3,0.2583
438,S4,0.3977
438,S5,0.1549
438,S6,0.3554
438,S7,0.2408
438,S8,0.3084
438,S9,0.2906
438,S10,0.1887
438,S11,0.1658
438,S12,0.2304
438,S13,0.4009
438,S14,0.2948
438,S15,0.2218
438,S16,0.3243
438,S17,0.3474
438,S18,0.2348
438,S19,0.4361
438,S20,0.2386
438,S21,0.1978
438,S22,0.3489
438,S23,0.1351
438,S24,0.2651
439,S1,0.4471
439,S2,0.2297
439,S3,0.159
439,S4,0.4579
439,S5,0.1442
439,S6,0.2938
439,S7,0.3548
439,S8,0.0949
439,S9,0.2997
439,S10,0.1998
439,S11,0.2856
439,S12,0.2755
439,S13,0.3536
439,S14,0.3428
439,S15,0.2155
439,S16,0.2872
439,S17,0.2098
439,S18,0.1651
439,S19,0.4006
439,S20,0.1859
439,S21,0.2285
439,S22,0.284
439,S23,0.1959
439,S24,0.4455
440,S1,0.3345
440,S2,0.3367
440,S3,0.2519
440,S4,0.3232
440,S5,0.292
440,S6,0.2017
440,S7,0.4402
440,S8,0.2451
440,S9,0.2863
440,S10,0.2431
440,S11,0.1681
440,S12,0.209
440,S13,0.2907
440,S14,0.3247
440,S15,0.1943
440,S16,0.4346
440,S17,0.2728
440,S18,0.211
440,S19,0.3592
440,S20,0.2523
440,S21,0.1695
440,S22,0.4681
440,S23,0.1805
440,S24,0.1948
441,S1,0.3049
441,S2,0.224
441,S3,0.2913
441,S4,0.3548
441,S5,0.2159
441,S6,0.2624
441,S7,0.3304
441,S8,0.2006
441,S9,0.3115
441,S10,0.214
441,S11,0.2846
441,S12,0.2567
441,S13,0.4216
441,S14,0.3531
441,S15,0.2644
441,S16,0.4287
441,S17,0.3507
441,S18,0.2023
441,S19,0.2763
441,S20,0.2034
441,S21,0.2246
441,S22,0.1888
441,S23,0.2185
441,S24,0.3424
442,S1,0.4499
442,S2,0.2597
442,S3,0.2398
442,S4,0.4081
442,S5,0.2553
442,S6,0.2448
442,S7,0.3627
442,S8,0.2294
442,S9,0.3403
442,S10,0.1737
442,S11,0.335
442,S12,0.1451
442,S13,0.351
442,S14,0.3269
442,S15,0.2729
442,S16,0.5082
442,S17,0.3512
442,S18,0.22
442,S19,0.42
442,S20,0.2286
442,S21,0.257
442,S22,0.4086
442,S23,0.2486
442,S24,0.3574
443,S1,0.3423
443,S2,0.2083
443,S3,0.2655
443,S4,0.259
443,S5,0.1683
443,S6,0.2159
443,S7,0.3178
443,S8,0.2155
443,S9,0.334
443,S10,0.1613
443,S11,0.3237
443,S12,0.2236
443,S13,0.3229
443,S14,0.3136
443,S15,0.3482
443,S16,0.4268
443,S17,0.2628
443,S18,0.1621
443,S19,0.3187
443,S20,0.2792
443,S21,0.1999
443,S22,0.2001
443,S23,0.166
443,S24,0.4518
444,S1,0.4718
444,S2,0.2468
444,S3,0.2836
444,S4,0.2548
444,S5,0.2562
444,S6,0.2972
444,S7,0.4165
444,S8,0.1423
444,S9,0.3596
444,S10,0.1831
444,S11,0.3121
444,S12,0.276
444,S13,0.3884
444,S14,0.264
444,S15,0.289
444,S16,0.3952
444,S17,0.2339
444,S18,0.1904
444,S19,0.2349
444,S20,0.2395
444,S21,0.2644
444,S22,0.3107
444,S23,0.1788
444,S24,0.4063
445,S1,0.3056
445,S2,0.3057
445,S3,0.241
445,S4,0.3853
445,S5,0.1369
445,S6,0.2352
445,S7,0.2353
445,S8,0.2054
445,S9,0.3934
445,S10,0.1648
445,S11,0.2394
445,S12,0.274
445,S13,0.4653
445,S14,0.2947
445,S15,0.2842
445,S16,0.3138
445,S17,0.3614
445,S18,0.3336
445,S19,0.3681
445,S20,0.1555
445,S21,0.1925
445,S22,0.3368
445,S23,0.1831
445,S24,0.4391
446,S1,0.4098
446,S2,0.2576
446,S3,0.2516
446,S4,0.2737
446,S5,0.1927
446,S6,0.2519
446,S7,0.4322
446,S8,0.3084
446,S9,0.226
446,S10,0.1128
446,S11,0.2536
446,S12,0.1625
446,S13,0.3869
446,S14,0.3449
446,S15,0.3247
446,S16,0.4161
446,S17,0.2724
446,S18,0.141
446,S19,0.3351
446,S20,0.2705
446,S21,0.2444
446,S22,0.2575
446,S23,0.1826
446,S24,0.2465
447,S1,0.1986
447,S2,0.2335
447,S3,0.1715
447,S4,0.3558
447,S5,0.1793
447,S6,0.2528
447,S7,0.2811
447,S8,0.0766
447,S9,0.4122
447,S10,0.1467
447,S11,0.2447
447,S12,0.1654
447,S13,0.4578
447,S14,0.3086
447,S15,0.2087
447,S16,0.3686
447,S17,0.3784
447,S18,0.2299
447,S19,0.3212
447,S20,0.2165
447,S21,0.1346
447,S22,0.2904
447,S23,0.213
447,S24,0.427
448,S1,0.2018
448,S2,0.2325
448,S3,0.221
448,S4,0.3331
448,S5,0.1942
448,S6,0.2764
448,S7,0.3786
448,S8,0.1775
448,S9,0.3758
448,S10,0.1992
448,S11,0.2496
448,S12,0.308
448,S13,0.5027
448,S14,0.356
448,S15,0.0991
448,S16,0.5263
448,S17,0.3284
448,S18,0.327
448,S19,0.4158
448,S20,0.3508
448,S21,0.2547
448,S22,0.3809
448,S23,0.2798
448,S24,0.3652
449,S1,0.2514
449,S2,0.2816
449,S3,0.2695
449,S4,0.3383
449,S5,0.1501
449,S6,0.1909
449,S7,0.2981
449,S8,0.2517
449,S9,0.4168
449,S10,0.2169
449,S11,0.3231
449,S12,0.2296
449,S13,0.2498
449,S14,0.2727
449,S15,0.2371
449,S16,0.3602
449,S17,0.2864
449,S18,0.2539
449,S19,0.3902
449,S20,0.2518
449,S21,0.1342
449,S22,0.271
449,S23,0.2017
449,S24,0.4356
450,S1,0.325
450,S2,0.3308
450,S3,0.2645
450,S4,0.3363
450,S5,0.2372
450,S6,0.2459
450,S7,0.3097
450,S8,0.2162
450,S9,0.2761
450,S10,0.202
450,S11,0.2286
450,S12,0.2439
450,S13,0.3757
450,S14,0.3129
450,S15,0.227
450,S16,0.3729
450,S17,0.2888
450,S18,0.2428
450,S19,0.3331
450,S20,0.3576
450,S21,0.1737
450,S22,0.2961
450,S23,0.1371
450,S24,0.376
451,S1,0.2849
451,S2,0.2833
451,S3,0.2314
451,S4,0.3521
451,S5,0.1779
451,S6,0.2496
451,S7,0.4505
451,S8,0.229
451,S9,0.2811
451,S10,0.1741
451,S11,0.3544
451,S12,0.2224
451,S13,0.3305
451,S14,0.2589
451,S15,0.2225
451,S16,0.3524
451,S17,0.2108
451,S18,0.1809
451,S19,0.278
451,S20,0.2982
451,S21,0.2001
451,S22,0.2876
451,S23,0.2508
451,S24,0.4407
452,S1,0.346
452,S2,0.2621
452,S3,0.2068
452,S4,0.3795
452,S5,0.1918
452,S6,0.2614
452,S7,0.293
452,S8,0.1833
452,S9,0.3369
452,S10,0.1351
452,S11,0.3197
452,S12,0.2084
452,S13,0.3719
452,S14,0.2198
452,S15,0.2494
452,S16,0.3737
452,S17,0.2805
452,S18,0.302
452,S19,0.3452
452,S20,0.2243
452,S21,0.1858
452,S22,0.3357
452,S23,0.2519
452,S24,0.3697
453,S1,0.4172
453,S2,0.3366
453,S3,0.321
453,S4,0.2034
453,S5,0.2267
453,S6,0.3391
453,S7,0.2563
453,S8,0.1783
453,S9,0.2628
453,S10,0.1566
453,S11,0.241
453,S12,0.2447
453,S13,0.4497
453,S14,0.3649
453,S15,0.2081
453,S16,0.3324
453,S17,0.3579
453,S18,0.2635
453,S19,0.3389
453,S20,0.2919
453,S21,0.2154
453,S22,0.3315
453,S23,0.1866
453,S24,0.3688
454,S1,0.2559
454,S2,0.2587
454,S3,0.2161
454,S4,0.3084
454,S5,0.1629
454,S6,0.2531
454,S7,0.244
454,S8,0.2404
454,S9,0.3114
454,S10,0.1208
454,S11,0.2221
454,S12,0.249
454,S13,0.3417
454,S14,0.2582
454,S15,0.2463
454,S16,0.4275
454,S17,0.2019
454,S18,0.259
454,S19,0.28
454,S20,0.2657
454,S21,0.2151
454,S22,0.2684
454,S23,0.1591
454,S24,0.33
455,S1,0.4859
455,S2,0.2183
455,S3,0.3346
455,S4,0.316
455,S5,0.2014
455,S6,0.2218
455,S7,0.296
455,S8,0.1949
455,S9,0.2504
455,S10,0.1757
455,S11,0.245
455,S12,0.3197
455,S13,0.2939
455,S14,0.3062
455,S15,0.2624
455,S16,0.3144
455,S17,0.3223
455,S18,0.2147
455,S19,0.1672
455,S20,0.3019
455,S21,0.1683
455,S22,0.2371
455,S23,0.2275
455,S24,0.3257
456,S1,0.434
456,S2,0.3726
456,S3,0.2178
456,S4,0.3862
456,S5,0.1698
456,S6,0.4099
456,S7,0.3015
456,S8,0.2611
456,S9,0.3701
456,S10,0.1949
456,S11,0.2309
456,S12,0.2263
456,S13,0.2182
456,S14,0.3135
456,S15,0.2675
456,S16,0.4107
456,S17,0.1148
456,S18,0.1743
456,S19,0.2835
456,S20,0.2822
456,S21,0.2292
456,S22,0.2898
456,S23,0.2254
456,S24,0.2782
457,S1,0.4114
457,S2,0.3285
457,S3,0.2689
457,S4,0.3212
457,S5,0.2732
457,S6,0.3113
457,S7,0.2822
457,S8,0.2274
457,S9,0.3643
457,S10,0.1618
457,S11,0.3248
457,S12,0.2512
457,S13,0.2037
457,S14,0.318
457,S15,0.2297
457,S16,0.443
457,S17,0.3368
457,S18,0.2424
457,S19,0.4444
457,S20,0.2571
457,S21,0.2437
457,S22,0.3483
457,S23,0.1961
457,S24,0.4045
458,S1,0.3231
458,S2,0.2746
458,S3,0.1844
458,S4,0.3494
458,S5,0.213
458,S6,0.3502
458,S7,0.4054
458,S8,0.2043
458,S9,0.242
458,S10,0.1992
458,S11,0.3259
458,S12,0.2686
458,S13,0.4665
458,S14,0.2873
458,S15,0.2267
458,S16,0.341
458,S17,0.2802
458,S18,0.2297
458,S19,0.3471
458,S20,0.2598
458,S21,0.2109
458,S22,0.2534
458,S23,0.2377
458,S24,0.3554
459,S1,0.3539
459,S2,0.2552
459,S3,0.1834
459,S4,0.4205
459,S5,0.2222
459,S6,0.1913
459,S7,0.4034
459,S8,0.2566
459,S9,0.3245
459,S10,0.2419
459,S11,0.2782
459,S12,0.1672
459,S13,0.4113
459,S14,0.3147
459,S15,0.2198
459,S16,0.4459
459,S17,0.1888
459,S18,0.2796
459,S19,0.2748
459,S20,0.2141
459,S21,0.2117
459,S22,0.326
459,S23,0.2066
459,S24,0.298
460,S1,0.3296
460,S2,0.232
460,S3,0.2388
460,S4,0.405
460,S5,0.1998
460,S6,0.332
460,S7,0.4519
460,S8,0.1912
460,S9,0.3049
460,S10,0.2629
460,S11,0.3437
460,S12,0.1553
460,S13,0.413
460,S14,0.3
460,S15,0.2913
460,S16,0.3404
460,S17,0.2358
460,S18,0.2018
460,S19,0.2952
460,S20,0.3102
460,S21,0.1655
460,S22,0.2626
460,S23,0.1284
460,S24,0.4205
461,S1,0.4599
461,S2,0.2804
461,S3,0.2351
461,S4,0.3635
461,S5,0.259
461,S6,0.3065
461,S7,0.3012
461,S8,0.1465
461,S9,0.246
461,S10,0.186
461,S11,0.2317
461,S12,0.2424
461,S13,0.3409
461,S14,0.2365
461,S15,0.1911
461,S16,0.525
461,S17,0.3337
461,S18,0.3141
461,S19,0.3693
461,S20,0.2437
461,S21,0.274
461,S22,0.298
461,S23,0.2088
461,S24,0.347
462,S1,0.1506
462,S2,0.3963
462,S3,0.2746
462,S4,0.3553
462,S5,0.1975
462,S6,0.2926
462,S7,0.3082
462,S8,0.2434
462,S9,0.2339
462,S10,0.1902
462,S11,0.2966
462,S12,0.2241
462,S13,0.4118
462,S14,0.2405
462,S15,0.2017
462,S16,0.4189
462,S17,0.3218
462,S18,0.1458
462,S19,0.3681
462,S20,0.2377
462,S21,0.2083
462,S22,0.2196
462,S23,0.1659
462,S24,0.4176
463,S1,0.3691
463,S2,0.277
463,S3,0.2442
463,S4,0.3659
463,S5,0.2176
463,S6,0.2791
463,S7,0.4265
463,S8,0.2587
463,S9,0.3428
463,S10,0.1853
463,S11,0.3017
463,S12,0.248
463,S13,0.4647
463,S14,0.354
463,S15,0.1991
463,S16,0.3131
463,S17,0.2436
463,S18,0.2789
463,S19,0.2282
463,S20,0.2877
463,S21,0.2324
463,S22,0.3698
463,S23,0.2072
463,S24,0.256
464,S1,0.2963
464,S2,0.2291
464,S3,0.2231
464,S4,0.3211
464,S5,0.1534
464,S6,0.3667
464,S7,0.2572
464,S8,0.275
464,S9,0.3917
464,S10,0.2163
464,S11,0.2297
464,S12,0.2493
464,S13,0.2854
464,S14,0.3547
464,S15,0.2463
464,S16,0.3673
464,S17,0.214
464,S18,0.1177
464,S19,0.2641
464,S20,0.326
464,S21,0.1992
464,S22,0.2898
464,S23,0.2262
464,S24,0.4764
465,S1,0.4638
465,S2,0.2417
465,S3,0.1529
465,S4,0.4906
465,S5,0.2908
465,S6,0.294
465,S7,0.2611
465,S8,0.2584
465,S9,0.3098
465,S10,0.1792
465,S11,0.3144
465,S12,0.2489
465,S13,0.2924
465,S14,0.2805
465,S15,0.2831
465,S16,0.4408
465,S17,0.2982
465,S18,0.2769
465,S19,0.3092
465,S20,0.2762
465,S21,0.0704
465,S22,0.273
465,S23,0.2306
465,S24,0.3227
466,S1,0.3325
466,S2,0.2375
466,S3,0.3002
466,S4,0.3699
466,S5,0.233
466,S6,0.1855
466,S7,0.3388
466,S8,0.2045
466,S9,0.2989
466,S10,0.1607
466,S11,0.2482
466,S12,0.273
466,S13,0.2367
466,S14,0.4066
466,S15,0.2742
466,S16,0.3966
466,S17,0.3347
466,S18,0.1656
466,S19,0.289
466,S20,0.2602
466,S21,0.2758
466,S22,0.2972
466,S23,0.218
466,S24,0.3087
467,S1,0.4024
467,S2,0.4006
467,S3,0.2998
467,S4,0.3279
467,S5,0.227
467,S6,0.3161
467,S7,0.3855
467,S8,0.2649
467,S9,0.3866
467,S10,0.1787
467,S11,0.3009
467,S12,0.2155
467,S13,0.3126
467,S14,0.2838
467,S15,0.2462
467,S16,0.2671
467,S17,0.3321
467,S18,0.1042
467,S19,0.5143
467,S20,0.3468
467,S21,0.2054
467,S22,0.3006
467,S23,0.2121
467,S24,0.3088
468,S1,0.3808
468,S2,0.2914
468,S3,0.2453
468,S4,0.3454
468,S5,0.1475
468,S6,0.2856
468,S7,0.3614
468,S8,0.2223
468,S9,0.303
468,S10,0.2251
468,S11,0.2478
468,S12,0.2439
468,S13,0.4828
468,S14,0.2952
468,S15,0.2607
468,S16,0.3923
468,S17,0.3535
468,S18,0.2213
468,S19,0.4189
468,S20,0.2611
468,S21,0.1794
468,S22,0.3408
468,S23,0.1878
468,S24,0.3934
469,S1,0.1665
469,S2,0.3003
469,S3,0.227
469,S4,0.2624
469,S5,0.1779
469,S6,0.2508
469,S7,0.3466
469,S8,0.1574
469,S9,0.3367
469,S10,0.2334
469,S11,0.2816
469,S12,0.2711
469,S13,0.4672
469,S14,0.3742
469,S15,0.3435
469,S16,0.3601
469,S17,0.2426
469,S18,0.2699
469,S19,0.3806
469,S20,0.308
469,S21,0.2985
469,S22,0.3007
469,S23,0.217
469,S24,0.2814
470,S1,0.5233
470,S2,0.2798
470,S3,0.2346
470,S4,0.3102
470,S5,0.1742
470,S6,0.242
470,S7,0.3133
470,S8,0.1575
470,S9,0.2669
470,S10,0.2548
470,S11,0.3059
470,S12,0.2765
470,S13,0.4736
470,S14,0.41
470,S15,0.1614
470,S16,0.3016
470,S17,0.2378
470,S18,0.2114
470,S19,0.3133
470,S20,0.2428
470,S21,0.2262
470,S22,0.3021
470,S23,0.1711
470,S24,0.1977
471,S1,0.2939
471,S2,0.267
471,S3,0.2376
471,S4,0.258
471,S5,0.1804
471,S6,0.2192
471,S7,0.3412
471,S8,0.1702
471,S9,0.2629
471,S10,0.1353
471,S11,0.2585
471,S12,0.1929
471,S13,0.4529
471,S14,0.3244
471,S15,0.2465
471,S16,0.3362
471,S17,0.3049
471,S18,0.2656
471,S19,0.3428
471,S20,0.3522
471,S21,0.2366
471,S22,0.3548
471,S23,0.2053
471,S24,0.3973
472,S1,0.3082
472,S2,0.2725
472,S3,0.2675
472,S4,0.3561
472,S5,0.2203
472,S6,0.3457
472,S7,0.2503
472,S8,0.1744
472,S9,0.3312
472,S10,0.1568
472,S11,0.4468
472,S12,0.2574
472,S13,0.3773
472,S14,0.2691
472,S15,0.226
472,S16,0.4024
472,S17,0.2897
472,S18,0.212
472,S19,0.3151
472,S20,0.3384
472,S21,0.2767
472,S22,0.3151
472,S23,0.1463
472,S24,0.3877
473,S1,0.4806
473,S2,0.3822
473,S3,0.2867
473,S4,0.4282
473,S5,0.2021
473,S6,0.3189
473,S7,0.3023
473,S8,0.2293
473,S9,0.4009
473,S10,0.1617
473,S11,0.2207
473,S12,0.2379
473,S13,0.366
473,S14,0.3389
473,S15,0.2273
473,S16,0.5375
473,S17,0.2103
473,S18,0.2918
473,S19,0.2823
473,S20,0.1709
473,S21,0.227
473,S22,0.2847
473,S23,0.1556
473,S24,0.2323
474,S1,0.3661
474,S2,0.3586
474,S3,0.2792
474,S4,0.3371
474,S5,0.2192
474,S6,0.2818
474,S7,0.2499
474,S8,0.1551
474,S9,0.3038
474,S10,0.1774
474,S11,0.3121
474,S12,0.2687
474,S13,0.4297
474,S14,0.2832
474,S15,0.181
474,S16,0.433
474,S17,0.3131
474,S18,0.1219
474,S19,0.2777
474,S20,0.2298
474,S21,0.2218
474,S22,0.2518
474,S23,0.1985
474,S24,0.3353
475,S1,0.355
475,S2,0.257
475,S3,0.2181
475,S4,0.2613
475,S5,0.2152
475,S6,0.3157
475,S7,0.2961
475,S8,0.2826
475,S9,0.2967
475,S10,0.2394
475,S11,0.2324
475,S12,0.1388
475,S13,0.4142
475,S14,0.3149
475,S15,0.2517
475,S16,0.3486
475,S17,0.2814
475,S18,0.2095
475,S19,0.3132
475,S20,0.3116
475,S21,0.2246
475,S22,0.3366
475,S23,0.1907
475,S24,0.3261
476,S1,0.2821
476,S2,0.2778
476,S3,0.0839
476,S4,0.294
476,S5,0.1967
476,S6,0.3153
476,S7,0.3312
476,S8,0.2317
476,S9,0.1786
476,S10,0.1812
476,S11,0.1771
476,S12,0.1769
476,S13,0.369
476,S14,0.3766
476,S15,0.2686
476,S16,0.4015
476,S17,0.2822
476,S18,0.2
476,S19,0.2971
476,S20,0.2895
476,S21,0.1566
476,S22,0.3356
476,S23,0.1845
476,S24,0.4078
477,S1,0.4371
477,S2,0.1996
477,S3,0.2209
477,S4,0.2763
477,S5,0.1275
477,S6,0.2248
477,S7,0.5209
477,S8,0.2431
477,S9,0.4381
477,S10,0.2137
477,S11,0.2271
477,S12,0.2155
477,S13,0.4284
477,S14,0.3263
477,S15,0.2211
477,S16,0.2792
477,S17,0.4696
477,S18,0.2267
477,S19,0.3116
477,S20,0.2727
477,S21,0.2061
477,S22,0.3074
477,S23,0.2515
477,S24,0.3413
478,S1,0.2814
478,S2,0.2903
478,S3,0.2268
478,S4,0.4283
478,S5,0.2468
478,S6,0.2894
478,S7,0.2605
478,S8,0.1635
478,S9,0.3176
478,S10,0.1957
478,S11,0.2467
478,S12,0.2109
478,S13,0.3379
478,S14,0.2986
478,S15,0.1309
478,S16,0.3119
478,S17,0.2478
478,S18,0.2897
478,S19,0.2791
478,S20,0.2763
478,S21,0.2265
478,S22,0.3779
478,S23,0.2505
478,S24,0.346
479,S1,0.3318
479,S2,0.2602
479,S3,0.2379
479,S4,0.3044
479,S5,0.2221
479,S6,0.3072
479,S7,0.3914
479,S8,0.2712
479,S9,0.4346
479,S10,0.1879
479,S11,0.3253
479,S12,0.2169
479,S13,0.4742
479,S14,0.3637
479,S15,0.3004
479,S16,0.4075
479,S17,0.2455
479,S18,0.1683
479,S19,0.3307
479,S20,0.3484
479,S21,0.2032
479,S22,0.3471
479,S23,0.2338
479,S24,0.3301
