arac_sayisi,alpha,talep_faktor,talep_sok_pct,dispatch_kural,n_modu,starv_pct,starv_dk,ort_wip,sefer_sayisi,mesafe_km
1,0.05,0.8,-20,EDD,Dinamik_N,63.6,7327,80.8,8,13.13
2,0.05,0.8,-20,EDD,Dinamik_N,44.26,5099,124.6,16,25.54
3,0.05,0.8,-20,EDD,Dinamik_N,26.86,3094,167.7,24,39.23
4,0.05,0.8,-20,EDD,Dinamik_N,12.54,1445,206.3,31,46.65
5,0.05,0.8,-20,EDD,Dinamik_N,9.36,1078,220.0,63,49.62
6,0.05,0.8,-20,EDD,Dinamik_N,4.58,528,226.8,93,49.49
7,0.05,0.8,-20,EDD,Dinamik_N,3.57,411,228.6,107,48.1
8,0.05,0.8,-20,EDD,Dinamik_N,2.42,279,229.3,114,47.94
1,0.1,0.8,-20,EDD,Dinamik_N,63.59,7325,80.9,8,13.13
2,0.1,0.8,-20,EDD,Dinamik_N,44.24,5097,124.7,16,25.38
3,0.1,0.8,-20,EDD,Dinamik_N,26.92,3101,168.0,24,39.52
4,0.1,0.8,-20,EDD,Dinamik_N,11.26,1297,209.0,31,47.63
5,0.1,0.8,-20,EDD,Dinamik_N,8.27,953,220.8,68,48.63
6,0.1,0.8,-20,EDD,Dinamik_N,5.19,598,225.9,99,48.96
7,0.1,0.8,-20,EDD,Dinamik_N,3.23,372,229.0,111,48.75
8,0.1,0.8,-20,EDD,Dinamik_N,2.6,299,229.9,117,48.83
1,0.15,0.8,-20,EDD,Dinamik_N,63.65,7332,80.8,8,12.46
2,0.15,0.8,-20,EDD,Dinamik_N,44.18,5090,124.8,16,25.69
3,0.15,0.8,-20,EDD,Dinamik_N,26.86,3094,168.4,24,38.77
4,0.15,0.8,-20,EDD,Dinamik_N,13.2,1521,206.3,32,47.31
5,0.15,0.8,-20,EDD,Dinamik_N,9.7,1117,220.0,67,50.23
6,0.15,0.8,-20,EDD,Dinamik_N,4.97,572,227.2,100,47.99
7,0.15,0.8,-20,EDD,Dinamik_N,2.31,266,230.7,117,48.16
8,0.15,0.8,-20,EDD,Dinamik_N,1.71,197,231.0,124,47.72
1,0.2,0.8,-20,EDD,Dinamik_N,63.63,7330,80.9,8,13.03
2,0.2,0.8,-20,EDD,Dinamik_N,44.16,5087,124.9,16,26.92
3,0.2,0.8,-20,EDD,Dinamik_N,26.86,3094,168.4,24,39.56
4,0.2,0.8,-20,EDD,Dinamik_N,13.99,1612,204.7,33,47.52
5,0.2,0.8,-20,EDD,Dinamik_N,8.51,980,221.4,67,50.81
6,0.2,0.8,-20,EDD,Dinamik_N,5.03,579,226.2,96,51.01
7,0.2,0.8,-20,EDD,Dinamik_N,2.46,283,230.1,118,50.16
8,0.2,0.8,-20,EDD,Dinamik_N,1.42,164,230.8,126,49.22
1,0.25,0.8,-20,EDD,Dinamik_N,63.62,7329,81.0,8,13.01
2,0.25,0.8,-20,EDD,Dinamik_N,44.13,5084,125.1,16,26.12
3,0.25,0.8,-20,EDD,Dinamik_N,26.39,3040,168.3,24,39.46
4,0.25,0.8,-20,EDD,Dinamik_N,11.15,1285,209.6,33,48.41
5,0.25,0.8,-20,EDD,Dinamik_N,8.99,1036,221.9,68,50.83
6,0.25,0.8,-20,EDD,Dinamik_N,5.02,578,226.9,97,49.67
7,0.25,0.8,-20,EDD,Dinamik_N,3.0,346,229.4,117,49.44
8,0.25,0.8,-20,EDD,Dinamik_N,2.48,286,229.6,124,49.0
1,0.3,0.8,-20,EDD,Dinamik_N,63.59,7326,81.0,8,13.09
2,0.3,0.8,-20,EDD,Dinamik_N,44.09,5079,125.2,16,26.53
3,0.3,0.8,-20,EDD,Dinamik_N,26.98,3108,168.5,24,39.84
4,0.3,0.8,-20,EDD,Dinamik_N,11.28,1300,209.0,33,48.88
5,0.3,0.8,-20,EDD,Dinamik_N,8.84,1018,221.1,65,50.79
6,0.3,0.8,-20,EDD,Dinamik_N,4.57,526,228.0,95,50.26
7,0.3,0.8,-20,EDD,Dinamik_N,3.18,366,229.7,111,50.02
8,0.3,0.8,-20,EDD,Dinamik_N,2.44,281,230.2,121,49.76
1,0.05,0.9,-10,EDD,Dinamik_N,67.34,7758,72.2,8,13.06
2,0.05,0.9,-10,EDD,Dinamik_N,49.64,5719,112.0,16,26.44
3,0.05,0.9,-10,EDD,Dinamik_N,33.45,3853,151.0,24,39.4
4,0.05,0.9,-10,EDD,Dinamik_N,18.5,2131,188.8,32,50.68
5,0.05,0.9,-10,EDD,Dinamik_N,13.61,1568,210.2,52,56.06
6,0.05,0.9,-10,EDD,Dinamik_N,8.95,1031,218.8,83,54.29
7,0.05,0.9,-10,EDD,Dinamik_N,4.95,570,224.0,111,53.78
8,0.05,0.9,-10,EDD,Dinamik_N,3.8,438,225.4,125,53.46
1,0.1,0.9,-10,EDD,Dinamik_N,67.3,7753,72.4,8,12.61
2,0.1,0.9,-10,EDD,Dinamik_N,49.67,5722,112.1,16,25.85
3,0.1,0.9,-10,EDD,Dinamik_N,33.32,3838,151.4,24,39.43
4,0.1,0.9,-10,EDD,Dinamik_N,20.29,2337,185.8,33,50.27
5,0.1,0.9,-10,EDD,Dinamik_N,12.49,1439,211.1,54,58.88
6,0.1,0.9,-10,EDD,Dinamik_N,7.9,910,221.4,94,55.76
7,0.1,0.9,-10,EDD,Dinamik_N,4.69,540,224.6,120,54.17
8,0.1,0.9,-10,EDD,Dinamik_N,3.79,437,225.2,128,53.69
1,0.15,0.9,-10,EDD,Dinamik_N,67.3,7753,72.4,8,12.46
2,0.15,0.9,-10,EDD,Dinamik_N,49.61,5715,112.1,16,25.72
3,0.15,0.9,-10,EDD,Dinamik_N,33.63,3874,151.3,24,39.46
4,0.15,0.9,-10,EDD,Dinamik_N,18.78,2164,188.2,32,48.66
5,0.15,0.9,-10,EDD,Dinamik_N,12.74,1468,210.8,52,54.19
6,0.15,0.9,-10,EDD,Dinamik_N,8.08,931,220.5,92,55.31
7,0.15,0.9,-10,EDD,Dinamik_N,4.12,475,226.1,117,54.68
8,0.15,0.9,-10,EDD,Dinamik_N,3.51,404,225.8,132,54.31
1,0.2,0.9,-10,EDD,Dinamik_N,67.34,7758,72.4,8,12.48
2,0.2,0.9,-10,EDD,Dinamik_N,49.56,5709,112.2,16,25.58
3,0.2,0.9,-10,EDD,Dinamik_N,33.33,3840,151.9,24,39.32
4,0.2,0.9,-10,EDD,Dinamik_N,18.6,2143,188.8,32,48.52
5,0.2,0.9,-10,EDD,Dinamik_N,10.83,1248,213.9,53,57.21
6,0.2,0.9,-10,EDD,Dinamik_N,8.39,967,220.2,91,54.7
7,0.2,0.9,-10,EDD,Dinamik_N,5.01,577,224.7,119,54.85
8,0.2,0.9,-10,EDD,Dinamik_N,2.77,319,227.0,135,53.61
1,0.25,0.9,-10,EDD,Dinamik_N,66.34,7642,79.1,8,13.25
2,0.25,0.9,-10,EDD,Dinamik_N,48.36,5571,122.6,16,26.36
3,0.25,0.9,-10,EDD,Dinamik_N,31.66,3647,163.5,24,37.31
4,0.25,0.9,-10,EDD,Dinamik_N,18.19,2096,201.7,33,51.14
5,0.25,0.9,-10,EDD,Dinamik_N,11.04,1272,224.8,56,53.52
6,0.25,0.9,-10,EDD,Dinamik_N,8.09,932,232.6,94,54.91
7,0.25,0.9,-10,EDD,Dinamik_N,4.34,500,237.2,118,52.5
8,0.25,0.9,-10,EDD,Dinamik_N,3.21,370,238.1,130,53.06
1,0.3,0.9,-10,EDD,Dinamik_N,65.33,7526,85.9,8,13.49
2,0.3,0.9,-10,EDD,Dinamik_N,47.33,5452,130.9,16,26.41
3,0.3,0.9,-10,EDD,Dinamik_N,29.64,3415,176.3,24,37.93
4,0.3,0.9,-10,EDD,Dinamik_N,17.52,2018,214.4,33,50.43
5,0.3,0.9,-10,EDD,Dinamik_N,12.0,1382,236.7,56,51.64
6,0.3,0.9,-10,EDD,Dinamik_N,6.38,735,247.1,96,52.36
7,0.3,0.9,-10,EDD,Dinamik_N,3.11,358,251.1,124,50.89
8,0.3,0.9,-10,EDD,Dinamik_N,2.47,284,251.8,129,51.32
1,0.05,1.0,0,EDD,Dinamik_N,70.46,8117,65.2,8,13.82
2,0.05,1.0,0,EDD,Dinamik_N,54.14,6237,101.7,16,26.7
3,0.05,1.0,0,EDD,Dinamik_N,38.83,4473,137.7,24,39.84
4,0.05,1.0,0,EDD,Dinamik_N,24.33,2803,172.4,32,50.54
5,0.05,1.0,0,EDD,Dinamik_N,15.68,1806,200.8,42,60.94
6,0.05,1.0,0,EDD,Dinamik_N,13.0,1498,211.0,76,63.61
7,0.05,1.0,0,EDD,Dinamik_N,8.3,956,217.4,107,61.22
8,0.05,1.0,0,EDD,Dinamik_N,4.3,495,225.6,142,59.65
1,0.1,1.0,0,EDD,Dinamik_N,70.43,8113,65.3,8,13.01
2,0.1,1.0,0,EDD,Dinamik_N,54.17,6240,101.5,16,26.02
3,0.1,1.0,0,EDD,Dinamik_N,38.69,4457,138.0,24,37.84
4,0.1,1.0,0,EDD,Dinamik_N,24.49,2821,172.4,32,49.65
5,0.1,1.0,0,EDD,Dinamik_N,14.84,1709,201.3,42,60.0
6,0.1,1.0,0,EDD,Dinamik_N,12.65,1457,211.5,75,60.41
7,0.1,1.0,0,EDD,Dinamik_N,9.48,1092,217.5,112,60.52
8,0.1,1.0,0,EDD,Dinamik_N,4.13,476,225.7,139,60.49
1,0.15,1.0,0,EDD,Dinamik_N,69.5,8006,71.5,8,13.88
2,0.15,1.0,0,EDD,Dinamik_N,53.01,6107,111.1,16,26.97
3,0.15,1.0,0,EDD,Dinamik_N,36.93,4254,148.5,24,38.45
4,0.15,1.0,0,EDD,Dinamik_N,24.58,2832,182.3,32,48.49
5,0.15,1.0,0,EDD,Dinamik_N,15.98,1841,211.0,42,57.21
6,0.15,1.0,0,EDD,Dinamik_N,11.27,1298,224.4,81,61.36
7,0.15,1.0,0,EDD,Dinamik_N,7.0,806,232.9,116,60.65
8,0.15,1.0,0,EDD,Dinamik_N,3.5,403,237.3,139,58.37
1,0.2,1.0,0,EDD,Dinamik_N,68.65,7908,77.4,8,12.99
2,0.2,1.0,0,EDD,Dinamik_N,51.97,5987,119.1,16,25.74
3,0.2,1.0,0,EDD,Dinamik_N,35.53,4093,160.2,24,36.99
4,0.2,1.0,0,EDD,Dinamik_N,21.7,2500,197.7,33,49.4
5,0.2,1.0,0,EDD,Dinamik_N,13.44,1548,226.7,45,59.76
6,0.2,1.0,0,EDD,Dinamik_N,12.25,1411,236.4,83,58.15
7,0.2,1.0,0,EDD,Dinamik_N,6.19,713,243.8,113,56.56
8,0.2,1.0,0,EDD,Dinamik_N,3.42,394,247.3,137,56.93
1,0.25,1.0,0,EDD,Dinamik_N,67.68,7797,84.2,8,13.35
2,0.25,1.0,0,EDD,Dinamik_N,50.85,5858,127.5,16,26.89
3,0.25,1.0,0,EDD,Dinamik_N,33.98,3915,169.8,24,37.78
4,0.25,1.0,0,EDD,Dinamik_N,20.6,2373,211.4,32,49.86
5,0.25,1.0,0,EDD,Dinamik_N,13.3,1532,241.0,47,57.74
6,0.25,1.0,0,EDD,Dinamik_N,8.98,1034,250.2,88,56.77
7,0.25,1.0,0,EDD,Dinamik_N,5.12,590,257.1,116,56.42
8,0.25,1.0,0,EDD,Dinamik_N,3.39,390,259.1,131,56.73
1,0.3,1.0,0,EDD,Dinamik_N,65.73,7572,98.4,8,14.1
2,0.3,1.0,0,EDD,Dinamik_N,48.23,5556,146.1,16,25.99
3,0.3,1.0,0,EDD,Dinamik_N,30.56,3520,193.7,24,37.81
4,0.3,1.0,0,EDD,Dinamik_N,17.45,2010,240.5,32,47.55
5,0.3,1.0,0,EDD,Dinamik_N,11.25,1296,267.9,55,53.12
6,0.3,1.0,0,EDD,Dinamik_N,6.82,786,278.0,92,53.31
7,0.3,1.0,0,EDD,Dinamik_N,4.6,530,281.2,114,53.46
8,0.3,1.0,0,EDD,Dinamik_N,2.72,313,283.2,126,52.89
1,0.05,1.1,10,EDD,Dinamik_N,72.2,8317,65.1,8,13.66
2,0.05,1.1,10,EDD,Dinamik_N,56.92,6557,101.5,16,26.79
3,0.05,1.1,10,EDD,Dinamik_N,41.95,4833,136.0,24,39.19
4,0.05,1.1,10,EDD,Dinamik_N,28.33,3264,171.0,32,50.86
5,0.05,1.1,10,EDD,Dinamik_N,18.28,2106,199.8,40,59.49
6,0.05,1.1,10,EDD,Dinamik_N,15.95,1837,214.3,65,70.11
7,0.05,1.1,10,EDD,Dinamik_N,10.6,1221,225.1,104,67.08
8,0.05,1.1,10,EDD,Dinamik_N,6.48,747,231.1,131,65.82
1,0.1,1.1,10,EDD,Dinamik_N,71.39,8224,70.5,8,13.37
2,0.1,1.1,10,EDD,Dinamik_N,55.98,6449,109.0,16,26.34
3,0.1,1.1,10,EDD,Dinamik_N,40.54,4670,146.9,24,37.36
4,0.1,1.1,10,EDD,Dinamik_N,27.08,3120,182.6,32,49.36
5,0.1,1.1,10,EDD,Dinamik_N,16.58,1910,213.9,42,60.49
6,0.1,1.1,10,EDD,Dinamik_N,12.85,1480,230.3,66,64.63
7,0.1,1.1,10,EDD,Dinamik_N,10.1,1163,236.5,106,64.43
8,0.1,1.1,10,EDD,Dinamik_N,5.93,683,243.6,127,63.82
1,0.15,1.1,10,EDD,Dinamik_N,70.44,8115,76.8,8,13.48
2,0.15,1.1,10,EDD,Dinamik_N,54.8,6313,116.3,16,25.93
3,0.15,1.1,10,EDD,Dinamik_N,40.03,4612,154.8,24,39.12
4,0.15,1.1,10,EDD,Dinamik_N,26.11,3008,194.9,32,47.77
5,0.15,1.1,10,EDD,Dinamik_N,17.87,2059,222.9,43,58.27
6,0.15,1.1,10,EDD,Dinamik_N,13.28,1530,241.3,72,63.59
7,0.15,1.1,10,EDD,Dinamik_N,8.18,942,250.4,107,62.16
8,0.15,1.1,10,EDD,Dinamik_N,4.84,557,256.3,134,62.08
1,0.2,1.1,10,EDD,Dinamik_N,68.68,7912,89.7,7,12.69
2,0.2,1.1,10,EDD,Dinamik_N,52.55,6054,134.5,15,24.8
3,0.2,1.1,10,EDD,Dinamik_N,35.69,4111,178.0,23,35.88
4,0.2,1.1,10,EDD,Dinamik_N,21.74,2505,222.8,32,49.28
5,0.2,1.1,10,EDD,Dinamik_N,16.13,1858,252.8,43,59.23
6,0.2,1.1,10,EDD,Dinamik_N,11.85,1365,267.6,81,61.09
7,0.2,1.1,10,EDD,Dinamik_N,7.64,880,273.2,112,58.68
8,0.2,1.1,10,EDD,Dinamik_N,4.28,493,278.9,129,57.83
1,0.25,1.1,10,EDD,Dinamik_N,64.79,7464,113.5,8,12.59
2,0.25,1.1,10,EDD,Dinamik_N,47.66,5491,170.0,16,25.54
3,0.25,1.1,10,EDD,Dinamik_N,30.33,3494,222.9,24,35.25
4,0.25,1.1,10,EDD,Dinamik_N,16.79,1934,272.8,34,48.52
5,0.25,1.1,10,EDD,Dinamik_N,11.66,1343,303.2,58,53.7
6,0.25,1.1,10,EDD,Dinamik_N,7.83,902,311.2,92,51.58
7,0.25,1.1,10,EDD,Dinamik_N,4.38,505,316.8,117,51.01
8,0.25,1.1,10,EDD,Dinamik_N,2.84,327,319.1,128,51.58
1,0.3,1.1,10,EDD,Dinamik_N,61.87,7127,131.8,8,13.06
2,0.3,1.1,10,EDD,Dinamik_N,43.48,5009,196.6,16,27.05
3,0.3,1.1,10,EDD,Dinamik_N,26.7,3076,258.6,24,37.11
4,0.3,1.1,10,EDD,Dinamik_N,14.09,1623,314.8,34,46.21
5,0.3,1.1,10,EDD,Dinamik_N,9.31,1072,334.7,64,47.39
6,0.3,1.1,10,EDD,Dinamik_N,7.66,883,341.2,88,47.23
7,0.3,1.1,10,EDD,Dinamik_N,4.42,509,346.3,108,46.9
8,0.3,1.1,10,EDD,Dinamik_N,3.12,359,347.9,115,46.77
1,0.05,1.2,20,EDD,Dinamik_N,72.8,8387,70.4,8,13.42
2,0.05,1.2,20,EDD,Dinamik_N,58.16,6700,107.8,16,26.87
3,0.05,1.2,20,EDD,Dinamik_N,43.55,5017,143.7,24,38.87
4,0.05,1.2,20,EDD,Dinamik_N,32.2,3710,178.6,32,49.75
5,0.05,1.2,20,EDD,Dinamik_N,20.83,2400,211.4,40,60.2
6,0.05,1.2,20,EDD,Dinamik_N,15.86,1827,230.3,59,68.74
7,0.05,1.2,20,EDD,Dinamik_N,12.52,1442,240.8,101,68.23
8,0.05,1.2,20,EDD,Dinamik_N,9.16,1055,247.5,130,66.91
1,0.1,1.2,20,EDD,Dinamik_N,71.14,8195,82.3,7,12.28
2,0.1,1.2,20,EDD,Dinamik_N,56.02,6453,123.3,15,24.17
3,0.1,1.2,20,EDD,Dinamik_N,40.69,4687,164.2,23,35.8
4,0.1,1.2,20,EDD,Dinamik_N,26.73,3079,207.7,30,46.61
5,0.1,1.2,20,EDD,Dinamik_N,18.09,2084,241.2,39,55.25
6,0.1,1.2,20,EDD,Dinamik_N,13.72,1581,258.7,70,64.81
7,0.1,1.2,20,EDD,Dinamik_N,11.54,1329,264.6,103,63.92
8,0.1,1.2,20,EDD,Dinamik_N,8.44,972,270.2,129,63.09
1,0.15,1.2,20,EDD,Dinamik_N,67.6,7787,104.0,8,12.29
2,0.15,1.2,20,EDD,Dinamik_N,51.59,5943,156.6,16,23.54
3,0.15,1.2,20,EDD,Dinamik_N,35.0,4032,205.7,24,34.48
4,0.15,1.2,20,EDD,Dinamik_N,23.12,2663,251.2,33,46.05
5,0.15,1.2,20,EDD,Dinamik_N,14.11,1625,290.6,45,56.2
6,0.15,1.2,20,EDD,Dinamik_N,11.47,1321,302.3,83,57.55
7,0.15,1.2,20,EDD,Dinamik_N,6.82,786,311.2,115,57.96
8,0.15,1.2,20,EDD,Dinamik_N,4.09,471,314.9,134,57.71
1,0.2,1.2,20,EDD,Dinamik_N,64.87,7473,120.9,8,13.42
2,0.2,1.2,20,EDD,Dinamik_N,47.53,5476,181.8,16,25.72
3,0.2,1.2,20,EDD,Dinamik_N,30.57,3522,241.9,24,36.3
4,0.2,1.2,20,EDD,Dinamik_N,19.01,2190,292.5,32,45.59
5,0.2,1.2,20,EDD,Dinamik_N,12.04,1387,325.1,54,55.21
6,0.2,1.2,20,EDD,Dinamik_N,7.54,869,336.4,91,54.65
7,0.2,1.2,20,EDD,Dinamik_N,6.58,758,337.5,114,54.27
8,0.2,1.2,20,EDD,Dinamik_N,4.18,482,340.5,133,52.94
1,0.25,1.2,20,EDD,Dinamik_N,61.88,7129,141.9,8,13.16
2,0.25,1.2,20,EDD,Dinamik_N,43.38,4997,213.3,16,24.67
3,0.25,1.2,20,EDD,Dinamik_N,26.61,3066,284.3,24,34.93
4,0.25,1.2,20,EDD,Dinamik_N,13.48,1553,343.2,36,48.58
5,0.25,1.2,20,EDD,Dinamik_N,9.99,1151,366.6,67,50.32
6,0.25,1.2,20,EDD,Dinamik_N,6.19,713,374.9,91,48.08
7,0.25,1.2,20,EDD,Dinamik_N,3.89,448,377.8,108,47.73
8,0.25,1.2,20,EDD,Dinamik_N,2.8,322,380.0,117,48.62
1,0.3,1.2,20,EDD,Dinamik_N,59.84,6894,154.5,8,13.15
2,0.3,1.2,20,EDD,Dinamik_N,40.16,4627,233.8,16,24.68
3,0.3,1.2,20,EDD,Dinamik_N,22.74,2620,312.6,24,35.91
4,0.3,1.2,20,EDD,Dinamik_N,10.27,1183,376.1,40,46.72
5,0.3,1.2,20,EDD,Dinamik_N,7.5,864,389.7,72,45.72
6,0.3,1.2,20,EDD,Dinamik_N,6.31,727,393.2,96,45.82
7,0.3,1.2,20,EDD,Dinamik_N,2.95,340,399.3,111,45.47
8,0.3,1.2,20,EDD,Dinamik_N,2.11,243,399.6,117,44.63
1,0.05,0.8,-20,SLACK,Dinamik_N,63.65,7332,80.8,8,13.15
2,0.05,0.8,-20,SLACK,Dinamik_N,44.18,5089,124.9,16,24.85
3,0.05,0.8,-20,SLACK,Dinamik_N,26.88,3097,167.7,24,38.34
4,0.05,0.8,-20,SLACK,Dinamik_N,12.96,1493,206.3,31,46.92
5,0.05,0.8,-20,SLACK,Dinamik_N,8.8,1014,220.7,63,50.32
6,0.05,0.8,-20,SLACK,Dinamik_N,4.44,511,227.1,93,50.3
7,0.05,0.8,-20,SLACK,Dinamik_N,3.15,363,228.9,107,49.02
8,0.05,0.8,-20,SLACK,Dinamik_N,2.26,260,229.5,114,48.86
1,0.1,0.8,-20,SLACK,Dinamik_N,63.63,7330,80.9,8,12.94
2,0.1,0.8,-20,SLACK,Dinamik_N,44.23,5095,124.9,16,26.04
3,0.1,0.8,-20,SLACK,Dinamik_N,26.81,3088,168.0,24,39.42
4,0.1,0.8,-20,SLACK,Dinamik_N,12.09,1393,208.0,31,48.19
5,0.1,0.8,-20,SLACK,Dinamik_N,8.5,979,220.8,68,49.38
6,0.1,0.8,-20,SLACK,Dinamik_N,4.66,537,225.9,99,49.13
7,0.1,0.8,-20,SLACK,Dinamik_N,3.41,393,228.8,111,49.06
8,0.1,0.8,-20,SLACK,Dinamik_N,2.67,308,229.8,117,49.14
1,0.15,0.8,-20,SLACK,Dinamik_N,63.65,7333,80.8,8,12.72
2,0.15,0.8,-20,SLACK,Dinamik_N,44.17,5088,124.9,16,25.56
3,0.15,0.8,-20,SLACK,Dinamik_N,26.94,3104,168.3,24,38.28
4,0.15,0.8,-20,SLACK,Dinamik_N,13.17,1517,206.3,32,47.37
5,0.15,0.8,-20,SLACK,Dinamik_N,9.62,1108,219.8,67,50.37
6,0.15,0.8,-20,SLACK,Dinamik_N,4.74,546,227.5,100,48.35
7,0.15,0.8,-20,SLACK,Dinamik_N,2.12,244,230.9,117,48.67
8,0.15,0.8,-20,SLACK,Dinamik_N,1.62,187,231.1,124,47.98
1,0.2,0.8,-20,SLACK,Dinamik_N,63.63,7330,81.0,8,12.78
2,0.2,0.8,-20,SLACK,Dinamik_N,44.04,5073,125.1,16,25.67
3,0.2,0.8,-20,SLACK,Dinamik_N,26.88,3097,168.2,24,38.3
4,0.2,0.8,-20,SLACK,Dinamik_N,13.96,1608,204.4,33,46.83
5,0.2,0.8,-20,SLACK,Dinamik_N,9.05,1043,221.0,67,51.0
6,0.2,0.8,-20,SLACK,Dinamik_N,5.1,588,226.4,96,51.21
7,0.2,0.8,-20,SLACK,Dinamik_N,2.5,288,230.2,118,50.17
8,0.2,0.8,-20,SLACK,Dinamik_N,1.56,180,230.9,126,49.55
1,0.25,0.8,-20,SLACK,Dinamik_N,63.61,7328,81.1,8,12.69
2,0.25,0.8,-20,SLACK,Dinamik_N,44.09,5079,125.2,16,26.27
3,0.25,0.8,-20,SLACK,Dinamik_N,26.5,3053,168.5,24,39.57
4,0.25,0.8,-20,SLACK,Dinamik_N,11.66,1343,209.0,33,48.63
5,0.25,0.8,-20,SLACK,Dinamik_N,9.13,1052,221.4,68,51.17
6,0.25,0.8,-20,SLACK,Dinamik_N,5.1,587,226.6,97,49.97
7,0.25,0.8,-20,SLACK,Dinamik_N,3.06,352,229.2,117,49.73
8,0.25,0.8,-20,SLACK,Dinamik_N,2.53,291,229.4,124,49.29
1,0.3,0.8,-20,SLACK,Dinamik_N,63.56,7322,81.1,8,13.0
2,0.3,0.8,-20,SLACK,Dinamik_N,44.06,5076,125.4,16,26.07
3,0.3,0.8,-20,SLACK,Dinamik_N,27.07,3119,168.5,24,39.09
4,0.3,0.8,-20,SLACK,Dinamik_N,11.71,1349,208.4,33,48.82
5,0.3,0.8,-20,SLACK,Dinamik_N,8.99,1036,220.9,65,50.88
6,0.3,0.8,-20,SLACK,Dinamik_N,4.49,517,228.2,95,50.51
7,0.3,0.8,-20,SLACK,Dinamik_N,3.1,357,229.8,111,50.11
8,0.3,0.8,-20,SLACK,Dinamik_N,2.34,269,230.3,121,49.85
1,0.05,0.9,-10,SLACK,Dinamik_N,67.36,7760,72.2,8,13.01
2,0.05,0.9,-10,SLACK,Dinamik_N,49.64,5719,111.9,16,26.21
3,0.05,0.9,-10,SLACK,Dinamik_N,33.36,3843,151.1,24,39.15
4,0.05,0.9,-10,SLACK,Dinamik_N,18.81,2167,188.5,32,50.77
5,0.05,0.9,-10,SLACK,Dinamik_N,13.56,1562,211.1,52,56.24
6,0.05,0.9,-10,SLACK,Dinamik_N,9.11,1050,218.7,83,54.61
7,0.05,0.9,-10,SLACK,Dinamik_N,4.46,514,224.7,111,54.08
8,0.05,0.9,-10,SLACK,Dinamik_N,3.39,391,225.8,125,53.76
1,0.1,0.9,-10,SLACK,Dinamik_N,67.32,7755,72.3,8,13.11
2,0.1,0.9,-10,SLACK,Dinamik_N,49.61,5715,112.3,16,26.04
3,0.1,0.9,-10,SLACK,Dinamik_N,33.4,3848,151.4,24,39.27
4,0.1,0.9,-10,SLACK,Dinamik_N,20.36,2345,186.2,33,50.97
5,0.1,0.9,-10,SLACK,Dinamik_N,12.53,1444,210.9,54,58.97
6,0.1,0.9,-10,SLACK,Dinamik_N,7.54,869,221.3,94,56.52
7,0.1,0.9,-10,SLACK,Dinamik_N,4.31,497,224.7,120,54.71
8,0.1,0.9,-10,SLACK,Dinamik_N,3.59,414,225.3,128,54.11
1,0.15,0.9,-10,SLACK,Dinamik_N,67.3,7753,72.4,8,12.89
2,0.15,0.9,-10,SLACK,Dinamik_N,49.59,5713,112.3,16,26.12
3,0.15,0.9,-10,SLACK,Dinamik_N,33.62,3873,151.2,24,39.93
4,0.15,0.9,-10,SLACK,Dinamik_N,18.85,2171,188.1,32,49.31
5,0.15,0.9,-10,SLACK,Dinamik_N,13.24,1525,210.3,52,54.32
6,0.15,0.9,-10,SLACK,Dinamik_N,8.22,947,220.7,92,55.94
7,0.15,0.9,-10,SLACK,Dinamik_N,4.12,475,226.3,117,54.86
8,0.15,0.9,-10,SLACK,Dinamik_N,3.2,369,226.0,132,54.48
1,0.2,0.9,-10,SLACK,Dinamik_N,67.32,7755,72.5,8,12.69
2,0.2,0.9,-10,SLACK,Dinamik_N,49.52,5705,112.3,16,25.47
3,0.2,0.9,-10,SLACK,Dinamik_N,33.5,3859,151.8,24,39.13
4,0.2,0.9,-10,SLACK,Dinamik_N,18.98,2187,188.2,32,48.25
5,0.2,0.9,-10,SLACK,Dinamik_N,11.16,1286,213.1,53,56.52
6,0.2,0.9,-10,SLACK,Dinamik_N,8.32,958,220.3,91,54.77
7,0.2,0.9,-10,SLACK,Dinamik_N,4.9,565,225.1,119,55.02
8,0.2,0.9,-10,SLACK,Dinamik_N,2.7,311,227.1,135,53.62
1,0.25,0.9,-10,SLACK,Dinamik_N,66.32,7640,79.1,8,13.29
2,0.25,0.9,-10,SLACK,Dinamik_N,48.39,5574,122.3,16,25.54
3,0.25,0.9,-10,SLACK,Dinamik_N,31.99,3685,163.2,24,36.62
4,0.25,0.9,-10,SLACK,Dinamik_N,18.15,2091,201.7,33,49.83
5,0.25,0.9,-10,SLACK,Dinamik_N,11.01,1268,224.8,56,52.51
6,0.25,0.9,-10,SLACK,Dinamik_N,7.66,882,233.0,94,54.59
7,0.25,0.9,-10,SLACK,Dinamik_N,3.87,446,237.8,118,52.49
8,0.25,0.9,-10,SLACK,Dinamik_N,2.88,332,238.2,130,53.12
1,0.3,0.9,-10,SLACK,Dinamik_N,65.33,7526,85.8,8,12.77
2,0.3,0.9,-10,SLACK,Dinamik_N,47.33,5452,130.5,16,26.03
3,0.3,0.9,-10,SLACK,Dinamik_N,29.84,3438,176.2,24,37.28
4,0.3,0.9,-10,SLACK,Dinamik_N,17.93,2065,213.5,33,50.0
5,0.3,0.9,-10,SLACK,Dinamik_N,11.74,1352,236.7,56,51.15
6,0.3,0.9,-10,SLACK,Dinamik_N,6.52,751,247.0,96,52.2
7,0.3,0.9,-10,SLACK,Dinamik_N,3.25,374,251.1,124,50.84
8,0.3,0.9,-10,SLACK,Dinamik_N,2.37,273,251.8,129,51.03
1,0.05,1.0,0,SLACK,Dinamik_N,70.44,8115,65.4,8,13.28
2,0.05,1.0,0,SLACK,Dinamik_N,54.12,6235,101.7,16,26.09
3,0.05,1.0,0,SLACK,Dinamik_N,39.0,4493,137.2,24,39.36
4,0.05,1.0,0,SLACK,Dinamik_N,24.29,2798,172.5,32,50.32
5,0.05,1.0,0,SLACK,Dinamik_N,15.92,1834,200.6,42,60.66
6,0.05,1.0,0,SLACK,Dinamik_N,13.03,1501,211.3,76,63.58
7,0.05,1.0,0,SLACK,Dinamik_N,8.56,986,217.4,107,61.26
8,0.05,1.0,0,SLACK,Dinamik_N,4.27,492,225.5,142,59.98
1,0.1,1.0,0,SLACK,Dinamik_N,70.45,8116,65.3,8,12.75
2,0.1,1.0,0,SLACK,Dinamik_N,54.09,6231,101.6,16,26.01
3,0.1,1.0,0,SLACK,Dinamik_N,38.87,4478,137.7,24,38.27
4,0.1,1.0,0,SLACK,Dinamik_N,24.53,2826,172.3,32,50.28
5,0.1,1.0,0,SLACK,Dinamik_N,14.71,1695,201.5,42,60.2
6,0.1,1.0,0,SLACK,Dinamik_N,13.12,1511,211.2,75,61.28
7,0.1,1.0,0,SLACK,Dinamik_N,8.88,1023,218.3,112,61.32
8,0.1,1.0,0,SLACK,Dinamik_N,4.2,484,225.4,139,61.14
1,0.15,1.0,0,SLACK,Dinamik_N,69.52,8009,71.4,8,13.75
2,0.15,1.0,0,SLACK,Dinamik_N,53.03,6109,111.0,16,27.1
3,0.15,1.0,0,SLACK,Dinamik_N,36.73,4231,148.7,24,39.08
4,0.15,1.0,0,SLACK,Dinamik_N,24.66,2841,182.4,32,49.04
5,0.15,1.0,0,SLACK,Dinamik_N,16.07,1851,211.1,42,57.78
6,0.15,1.0,0,SLACK,Dinamik_N,11.11,1280,224.6,81,61.57
7,0.15,1.0,0,SLACK,Dinamik_N,6.89,794,232.5,116,60.13
8,0.15,1.0,0,SLACK,Dinamik_N,3.66,422,237.1,139,58.75
1,0.2,1.0,0,SLACK,Dinamik_N,68.66,7910,77.3,8,13.15
2,0.2,1.0,0,SLACK,Dinamik_N,51.93,5982,119.2,16,25.48
3,0.2,1.0,0,SLACK,Dinamik_N,35.61,4102,160.1,24,37.36
4,0.2,1.0,0,SLACK,Dinamik_N,21.7,2500,197.3,33,49.75
5,0.2,1.0,0,SLACK,Dinamik_N,14.4,1659,225.4,45,59.85
6,0.2,1.0,0,SLACK,Dinamik_N,11.86,1366,236.3,83,57.8
7,0.2,1.0,0,SLACK,Dinamik_N,6.43,741,243.9,113,56.8
8,0.2,1.0,0,SLACK,Dinamik_N,3.23,372,247.8,137,57.14
1,0.25,1.0,0,SLACK,Dinamik_N,67.65,7793,84.2,8,12.48
2,0.25,1.0,0,SLACK,Dinamik_N,50.81,5853,127.6,16,26.6
3,0.25,1.0,0,SLACK,Dinamik_N,34.1,3928,169.9,24,38.47
4,0.25,1.0,0,SLACK,Dinamik_N,20.91,2409,210.6,32,49.02
5,0.25,1.0,0,SLACK,Dinamik_N,12.97,1494,241.2,47,57.33
6,0.25,1.0,0,SLACK,Dinamik_N,8.72,1005,251.0,88,56.19
7,0.25,1.0,0,SLACK,Dinamik_N,4.98,574,257.1,116,56.41
8,0.25,1.0,0,SLACK,Dinamik_N,3.43,395,258.8,131,56.42
1,0.3,1.0,0,SLACK,Dinamik_N,65.72,7571,98.4,8,14.01
2,0.3,1.0,0,SLACK,Dinamik_N,48.32,5567,146.1,16,26.21
3,0.3,1.0,0,SLACK,Dinamik_N,30.25,3485,193.9,24,38.43
4,0.3,1.0,0,SLACK,Dinamik_N,17.18,1979,241.2,32,48.48
5,0.3,1.0,0,SLACK,Dinamik_N,11.47,1321,267.9,55,53.13
6,0.3,1.0,0,SLACK,Dinamik_N,7.02,809,277.9,92,52.99
7,0.3,1.0,0,SLACK,Dinamik_N,4.48,516,281.5,114,54.28
8,0.3,1.0,0,SLACK,Dinamik_N,2.66,307,283.3,126,52.93
1,0.05,1.1,10,SLACK,Dinamik_N,72.2,8318,65.1,8,13.27
2,0.05,1.1,10,SLACK,Dinamik_N,56.89,6554,101.3,16,26.34
3,0.05,1.1,10,SLACK,Dinamik_N,41.93,4830,136.1,24,38.37
4,0.05,1.1,10,SLACK,Dinamik_N,28.56,3290,170.9,32,50.55
5,0.05,1.1,10,SLACK,Dinamik_N,18.15,2091,200.4,40,59.34
6,0.05,1.1,10,SLACK,Dinamik_N,15.81,1821,214.8,65,68.77
7,0.05,1.1,10,SLACK,Dinamik_N,10.44,1203,225.5,104,67.69
8,0.05,1.1,10,SLACK,Dinamik_N,6.54,753,231.0,131,65.91
1,0.1,1.1,10,SLACK,Dinamik_N,71.35,8220,70.5,8,13.39
2,0.1,1.1,10,SLACK,Dinamik_N,55.94,6444,109.2,16,25.65
3,0.1,1.1,10,SLACK,Dinamik_N,40.66,4684,146.8,24,37.5
4,0.1,1.1,10,SLACK,Dinamik_N,27.77,3199,182.2,32,48.82
5,0.1,1.1,10,SLACK,Dinamik_N,17.83,2054,211.7,42,61.11
6,0.1,1.1,10,SLACK,Dinamik_N,13.26,1527,230.1,66,65.65
7,0.1,1.1,10,SLACK,Dinamik_N,9.82,1131,237.7,106,64.79
8,0.1,1.1,10,SLACK,Dinamik_N,6.28,723,243.2,127,64.27
1,0.15,1.1,10,SLACK,Dinamik_N,70.43,8114,76.8,8,13.42
2,0.15,1.1,10,SLACK,Dinamik_N,54.71,6303,117.9,16,26.99
3,0.15,1.1,10,SLACK,Dinamik_N,40.05,4614,154.7,24,38.74
4,0.15,1.1,10,SLACK,Dinamik_N,25.82,2975,195.4,32,47.11
5,0.15,1.1,10,SLACK,Dinamik_N,17.4,2005,223.6,43,58.62
6,0.15,1.1,10,SLACK,Dinamik_N,13.8,1590,241.0,72,62.75
7,0.15,1.1,10,SLACK,Dinamik_N,8.33,960,250.4,107,62.55
8,0.15,1.1,10,SLACK,Dinamik_N,4.18,482,257.2,134,61.83
1,0.2,1.1,10,SLACK,Dinamik_N,68.7,7914,89.8,7,12.28
2,0.2,1.1,10,SLACK,Dinamik_N,52.72,6073,133.9,15,24.42
3,0.2,1.1,10,SLACK,Dinamik_N,35.84,4129,178.0,23,36.02
4,0.2,1.1,10,SLACK,Dinamik_N,21.9,2523,222.6,32,48.2
5,0.2,1.1,10,SLACK,Dinamik_N,16.09,1854,253.4,43,58.3
6,0.2,1.1,10,SLACK,Dinamik_N,11.73,1351,267.8,81,61.56
7,0.2,1.1,10,SLACK,Dinamik_N,7.99,921,273.0,112,59.05
8,0.2,1.1,10,SLACK,Dinamik_N,4.49,517,278.7,129,57.99
1,0.25,1.1,10,SLACK,Dinamik_N,64.79,7464,113.6,8,12.64
2,0.25,1.1,10,SLACK,Dinamik_N,47.66,5491,170.0,16,25.08
3,0.25,1.1,10,SLACK,Dinamik_N,30.38,3500,222.6,24,34.81
4,0.25,1.1,10,SLACK,Dinamik_N,16.88,1944,271.2,34,48.08
5,0.25,1.1,10,SLACK,Dinamik_N,11.97,1379,301.7,58,53.63
6,0.25,1.1,10,SLACK,Dinamik_N,7.71,888,311.5,92,51.8
7,0.25,1.1,10,SLACK,Dinamik_N,4.2,484,317.1,117,51.19
8,0.25,1.1,10,SLACK,Dinamik_N,2.8,322,319.4,128,51.7
1,0.3,1.1,10,SLACK,Dinamik_N,61.86,7126,131.9,8,13.59
2,0.3,1.1,10,SLACK,Dinamik_N,43.45,5005,196.6,16,27.15
3,0.3,1.1,10,SLACK,Dinamik_N,26.68,3074,258.3,24,37.79
4,0.3,1.1,10,SLACK,Dinamik_N,14.13,1628,314.8,34,46.84
5,0.3,1.1,10,SLACK,Dinamik_N,9.36,1078,334.4,64,47.92
6,0.3,1.1,10,SLACK,Dinamik_N,7.8,898,341.3,88,47.52
7,0.3,1.1,10,SLACK,Dinamik_N,4.47,515,346.3,108,47.25
8,0.3,1.1,10,SLACK,Dinamik_N,3.2,369,347.9,115,47.06
1,0.05,1.2,20,SLACK,Dinamik_N,72.82,8389,70.4,8,13.66
2,0.05,1.2,20,SLACK,Dinamik_N,58.15,6699,107.8,16,27.65
3,0.05,1.2,20,SLACK,Dinamik_N,43.48,5009,142.9,24,38.7
4,0.05,1.2,20,SLACK,Dinamik_N,32.34,3725,178.1,32,49.55
5,0.05,1.2,20,SLACK,Dinamik_N,20.97,2416,210.8,40,60.62
6,0.05,1.2,20,SLACK,Dinamik_N,15.27,1759,232.0,59,68.55
7,0.05,1.2,20,SLACK,Dinamik_N,12.46,1435,241.1,101,68.66
8,0.05,1.2,20,SLACK,Dinamik_N,8.56,986,248.0,130,67.38
1,0.1,1.2,20,SLACK,Dinamik_N,71.09,8189,82.5,7,12.33
2,0.1,1.2,20,SLACK,Dinamik_N,56.08,6460,122.6,15,24.86
3,0.1,1.2,20,SLACK,Dinamik_N,40.86,4707,164.1,23,36.64
4,0.1,1.2,20,SLACK,Dinamik_N,26.71,3077,207.7,30,46.76
5,0.1,1.2,20,SLACK,Dinamik_N,18.57,2139,240.4,39,56.18
6,0.1,1.2,20,SLACK,Dinamik_N,13.66,1574,259.1,70,65.04
7,0.1,1.2,20,SLACK,Dinamik_N,11.44,1318,264.6,103,64.75
8,0.1,1.2,20,SLACK,Dinamik_N,8.33,960,270.4,129,64.01
1,0.15,1.2,20,SLACK,Dinamik_N,67.6,7787,104.0,8,12.73
2,0.15,1.2,20,SLACK,Dinamik_N,51.62,5947,156.5,16,24.75
3,0.15,1.2,20,SLACK,Dinamik_N,35.09,4042,205.5,24,35.17
4,0.15,1.2,20,SLACK,Dinamik_N,23.35,2690,250.1,33,47.37
5,0.15,1.2,20,SLACK,Dinamik_N,14.44,1664,290.1,45,56.81
6,0.15,1.2,20,SLACK,Dinamik_N,11.29,1301,301.1,83,58.53
7,0.15,1.2,20,SLACK,Dinamik_N,6.85,789,311.2,115,58.9
8,0.15,1.2,20,SLACK,Dinamik_N,3.98,458,315.0,134,58.13
1,0.2,1.2,20,SLACK,Dinamik_N,64.84,7470,120.9,8,13.37
2,0.2,1.2,20,SLACK,Dinamik_N,47.61,5485,181.6,16,24.62
3,0.2,1.2,20,SLACK,Dinamik_N,30.53,3517,242.1,24,35.3
4,0.2,1.2,20,SLACK,Dinamik_N,19.16,2207,292.3,32,46.18
5,0.2,1.2,20,SLACK,Dinamik_N,11.87,1367,325.6,54,54.73
6,0.2,1.2,20,SLACK,Dinamik_N,7.21,831,337.0,91,55.06
7,0.2,1.2,20,SLACK,Dinamik_N,6.34,730,337.8,114,54.67
8,0.2,1.2,20,SLACK,Dinamik_N,4.24,488,340.5,133,53.3
1,0.25,1.2,20,SLACK,Dinamik_N,61.92,7133,141.8,8,13.53
2,0.25,1.2,20,SLACK,Dinamik_N,43.44,5004,213.0,16,25.38
3,0.25,1.2,20,SLACK,Dinamik_N,26.56,3060,284.2,24,35.63
4,0.25,1.2,20,SLACK,Dinamik_N,13.95,1607,342.6,36,48.92
5,0.25,1.2,20,SLACK,Dinamik_N,10.12,1166,365.3,67,51.04
6,0.25,1.2,20,SLACK,Dinamik_N,6.26,721,375.6,91,48.84
7,0.25,1.2,20,SLACK,Dinamik_N,4.2,484,378.1,108,48.61
8,0.25,1.2,20,SLACK,Dinamik_N,3.02,348,380.5,117,49.18
1,0.3,1.2,20,SLACK,Dinamik_N,59.85,6895,154.7,8,13.54
2,0.3,1.2,20,SLACK,Dinamik_N,40.32,4645,233.7,16,25.48
3,0.3,1.2,20,SLACK,Dinamik_N,22.84,2631,312.8,24,36.86
4,0.3,1.2,20,SLACK,Dinamik_N,10.22,1177,376.1,40,47.41
5,0.3,1.2,20,SLACK,Dinamik_N,7.42,855,389.8,72,46.74
6,0.3,1.2,20,SLACK,Dinamik_N,6.35,732,392.9,96,47.03
7,0.3,1.2,20,SLACK,Dinamik_N,2.97,342,399.3,111,45.85
8,0.3,1.2,20,SLACK,Dinamik_N,2.13,245,399.7,117,45.0
1,0.05,0.8,-20,FIFO,Dinamik_N,63.6,7327,80.8,8,13.13
2,0.05,0.8,-20,FIFO,Dinamik_N,44.26,5099,124.6,16,25.54
3,0.05,0.8,-20,FIFO,Dinamik_N,26.86,3094,167.7,24,39.23
4,0.05,0.8,-20,FIFO,Dinamik_N,12.54,1445,206.3,31,46.65
5,0.05,0.8,-20,FIFO,Dinamik_N,9.36,1078,220.0,63,49.62
6,0.05,0.8,-20,FIFO,Dinamik_N,4.58,528,226.8,93,49.49
7,0.05,0.8,-20,FIFO,Dinamik_N,3.57,411,228.6,107,48.1
8,0.05,0.8,-20,FIFO,Dinamik_N,2.42,279,229.3,114,47.94
1,0.1,0.8,-20,FIFO,Dinamik_N,63.59,7325,80.9,8,13.13
2,0.1,0.8,-20,FIFO,Dinamik_N,44.24,5097,124.7,16,25.38
3,0.1,0.8,-20,FIFO,Dinamik_N,26.92,3101,168.0,24,39.52
4,0.1,0.8,-20,FIFO,Dinamik_N,11.26,1297,209.0,31,47.63
5,0.1,0.8,-20,FIFO,Dinamik_N,8.27,953,220.8,68,48.63
6,0.1,0.8,-20,FIFO,Dinamik_N,5.19,598,225.9,99,48.96
7,0.1,0.8,-20,FIFO,Dinamik_N,3.23,372,229.0,111,48.75
8,0.1,0.8,-20,FIFO,Dinamik_N,2.6,299,229.9,117,48.83
1,0.15,0.8,-20,FIFO,Dinamik_N,63.61,7328,80.8,8,12.81
2,0.15,0.8,-20,FIFO,Dinamik_N,44.18,5090,124.8,16,25.41
3,0.15,0.8,-20,FIFO,Dinamik_N,26.91,3100,168.4,24,38.77
4,0.15,0.8,-20,FIFO,Dinamik_N,13.09,1508,206.6,32,47.02
5,0.15,0.8,-20,FIFO,Dinamik_N,9.63,1109,220.3,67,49.31
6,0.15,0.8,-20,FIFO,Dinamik_N,4.9,565,227.1,100,47.82
7,0.15,0.8,-20,FIFO,Dinamik_N,2.29,264,230.6,117,47.98
8,0.15,0.8,-20,FIFO,Dinamik_N,1.69,195,231.0,124,47.65
1,0.2,0.8,-20,FIFO,Dinamik_N,63.63,7330,80.9,8,13.03
2,0.2,0.8,-20,FIFO,Dinamik_N,44.16,5087,124.9,16,26.89
3,0.2,0.8,-20,FIFO,Dinamik_N,26.79,3086,168.4,24,40.0
4,0.2,0.8,-20,FIFO,Dinamik_N,14.11,1625,204.7,33,47.58
5,0.2,0.8,-20,FIFO,Dinamik_N,8.5,979,221.1,67,51.14
6,0.2,0.8,-20,FIFO,Dinamik_N,5.22,601,226.1,96,51.16
7,0.2,0.8,-20,FIFO,Dinamik_N,2.56,295,229.9,118,50.31
8,0.2,0.8,-20,FIFO,Dinamik_N,1.55,178,230.7,126,49.38
1,0.25,0.8,-20,FIFO,Dinamik_N,63.62,7329,81.0,8,12.81
2,0.25,0.8,-20,FIFO,Dinamik_N,44.13,5084,125.1,16,26.02
3,0.25,0.8,-20,FIFO,Dinamik_N,26.29,3029,168.5,24,38.45
4,0.25,0.8,-20,FIFO,Dinamik_N,10.86,1251,209.8,33,47.58
5,0.25,0.8,-20,FIFO,Dinamik_N,9.18,1057,221.7,68,49.96
6,0.25,0.8,-20,FIFO,Dinamik_N,5.24,604,226.5,97,48.88
7,0.25,0.8,-20,FIFO,Dinamik_N,3.04,350,229.4,117,48.64
8,0.25,0.8,-20,FIFO,Dinamik_N,2.49,287,229.8,124,48.32
1,0.3,0.8,-20,FIFO,Dinamik_N,63.59,7326,81.0,8,12.91
2,0.3,0.8,-20,FIFO,Dinamik_N,44.1,5080,125.4,16,25.98
3,0.3,0.8,-20,FIFO,Dinamik_N,26.73,3079,168.7,24,38.89
4,0.3,0.8,-20,FIFO,Dinamik_N,11.32,1304,209.2,33,48.64
5,0.3,0.8,-20,FIFO,Dinamik_N,8.89,1024,221.1,65,50.25
6,0.3,0.8,-20,FIFO,Dinamik_N,4.66,537,227.9,95,49.6
7,0.3,0.8,-20,FIFO,Dinamik_N,3.17,365,229.6,111,49.36
8,0.3,0.8,-20,FIFO,Dinamik_N,2.36,272,230.4,121,49.2
1,0.05,0.9,-10,FIFO,Dinamik_N,67.34,7758,72.2,8,13.06
2,0.05,0.9,-10,FIFO,Dinamik_N,49.64,5719,112.0,16,26.44
3,0.05,0.9,-10,FIFO,Dinamik_N,33.45,3853,151.0,24,39.4
4,0.05,0.9,-10,FIFO,Dinamik_N,18.5,2131,188.8,32,50.68
5,0.05,0.9,-10,FIFO,Dinamik_N,13.61,1568,210.2,52,56.06
6,0.05,0.9,-10,FIFO,Dinamik_N,8.95,1031,218.8,83,54.29
7,0.05,0.9,-10,FIFO,Dinamik_N,4.95,570,224.0,111,53.78
8,0.05,0.9,-10,FIFO,Dinamik_N,3.8,438,225.4,125,53.46
1,0.1,0.9,-10,FIFO,Dinamik_N,67.3,7753,72.4,8,12.61
2,0.1,0.9,-10,FIFO,Dinamik_N,49.67,5722,112.1,16,25.85
3,0.1,0.9,-10,FIFO,Dinamik_N,33.32,3838,151.4,24,39.43
4,0.1,0.9,-10,FIFO,Dinamik_N,20.29,2337,185.8,33,50.27
5,0.1,0.9,-10,FIFO,Dinamik_N,12.49,1439,211.1,54,58.88
6,0.1,0.9,-10,FIFO,Dinamik_N,7.9,910,221.4,94,55.76
7,0.1,0.9,-10,FIFO,Dinamik_N,4.69,540,224.6,120,54.17
8,0.1,0.9,-10,FIFO,Dinamik_N,3.79,437,225.2,128,53.69
1,0.15,0.9,-10,FIFO,Dinamik_N,67.31,7754,72.4,8,12.39
2,0.15,0.9,-10,FIFO,Dinamik_N,49.6,5714,112.0,16,25.59
3,0.15,0.9,-10,FIFO,Dinamik_N,33.49,3858,151.4,24,39.28
4,0.15,0.9,-10,FIFO,Dinamik_N,18.8,2166,188.2,32,48.41
5,0.15,0.9,-10,FIFO,Dinamik_N,12.68,1461,210.9,52,54.1
6,0.15,0.9,-10,FIFO,Dinamik_N,7.93,913,220.5,92,54.8
7,0.15,0.9,-10,FIFO,Dinamik_N,4.35,501,225.9,117,54.66
8,0.15,0.9,-10,FIFO,Dinamik_N,3.48,401,225.9,132,54.26
1,0.2,0.9,-10,FIFO,Dinamik_N,67.35,7759,72.4,8,12.57
2,0.2,0.9,-10,FIFO,Dinamik_N,49.58,5712,112.3,16,25.78
3,0.2,0.9,-10,FIFO,Dinamik_N,33.24,3829,151.9,24,39.42
4,0.2,0.9,-10,FIFO,Dinamik_N,18.79,2165,188.6,32,48.4
5,0.2,0.9,-10,FIFO,Dinamik_N,10.93,1259,213.9,53,57.09
6,0.2,0.9,-10,FIFO,Dinamik_N,8.25,950,220.4,91,54.75
7,0.2,0.9,-10,FIFO,Dinamik_N,4.72,544,224.8,119,54.7
8,0.2,0.9,-10,FIFO,Dinamik_N,2.46,283,227.0,135,53.57
1,0.25,0.9,-10,FIFO,Dinamik_N,66.34,7642,79.1,8,13.2
2,0.25,0.9,-10,FIFO,Dinamik_N,48.37,5572,122.5,16,26.54
3,0.25,0.9,-10,FIFO,Dinamik_N,31.9,3675,162.7,24,37.55
4,0.25,0.9,-10,FIFO,Dinamik_N,17.76,2046,202.1,33,51.95
5,0.25,0.9,-10,FIFO,Dinamik_N,10.95,1262,225.3,56,53.82
6,0.25,0.9,-10,FIFO,Dinamik_N,8.37,964,232.3,94,55.19
7,0.25,0.9,-10,FIFO,Dinamik_N,4.45,513,237.2,118,52.72
8,0.25,0.9,-10,FIFO,Dinamik_N,2.97,342,237.9,130,53.27
1,0.3,0.9,-10,FIFO,Dinamik_N,65.35,7528,85.8,8,13.7
2,0.3,0.9,-10,FIFO,Dinamik_N,47.31,5450,130.9,16,26.5
3,0.3,0.9,-10,FIFO,Dinamik_N,29.64,3415,175.8,24,38.38
4,0.3,0.9,-10,FIFO,Dinamik_N,17.5,2016,214.2,33,50.6
5,0.3,0.9,-10,FIFO,Dinamik_N,11.81,1361,236.7,56,51.54
6,0.3,0.9,-10,FIFO,Dinamik_N,6.19,713,246.8,96,52.78
7,0.3,0.9,-10,FIFO,Dinamik_N,3.07,354,250.7,124,50.92
8,0.3,0.9,-10,FIFO,Dinamik_N,2.45,282,251.6,129,51.31
1,0.05,1.0,0,FIFO,Dinamik_N,70.46,8117,65.2,8,13.82
2,0.05,1.0,0,FIFO,Dinamik_N,54.14,6237,101.7,16,26.7
3,0.05,1.0,0,FIFO,Dinamik_N,38.83,4473,137.7,24,39.84
4,0.05,1.0,0,FIFO,Dinamik_N,24.33,2803,172.4,32,50.54
5,0.05,1.0,0,FIFO,Dinamik_N,15.68,1806,200.8,42,60.94
6,0.05,1.0,0,FIFO,Dinamik_N,13.0,1498,211.0,76,63.61
7,0.05,1.0,0,FIFO,Dinamik_N,8.3,956,217.4,107,61.22
8,0.05,1.0,0,FIFO,Dinamik_N,4.3,495,225.6,142,59.65
1,0.1,1.0,0,FIFO,Dinamik_N,70.43,8113,65.3,8,13.01
2,0.1,1.0,0,FIFO,Dinamik_N,54.17,6240,101.5,16,26.02
3,0.1,1.0,0,FIFO,Dinamik_N,38.69,4457,138.0,24,37.84
4,0.1,1.0,0,FIFO,Dinamik_N,24.49,2821,172.4,32,49.65
5,0.1,1.0,0,FIFO,Dinamik_N,14.84,1709,201.3,42,60.0
6,0.1,1.0,0,FIFO,Dinamik_N,12.65,1457,211.5,75,60.41
7,0.1,1.0,0,FIFO,Dinamik_N,9.48,1092,217.5,112,60.52
8,0.1,1.0,0,FIFO,Dinamik_N,4.13,476,225.7,139,60.49
1,0.15,1.0,0,FIFO,Dinamik_N,69.5,8006,71.5,8,13.77
2,0.15,1.0,0,FIFO,Dinamik_N,53.03,6109,111.0,16,26.91
3,0.15,1.0,0,FIFO,Dinamik_N,36.94,4255,148.4,24,38.28
4,0.15,1.0,0,FIFO,Dinamik_N,24.58,2832,182.4,32,48.32
5,0.15,1.0,0,FIFO,Dinamik_N,15.93,1835,211.1,42,57.06
6,0.15,1.0,0,FIFO,Dinamik_N,11.17,1287,224.5,81,61.31
7,0.15,1.0,0,FIFO,Dinamik_N,6.89,794,232.9,116,60.6
8,0.15,1.0,0,FIFO,Dinamik_N,3.41,393,237.4,139,58.32
1,0.2,1.0,0,FIFO,Dinamik_N,68.65,7908,77.4,8,12.99
2,0.2,1.0,0,FIFO,Dinamik_N,51.97,5987,119.1,16,25.74
3,0.2,1.0,0,FIFO,Dinamik_N,35.53,4093,160.2,24,36.99
4,0.2,1.0,0,FIFO,Dinamik_N,21.7,2500,197.7,33,49.4
5,0.2,1.0,0,FIFO,Dinamik_N,13.44,1548,226.7,45,60.26
6,0.2,1.0,0,FIFO,Dinamik_N,12.25,1411,236.9,83,58.16
7,0.2,1.0,0,FIFO,Dinamik_N,6.03,695,244.6,113,56.62
8,0.2,1.0,0,FIFO,Dinamik_N,3.2,369,248.0,137,56.99
1,0.25,1.0,0,FIFO,Dinamik_N,67.66,7795,84.3,8,13.52
2,0.25,1.0,0,FIFO,Dinamik_N,50.86,5859,127.5,16,26.78
3,0.25,1.0,0,FIFO,Dinamik_N,33.99,3916,169.4,24,37.76
4,0.25,1.0,0,FIFO,Dinamik_N,20.55,2367,211.3,32,49.76
5,0.25,1.0,0,FIFO,Dinamik_N,13.4,1544,240.9,47,57.57
6,0.25,1.0,0,FIFO,Dinamik_N,8.9,1025,250.0,88,56.6
7,0.25,1.0,0,FIFO,Dinamik_N,4.74,546,257.1,116,56.41
8,0.25,1.0,0,FIFO,Dinamik_N,3.25,374,259.0,131,56.71
1,0.3,1.0,0,FIFO,Dinamik_N,65.74,7573,98.3,8,14.25
2,0.3,1.0,0,FIFO,Dinamik_N,48.2,5553,146.3,16,26.05
3,0.3,1.0,0,FIFO,Dinamik_N,30.49,3512,193.6,24,37.63
4,0.3,1.0,0,FIFO,Dinamik_N,17.51,2017,240.5,32,47.39
5,0.3,1.0,0,FIFO,Dinamik_N,11.4,1313,267.8,55,52.86
6,0.3,1.0,0,FIFO,Dinamik_N,6.92,797,277.7,92,53.39
7,0.3,1.0,0,FIFO,Dinamik_N,4.44,512,281.2,114,53.45
8,0.3,1.0,0,FIFO,Dinamik_N,2.51,289,283.3,126,52.95
1,0.05,1.1,10,FIFO,Dinamik_N,72.2,8317,65.1,8,13.66
2,0.05,1.1,10,FIFO,Dinamik_N,56.92,6557,101.5,16,26.79
3,0.05,1.1,10,FIFO,Dinamik_N,41.95,4833,136.0,24,39.19
4,0.05,1.1,10,FIFO,Dinamik_N,28.33,3264,171.0,32,50.86
5,0.05,1.1,10,FIFO,Dinamik_N,18.28,2106,199.8,40,59.49
6,0.05,1.1,10,FIFO,Dinamik_N,15.95,1837,214.3,65,70.11
7,0.05,1.1,10,FIFO,Dinamik_N,10.6,1221,225.1,104,67.08
8,0.05,1.1,10,FIFO,Dinamik_N,6.48,747,231.1,131,65.82
1,0.1,1.1,10,FIFO,Dinamik_N,71.39,8224,70.5,8,13.37
2,0.1,1.1,10,FIFO,Dinamik_N,55.98,6449,109.0,16,26.34
3,0.1,1.1,10,FIFO,Dinamik_N,40.54,4670,146.9,24,37.36
4,0.1,1.1,10,FIFO,Dinamik_N,27.08,3120,182.6,32,49.36
5,0.1,1.1,10,FIFO,Dinamik_N,16.58,1910,213.9,42,60.49
6,0.1,1.1,10,FIFO,Dinamik_N,12.85,1480,230.3,66,64.63
7,0.1,1.1,10,FIFO,Dinamik_N,10.1,1163,236.5,106,64.43
8,0.1,1.1,10,FIFO,Dinamik_N,5.93,683,243.6,127,63.82
1,0.15,1.1,10,FIFO,Dinamik_N,70.44,8115,76.8,8,13.62
2,0.15,1.1,10,FIFO,Dinamik_N,54.83,6316,116.3,16,26.13
3,0.15,1.1,10,FIFO,Dinamik_N,40.04,4613,155.1,24,39.04
4,0.15,1.1,10,FIFO,Dinamik_N,26.41,3042,194.6,32,47.86
5,0.15,1.1,10,FIFO,Dinamik_N,18.07,2082,222.9,43,58.3
6,0.15,1.1,10,FIFO,Dinamik_N,12.81,1476,241.9,72,64.03
7,0.15,1.1,10,FIFO,Dinamik_N,8.38,965,250.4,107,62.36
8,0.15,1.1,10,FIFO,Dinamik_N,4.64,535,256.6,134,62.14
1,0.2,1.1,10,FIFO,Dinamik_N,68.68,7912,89.7,7,12.69
2,0.2,1.1,10,FIFO,Dinamik_N,52.55,6054,134.4,15,24.91
3,0.2,1.1,10,FIFO,Dinamik_N,35.64,4106,178.0,23,35.99
4,0.2,1.1,10,FIFO,Dinamik_N,21.74,2504,222.8,32,49.29
5,0.2,1.1,10,FIFO,Dinamik_N,16.25,1872,252.6,43,59.23
6,0.2,1.1,10,FIFO,Dinamik_N,11.94,1375,267.6,81,61.09
7,0.2,1.1,10,FIFO,Dinamik_N,7.73,890,273.2,112,58.68
8,0.2,1.1,10,FIFO,Dinamik_N,4.38,505,278.9,129,57.83
1,0.25,1.1,10,FIFO,Dinamik_N,64.8,7465,113.5,8,12.2
2,0.25,1.1,10,FIFO,Dinamik_N,47.66,5490,170.0,16,25.23
3,0.25,1.1,10,FIFO,Dinamik_N,30.34,3495,222.9,24,35.23
4,0.25,1.1,10,FIFO,Dinamik_N,16.7,1924,273.3,34,48.26
5,0.25,1.1,10,FIFO,Dinamik_N,11.5,1325,303.6,58,53.36
6,0.25,1.1,10,FIFO,Dinamik_N,8.34,961,310.3,92,51.35
7,0.25,1.1,10,FIFO,Dinamik_N,4.67,538,316.2,117,51.04
8,0.25,1.1,10,FIFO,Dinamik_N,2.57,296,319.4,128,51.39
1,0.3,1.1,10,FIFO,Dinamik_N,61.86,7126,131.8,8,13.22
2,0.3,1.1,10,FIFO,Dinamik_N,43.46,5007,196.7,16,27.08
3,0.3,1.1,10,FIFO,Dinamik_N,26.73,3079,258.3,24,36.85
4,0.3,1.1,10,FIFO,Dinamik_N,13.85,1595,314.6,34,46.53
5,0.3,1.1,10,FIFO,Dinamik_N,9.26,1067,334.9,64,48.6
6,0.3,1.1,10,FIFO,Dinamik_N,7.45,858,341.6,88,47.76
7,0.3,1.1,10,FIFO,Dinamik_N,4.18,481,346.8,108,47.42
8,0.3,1.1,10,FIFO,Dinamik_N,2.91,335,348.2,115,47.15
1,0.05,1.2,20,FIFO,Dinamik_N,72.8,8387,70.4,8,13.42
2,0.05,1.2,20,FIFO,Dinamik_N,58.16,6700,107.8,16,26.87
3,0.05,1.2,20,FIFO,Dinamik_N,43.55,5017,143.7,24,38.87
4,0.05,1.2,20,FIFO,Dinamik_N,32.2,3710,178.6,32,49.75
5,0.05,1.2,20,FIFO,Dinamik_N,20.83,2400,211.4,40,60.2
6,0.05,1.2,20,FIFO,Dinamik_N,15.86,1827,230.3,59,68.74
7,0.05,1.2,20,FIFO,Dinamik_N,12.52,1442,240.8,101,68.23
8,0.05,1.2,20,FIFO,Dinamik_N,9.16,1055,247.5,130,66.91
1,0.1,1.2,20,FIFO,Dinamik_N,71.14,8195,82.3,7,12.28
2,0.1,1.2,20,FIFO,Dinamik_N,56.02,6453,123.3,15,24.17
3,0.1,1.2,20,FIFO,Dinamik_N,40.69,4687,164.2,23,35.8
4,0.1,1.2,20,FIFO,Dinamik_N,26.73,3079,207.7,30,46.61
5,0.1,1.2,20,FIFO,Dinamik_N,18.09,2084,241.2,39,55.25
6,0.1,1.2,20,FIFO,Dinamik_N,13.72,1581,258.7,70,64.81
7,0.1,1.2,20,FIFO,Dinamik_N,11.54,1329,264.6,103,63.92
8,0.1,1.2,20,FIFO,Dinamik_N,8.44,972,270.2,129,63.09
1,0.15,1.2,20,FIFO,Dinamik_N,67.6,7787,104.1,8,12.49
2,0.15,1.2,20,FIFO,Dinamik_N,51.6,5944,156.5,16,23.82
3,0.15,1.2,20,FIFO,Dinamik_N,35.0,4032,205.7,24,34.33
4,0.15,1.2,20,FIFO,Dinamik_N,23.24,2677,251.0,33,46.21
5,0.15,1.2,20,FIFO,Dinamik_N,14.1,1624,290.6,45,56.37
6,0.15,1.2,20,FIFO,Dinamik_N,11.52,1327,302.3,83,57.51
7,0.15,1.2,20,FIFO,Dinamik_N,6.83,787,311.2,115,57.92
8,0.15,1.2,20,FIFO,Dinamik_N,4.18,482,314.9,134,57.67
1,0.2,1.2,20,FIFO,Dinamik_N,64.88,7474,120.9,8,13.26
2,0.2,1.2,20,FIFO,Dinamik_N,47.41,5462,181.9,16,25.99
3,0.2,1.2,20,FIFO,Dinamik_N,30.46,3509,242.0,24,36.43
4,0.2,1.2,20,FIFO,Dinamik_N,18.87,2174,292.8,32,45.3
5,0.2,1.2,20,FIFO,Dinamik_N,12.01,1383,324.9,54,55.34
6,0.2,1.2,20,FIFO,Dinamik_N,7.54,869,336.6,91,54.5
7,0.2,1.2,20,FIFO,Dinamik_N,6.49,748,338.0,114,54.44
8,0.2,1.2,20,FIFO,Dinamik_N,4.1,472,340.9,133,53.11
1,0.25,1.2,20,FIFO,Dinamik_N,61.88,7129,141.9,8,13.16
2,0.25,1.2,20,FIFO,Dinamik_N,43.48,5009,213.4,16,24.79
3,0.25,1.2,20,FIFO,Dinamik_N,26.84,3092,283.9,24,34.16
4,0.25,1.2,20,FIFO,Dinamik_N,13.69,1577,343.0,36,47.83
5,0.25,1.2,20,FIFO,Dinamik_N,9.75,1123,366.4,67,50.15
6,0.25,1.2,20,FIFO,Dinamik_N,6.16,710,374.7,91,48.58
7,0.25,1.2,20,FIFO,Dinamik_N,3.91,451,377.7,108,47.73
8,0.25,1.2,20,FIFO,Dinamik_N,2.72,313,380.1,117,48.62
1,0.3,1.2,20,FIFO,Dinamik_N,59.83,6892,154.5,8,12.99
2,0.3,1.2,20,FIFO,Dinamik_N,40.13,4623,233.9,16,24.32
3,0.3,1.2,20,FIFO,Dinamik_N,22.92,2640,312.3,24,35.74
4,0.3,1.2,20,FIFO,Dinamik_N,10.29,1185,375.6,40,46.55
5,0.3,1.2,20,FIFO,Dinamik_N,7.66,883,389.0,72,45.7
6,0.3,1.2,20,FIFO,Dinamik_N,6.34,730,392.6,96,45.74
7,0.3,1.2,20,FIFO,Dinamik_N,2.93,337,398.7,111,45.4
8,0.3,1.2,20,FIFO,Dinamik_N,2.02,233,399.1,117,44.55
1,0.05,0.8,-20,KRITIKLIK,Dinamik_N,64.86,7472,79.7,8,12.49
2,0.05,0.8,-20,KRITIKLIK,Dinamik_N,47.98,5527,119.9,16,24.84
3,0.05,0.8,-20,KRITIKLIK,Dinamik_N,32.07,3694,161.4,24,38.33
4,0.05,0.8,-20,KRITIKLIK,Dinamik_N,18.8,2166,196.6,31,45.31
5,0.05,0.8,-20,KRITIKLIK,Dinamik_N,9.98,1150,217.8,63,48.98
6,0.05,0.8,-20,KRITIKLIK,Dinamik_N,4.86,560,225.8,93,48.96
7,0.05,0.8,-20,KRITIKLIK,Dinamik_N,3.64,419,228.1,107,48.63
8,0.05,0.8,-20,KRITIKLIK,Dinamik_N,2.42,279,229.3,114,48.06
1,0.1,0.8,-20,KRITIKLIK,Dinamik_N,64.38,7416,80.2,8,12.29
2,0.1,0.8,-20,KRITIKLIK,Dinamik_N,49.74,5730,116.8,16,24.68
3,0.1,0.8,-20,KRITIKLIK,Dinamik_N,33.02,3804,160.1,24,38.46
4,0.1,0.8,-20,KRITIKLIK,Dinamik_N,17.27,1990,197.9,31,46.33
5,0.1,0.8,-20,KRITIKLIK,Dinamik_N,9.28,1069,219.2,68,47.97
6,0.1,0.8,-20,KRITIKLIK,Dinamik_N,5.21,600,225.6,99,48.91
7,0.1,0.8,-20,KRITIKLIK,Dinamik_N,3.3,380,229.0,111,48.82
8,0.1,0.8,-20,KRITIKLIK,Dinamik_N,2.6,300,230.0,117,48.82
1,0.15,0.8,-20,KRITIKLIK,Dinamik_N,64.56,7437,80.2,8,12.64
2,0.15,0.8,-20,KRITIKLIK,Dinamik_N,47.32,5451,122.5,16,25.16
3,0.15,0.8,-20,KRITIKLIK,Dinamik_N,33.29,3835,160.1,24,36.88
4,0.15,0.8,-20,KRITIKLIK,Dinamik_N,17.45,2010,199.2,32,48.08
5,0.15,0.8,-20,KRITIKLIK,Dinamik_N,8.85,1019,220.4,67,50.69
6,0.15,0.8,-20,KRITIKLIK,Dinamik_N,4.83,556,226.7,100,47.97
7,0.15,0.8,-20,KRITIKLIK,Dinamik_N,2.23,257,230.6,117,48.12
8,0.15,0.8,-20,KRITIKLIK,Dinamik_N,1.59,183,231.0,124,47.66
1,0.2,0.8,-20,KRITIKLIK,Dinamik_N,65.02,7490,79.5,8,12.8
2,0.2,0.8,-20,KRITIKLIK,Dinamik_N,48.37,5572,121.5,16,22.87
3,0.2,0.8,-20,KRITIKLIK,Dinamik_N,32.13,3701,162.2,24,36.86
4,0.2,0.8,-20,KRITIKLIK,Dinamik_N,17.57,2024,199.8,33,47.63
5,0.2,0.8,-20,KRITIKLIK,Dinamik_N,9.13,1052,220.0,67,51.2
6,0.2,0.8,-20,KRITIKLIK,Dinamik_N,5.27,607,225.6,96,50.99
7,0.2,0.8,-20,KRITIKLIK,Dinamik_N,2.62,302,229.6,118,49.95
8,0.2,0.8,-20,KRITIKLIK,Dinamik_N,1.66,191,230.6,126,49.38
1,0.25,0.8,-20,KRITIKLIK,Dinamik_N,64.43,7422,80.0,8,13.25
2,0.25,0.8,-20,KRITIKLIK,Dinamik_N,47.95,5524,120.7,16,24.88
3,0.25,0.8,-20,KRITIKLIK,Dinamik_N,32.83,3782,160.6,24,37.9
4,0.25,0.8,-20,KRITIKLIK,Dinamik_N,17.33,1996,199.8,33,48.15
5,0.25,0.8,-20,KRITIKLIK,Dinamik_N,10.49,1208,218.5,68,49.19
6,0.25,0.8,-20,KRITIKLIK,Dinamik_N,5.52,636,225.9,97,47.61
7,0.25,0.8,-20,KRITIKLIK,Dinamik_N,3.2,369,229.2,117,48.79
8,0.25,0.8,-20,KRITIKLIK,Dinamik_N,2.5,288,229.7,124,48.46
1,0.3,0.8,-20,KRITIKLIK,Dinamik_N,64.9,7477,78.7,8,12.73
2,0.3,0.8,-20,KRITIKLIK,Dinamik_N,47.68,5493,120.5,16,24.34
3,0.3,0.8,-20,KRITIKLIK,Dinamik_N,32.83,3782,159.0,24,36.8
4,0.3,0.8,-20,KRITIKLIK,Dinamik_N,18.09,2084,199.0,33,47.23
5,0.3,0.8,-20,KRITIKLIK,Dinamik_N,9.08,1046,219.9,65,49.67
6,0.3,0.8,-20,KRITIKLIK,Dinamik_N,4.79,552,227.1,95,49.45
7,0.3,0.8,-20,KRITIKLIK,Dinamik_N,3.58,412,229.0,111,49.69
8,0.3,0.8,-20,KRITIKLIK,Dinamik_N,2.26,260,230.4,121,49.31
1,0.05,0.9,-10,KRITIKLIK,Dinamik_N,67.88,7820,70.2,8,12.36
2,0.05,0.9,-10,KRITIKLIK,Dinamik_N,52.56,6055,105.9,16,23.88
3,0.05,0.9,-10,KRITIKLIK,Dinamik_N,38.81,4471,142.3,24,37.54
4,0.05,0.9,-10,KRITIKLIK,Dinamik_N,25.61,2950,176.1,32,47.82
5,0.05,0.9,-10,KRITIKLIK,Dinamik_N,14.81,1706,206.6,52,55.23
6,0.05,0.9,-10,KRITIKLIK,Dinamik_N,9.7,1118,217.2,83,53.83
7,0.05,0.9,-10,KRITIKLIK,Dinamik_N,5.66,652,223.3,111,53.83
8,0.05,0.9,-10,KRITIKLIK,Dinamik_N,4.27,492,224.6,125,53.35
1,0.1,0.9,-10,KRITIKLIK,Dinamik_N,68.36,7875,70.2,8,11.81
2,0.1,0.9,-10,KRITIKLIK,Dinamik_N,52.19,6012,107.4,16,25.0
3,0.1,0.9,-10,KRITIKLIK,Dinamik_N,38.04,4382,143.3,24,36.15
4,0.1,0.9,-10,KRITIKLIK,Dinamik_N,23.31,2685,181.0,33,48.31
5,0.1,0.9,-10,KRITIKLIK,Dinamik_N,14.87,1713,205.7,54,55.97
6,0.1,0.9,-10,KRITIKLIK,Dinamik_N,7.86,906,220.5,94,55.85
7,0.1,0.9,-10,KRITIKLIK,Dinamik_N,4.82,555,224.3,120,53.81
8,0.1,0.9,-10,KRITIKLIK,Dinamik_N,3.88,447,225.1,128,53.53
1,0.15,0.9,-10,KRITIKLIK,Dinamik_N,68.06,7841,70.0,8,12.4
2,0.15,0.9,-10,KRITIKLIK,Dinamik_N,52.78,6080,107.3,16,24.22
3,0.15,0.9,-10,KRITIKLIK,Dinamik_N,38.15,4395,142.9,24,35.76
4,0.15,0.9,-10,KRITIKLIK,Dinamik_N,26.41,3043,175.6,32,47.94
5,0.15,0.9,-10,KRITIKLIK,Dinamik_N,13.29,1531,207.9,52,53.42
6,0.15,0.9,-10,KRITIKLIK,Dinamik_N,8.9,1025,219.1,92,55.58
7,0.15,0.9,-10,KRITIKLIK,Dinamik_N,4.64,534,225.2,117,55.1
8,0.15,0.9,-10,KRITIKLIK,Dinamik_N,3.49,402,225.7,132,54.26
1,0.2,0.9,-10,KRITIKLIK,Dinamik_N,68.25,7862,69.4,8,11.31
2,0.2,0.9,-10,KRITIKLIK,Dinamik_N,53.13,6121,106.5,16,24.9
3,0.2,0.9,-10,KRITIKLIK,Dinamik_N,39.26,4523,142.6,24,36.95
4,0.2,0.9,-10,KRITIKLIK,Dinamik_N,25.07,2888,179.3,32,47.67
5,0.2,0.9,-10,KRITIKLIK,Dinamik_N,13.06,1504,208.8,53,55.39
6,0.2,0.9,-10,KRITIKLIK,Dinamik_N,8.12,936,219.1,91,54.08
7,0.2,0.9,-10,KRITIKLIK,Dinamik_N,5.0,576,224.2,119,55.08
8,0.2,0.9,-10,KRITIKLIK,Dinamik_N,2.57,296,226.9,135,53.91
1,0.25,0.9,-10,KRITIKLIK,Dinamik_N,67.54,7781,74.0,8,12.17
2,0.25,0.9,-10,KRITIKLIK,Dinamik_N,50.8,5852,116.8,16,22.97
3,0.25,0.9,-10,KRITIKLIK,Dinamik_N,37.31,4298,154.2,24,34.99
4,0.25,0.9,-10,KRITIKLIK,Dinamik_N,23.07,2658,194.3,33,47.44
5,0.25,0.9,-10,KRITIKLIK,Dinamik_N,12.82,1477,221.6,56,55.02
6,0.25,0.9,-10,KRITIKLIK,Dinamik_N,8.58,988,230.6,94,54.87
7,0.25,0.9,-10,KRITIKLIK,Dinamik_N,4.49,517,236.4,118,52.79
8,0.25,0.9,-10,KRITIKLIK,Dinamik_N,3.12,360,237.7,130,53.15
1,0.3,0.9,-10,KRITIKLIK,Dinamik_N,65.52,7548,86.9,8,11.04
2,0.3,0.9,-10,KRITIKLIK,Dinamik_N,50.97,5872,128.1,16,24.48
3,0.3,0.9,-10,KRITIKLIK,Dinamik_N,36.73,4231,165.9,24,37.48
4,0.3,0.9,-10,KRITIKLIK,Dinamik_N,21.09,2429,212.5,33,49.45
5,0.3,0.9,-10,KRITIKLIK,Dinamik_N,11.84,1364,234.6,56,52.41
6,0.3,0.9,-10,KRITIKLIK,Dinamik_N,6.45,743,245.6,96,52.56
7,0.3,0.9,-10,KRITIKLIK,Dinamik_N,2.9,334,250.6,124,51.47
8,0.3,0.9,-10,KRITIKLIK,Dinamik_N,2.14,247,251.6,129,51.28
1,0.05,1.0,0,KRITIKLIK,Dinamik_N,71.57,8245,62.6,8,11.78
2,0.05,1.0,0,KRITIKLIK,Dinamik_N,57.6,6635,95.9,16,24.41
3,0.05,1.0,0,KRITIKLIK,Dinamik_N,43.85,5051,129.5,24,37.55
4,0.05,1.0,0,KRITIKLIK,Dinamik_N,31.59,3639,162.8,32,51.35
5,0.05,1.0,0,KRITIKLIK,Dinamik_N,19.24,2217,193.4,42,61.72
6,0.05,1.0,0,KRITIKLIK,Dinamik_N,11.94,1376,211.8,76,63.02
7,0.05,1.0,0,KRITIKLIK,Dinamik_N,9.33,1075,215.9,107,61.45
8,0.05,1.0,0,KRITIKLIK,Dinamik_N,4.31,497,225.3,142,59.84
1,0.1,1.0,0,KRITIKLIK,Dinamik_N,71.65,8254,62.7,8,11.72
2,0.1,1.0,0,KRITIKLIK,Dinamik_N,58.49,6738,94.3,16,23.88
3,0.1,1.0,0,KRITIKLIK,Dinamik_N,43.9,5057,130.7,24,35.43
4,0.1,1.0,0,KRITIKLIK,Dinamik_N,31.6,3640,161.7,32,48.48
5,0.1,1.0,0,KRITIKLIK,Dinamik_N,18.9,2177,194.5,42,59.18
6,0.1,1.0,0,KRITIKLIK,Dinamik_N,13.3,1532,207.7,75,60.99
7,0.1,1.0,0,KRITIKLIK,Dinamik_N,9.27,1068,217.1,112,61.44
8,0.1,1.0,0,KRITIKLIK,Dinamik_N,4.16,479,225.1,139,60.41
1,0.15,1.0,0,KRITIKLIK,Dinamik_N,70.11,8077,69.9,8,11.28
2,0.15,1.0,0,KRITIKLIK,Dinamik_N,56.48,6506,103.7,16,23.2
3,0.15,1.0,0,KRITIKLIK,Dinamik_N,44.73,5153,136.4,24,36.13
4,0.15,1.0,0,KRITIKLIK,Dinamik_N,29.12,3355,175.3,32,48.0
5,0.15,1.0,0,KRITIKLIK,Dinamik_N,17.95,2068,207.0,42,58.15
6,0.15,1.0,0,KRITIKLIK,Dinamik_N,12.08,1392,221.0,81,61.14
7,0.15,1.0,0,KRITIKLIK,Dinamik_N,7.1,818,231.1,116,59.11
8,0.15,1.0,0,KRITIKLIK,Dinamik_N,3.22,371,237.3,139,58.48
1,0.2,1.0,0,KRITIKLIK,Dinamik_N,69.36,7990,78.2,8,12.5
2,0.2,1.0,0,KRITIKLIK,Dinamik_N,54.0,6221,118.3,16,24.96
3,0.2,1.0,0,KRITIKLIK,Dinamik_N,41.56,4788,151.9,24,36.09
4,0.2,1.0,0,KRITIKLIK,Dinamik_N,29.89,3443,184.5,33,49.44
5,0.2,1.0,0,KRITIKLIK,Dinamik_N,16.22,1868,220.8,45,59.03
6,0.2,1.0,0,KRITIKLIK,Dinamik_N,11.68,1346,233.8,83,58.58
7,0.2,1.0,0,KRITIKLIK,Dinamik_N,6.35,731,244.1,113,57.1
8,0.2,1.0,0,KRITIKLIK,Dinamik_N,3.13,361,248.4,137,57.69
1,0.25,1.0,0,KRITIKLIK,Dinamik_N,70.67,8141,75.5,8,11.8
2,0.25,1.0,0,KRITIKLIK,Dinamik_N,54.14,6237,123.8,16,24.04
3,0.25,1.0,0,KRITIKLIK,Dinamik_N,40.79,4699,161.7,24,38.45
4,0.25,1.0,0,KRITIKLIK,Dinamik_N,26.61,3066,205.4,32,48.48
5,0.25,1.0,0,KRITIKLIK,Dinamik_N,15.54,1790,234.9,47,56.27
6,0.25,1.0,0,KRITIKLIK,Dinamik_N,10.21,1176,248.9,88,57.46
7,0.25,1.0,0,KRITIKLIK,Dinamik_N,5.36,617,256.6,116,56.8
8,0.25,1.0,0,KRITIKLIK,Dinamik_N,3.65,420,258.3,131,56.44
1,0.3,1.0,0,KRITIKLIK,Dinamik_N,67.63,7791,94.5,8,12.11
2,0.3,1.0,0,KRITIKLIK,Dinamik_N,51.47,5929,143.4,16,24.39
3,0.3,1.0,0,KRITIKLIK,Dinamik_N,35.64,4106,192.5,24,38.59
4,0.3,1.0,0,KRITIKLIK,Dinamik_N,23.72,2732,229.7,32,46.42
5,0.3,1.0,0,KRITIKLIK,Dinamik_N,12.2,1406,266.9,55,53.35
6,0.3,1.0,0,KRITIKLIK,Dinamik_N,6.59,759,278.7,92,52.82
7,0.3,1.0,0,KRITIKLIK,Dinamik_N,4.47,515,281.6,114,53.69
8,0.3,1.0,0,KRITIKLIK,Dinamik_N,2.45,282,283.0,126,53.02
1,0.05,1.1,10,KRITIKLIK,Dinamik_N,73.09,8420,62.6,8,12.44
2,0.05,1.1,10,KRITIKLIK,Dinamik_N,60.38,6956,93.6,16,22.3
3,0.05,1.1,10,KRITIKLIK,Dinamik_N,48.15,5547,125.5,24,36.85
4,0.05,1.1,10,KRITIKLIK,Dinamik_N,37.29,4296,153.7,32,50.88
5,0.05,1.1,10,KRITIKLIK,Dinamik_N,24.88,2866,190.3,40,60.36
6,0.05,1.1,10,KRITIKLIK,Dinamik_N,17.51,2017,211.5,65,69.4
7,0.05,1.1,10,KRITIKLIK,Dinamik_N,10.65,1227,224.0,104,67.06
8,0.05,1.1,10,KRITIKLIK,Dinamik_N,6.92,797,230.4,131,65.62
1,0.1,1.1,10,KRITIKLIK,Dinamik_N,72.5,8352,68.0,8,12.17
2,0.1,1.1,10,KRITIKLIK,Dinamik_N,58.28,6714,103.7,16,26.31
3,0.1,1.1,10,KRITIKLIK,Dinamik_N,44.88,5170,141.7,24,39.37
4,0.1,1.1,10,KRITIKLIK,Dinamik_N,35.57,4098,169.1,32,49.51
5,0.1,1.1,10,KRITIKLIK,Dinamik_N,23.85,2748,200.6,42,60.16
6,0.1,1.1,10,KRITIKLIK,Dinamik_N,14.04,1617,227.6,66,64.25
7,0.1,1.1,10,KRITIKLIK,Dinamik_N,9.98,1150,233.7,106,63.11
8,0.1,1.1,10,KRITIKLIK,Dinamik_N,6.26,721,243.2,127,63.56
1,0.15,1.1,10,KRITIKLIK,Dinamik_N,72.31,8330,73.2,8,14.07
2,0.15,1.1,10,KRITIKLIK,Dinamik_N,57.4,6613,110.7,16,25.35
3,0.15,1.1,10,KRITIKLIK,Dinamik_N,42.22,4864,153.8,24,38.65
4,0.15,1.1,10,KRITIKLIK,Dinamik_N,33.55,3865,180.4,32,48.7
5,0.15,1.1,10,KRITIKLIK,Dinamik_N,21.75,2506,217.4,43,59.78
6,0.15,1.1,10,KRITIKLIK,Dinamik_N,14.05,1618,238.6,72,64.86
7,0.15,1.1,10,KRITIKLIK,Dinamik_N,9.92,1143,248.3,107,62.89
8,0.15,1.1,10,KRITIKLIK,Dinamik_N,4.78,551,256.6,134,62.16
1,0.2,1.1,10,KRITIKLIK,Dinamik_N,70.16,8083,85.3,7,11.24
2,0.2,1.1,10,KRITIKLIK,Dinamik_N,54.26,6251,128.0,15,23.57
3,0.2,1.1,10,KRITIKLIK,Dinamik_N,42.85,4936,162.6,23,37.5
4,0.2,1.1,10,KRITIKLIK,Dinamik_N,30.98,3569,200.3,32,48.67
5,0.2,1.1,10,KRITIKLIK,Dinamik_N,19.15,2206,241.9,43,60.42
6,0.2,1.1,10,KRITIKLIK,Dinamik_N,11.53,1328,267.7,81,59.77
7,0.2,1.1,10,KRITIKLIK,Dinamik_N,7.89,909,272.8,112,58.35
8,0.2,1.1,10,KRITIKLIK,Dinamik_N,4.31,496,278.6,129,57.49
1,0.25,1.1,10,KRITIKLIK,Dinamik_N,67.07,7727,101.2,8,11.46
2,0.25,1.1,10,KRITIKLIK,Dinamik_N,51.8,5967,151.3,16,23.79
3,0.25,1.1,10,KRITIKLIK,Dinamik_N,38.06,4385,198.3,24,36.26
4,0.25,1.1,10,KRITIKLIK,Dinamik_N,22.87,2635,260.1,34,48.45
5,0.25,1.1,10,KRITIKLIK,Dinamik_N,13.61,1568,297.7,58,53.4
6,0.25,1.1,10,KRITIKLIK,Dinamik_N,8.33,960,311.2,92,50.5
7,0.25,1.1,10,KRITIKLIK,Dinamik_N,4.35,501,316.7,117,51.3
8,0.25,1.1,10,KRITIKLIK,Dinamik_N,2.52,290,319.6,128,52.23
1,0.3,1.1,10,KRITIKLIK,Dinamik_N,64.01,7374,127.3,8,12.35
2,0.3,1.1,10,KRITIKLIK,Dinamik_N,49.64,5719,173.0,16,26.29
3,0.3,1.1,10,KRITIKLIK,Dinamik_N,33.0,3802,237.9,24,38.45
4,0.3,1.1,10,KRITIKLIK,Dinamik_N,16.92,1949,303.8,34,46.56
5,0.3,1.1,10,KRITIKLIK,Dinamik_N,11.53,1328,329.4,64,48.72
6,0.3,1.1,10,KRITIKLIK,Dinamik_N,7.71,888,339.4,88,47.2
7,0.3,1.1,10,KRITIKLIK,Dinamik_N,4.44,511,346.2,108,47.07
8,0.3,1.1,10,KRITIKLIK,Dinamik_N,2.83,326,348.2,115,46.9
1,0.05,1.2,20,KRITIKLIK,Dinamik_N,73.56,8474,70.0,8,13.4
2,0.05,1.2,20,KRITIKLIK,Dinamik_N,60.86,7011,105.8,16,27.55
3,0.05,1.2,20,KRITIKLIK,Dinamik_N,48.03,5533,140.2,24,37.88
4,0.05,1.2,20,KRITIKLIK,Dinamik_N,37.45,4314,171.5,32,49.06
5,0.05,1.2,20,KRITIKLIK,Dinamik_N,29.93,3448,191.9,40,58.91
6,0.05,1.2,20,KRITIKLIK,Dinamik_N,18.76,2161,225.1,59,70.36
7,0.05,1.2,20,KRITIKLIK,Dinamik_N,12.62,1454,239.7,101,69.17
8,0.05,1.2,20,KRITIKLIK,Dinamik_N,8.97,1033,246.9,130,66.99
1,0.1,1.2,20,KRITIKLIK,Dinamik_N,72.2,8318,76.8,8,12.71
2,0.1,1.2,20,KRITIKLIK,Dinamik_N,58.92,6788,117.8,15,25.11
3,0.1,1.2,20,KRITIKLIK,Dinamik_N,47.66,5491,153.8,23,35.79
4,0.1,1.2,20,KRITIKLIK,Dinamik_N,35.33,4070,192.9,30,49.4
5,0.1,1.2,20,KRITIKLIK,Dinamik_N,22.47,2588,233.2,39,59.49
6,0.1,1.2,20,KRITIKLIK,Dinamik_N,15.4,1774,254.0,70,67.92
7,0.1,1.2,20,KRITIKLIK,Dinamik_N,12.05,1388,263.0,103,63.25
8,0.1,1.2,20,KRITIKLIK,Dinamik_N,8.68,1000,269.4,129,62.32
1,0.15,1.2,20,KRITIKLIK,Dinamik_N,69.01,7950,101.0,8,12.21
2,0.15,1.2,20,KRITIKLIK,Dinamik_N,54.62,6292,151.4,16,24.67
3,0.15,1.2,20,KRITIKLIK,Dinamik_N,40.58,4675,198.4,24,37.35
4,0.15,1.2,20,KRITIKLIK,Dinamik_N,26.92,3101,246.8,33,48.25
5,0.15,1.2,20,KRITIKLIK,Dinamik_N,15.35,1768,289.5,45,57.7
6,0.15,1.2,20,KRITIKLIK,Dinamik_N,12.69,1462,299.3,83,57.25
7,0.15,1.2,20,KRITIKLIK,Dinamik_N,7.8,898,309.5,115,57.95
8,0.15,1.2,20,KRITIKLIK,Dinamik_N,4.24,489,315.0,134,57.63
1,0.2,1.2,20,KRITIKLIK,Dinamik_N,65.7,7569,120.8,8,12.15
2,0.2,1.2,20,KRITIKLIK,Dinamik_N,50.99,5874,176.3,16,24.64
3,0.2,1.2,20,KRITIKLIK,Dinamik_N,37.98,4375,224.9,24,36.72
4,0.2,1.2,20,KRITIKLIK,Dinamik_N,21.14,2435,288.5,32,46.59
5,0.2,1.2,20,KRITIKLIK,Dinamik_N,13.28,1530,322.1,54,56.59
6,0.2,1.2,20,KRITIKLIK,Dinamik_N,8.11,934,335.1,91,55.14
7,0.2,1.2,20,KRITIKLIK,Dinamik_N,6.94,799,337.6,114,54.3
8,0.2,1.2,20,KRITIKLIK,Dinamik_N,4.13,476,340.8,133,53.11
1,0.25,1.2,20,KRITIKLIK,Dinamik_N,64.65,7448,136.9,8,12.94
2,0.25,1.2,20,KRITIKLIK,Dinamik_N,48.76,5617,201.0,16,23.67
3,0.25,1.2,20,KRITIKLIK,Dinamik_N,31.75,3658,267.4,24,35.12
4,0.25,1.2,20,KRITIKLIK,Dinamik_N,17.59,2026,333.9,36,46.97
5,0.25,1.2,20,KRITIKLIK,Dinamik_N,10.5,1210,364.5,67,50.8
6,0.25,1.2,20,KRITIKLIK,Dinamik_N,6.72,774,373.9,91,48.29
7,0.25,1.2,20,KRITIKLIK,Dinamik_N,4.38,505,377.4,108,48.24
8,0.25,1.2,20,KRITIKLIK,Dinamik_N,2.84,327,379.9,117,48.87
1,0.3,1.2,20,KRITIKLIK,Dinamik_N,62.07,7150,152.6,8,11.51
2,0.3,1.2,20,KRITIKLIK,Dinamik_N,43.84,5050,228.1,16,26.29
3,0.3,1.2,20,KRITIKLIK,Dinamik_N,29.78,3431,293.0,24,34.96
4,0.3,1.2,20,KRITIKLIK,Dinamik_N,10.91,1257,371.3,40,46.67
5,0.3,1.2,20,KRITIKLIK,Dinamik_N,7.66,883,387.7,72,46.14
6,0.3,1.2,20,KRITIKLIK,Dinamik_N,5.77,665,392.1,96,46.03
7,0.3,1.2,20,KRITIKLIK,Dinamik_N,3.04,350,398.5,111,45.31
8,0.3,1.2,20,KRITIKLIK,Dinamik_N,2.04,235,399.1,117,44.82
1,0.05,0.8,-20,EDD,Sabit_N,62.6,7212,88.3,8,13.29
2,0.05,0.8,-20,EDD,Sabit_N,43.13,4969,134.7,16,26.36
3,0.05,0.8,-20,EDD,Sabit_N,24.57,2830,180.3,23,37.07
4,0.05,0.8,-20,EDD,Sabit_N,12.07,1391,219.8,32,45.27
5,0.05,0.8,-20,EDD,Sabit_N,8.09,932,232.7,68,49.28
6,0.05,0.8,-20,EDD,Sabit_N,3.88,447,237.9,93,46.98
7,0.05,0.8,-20,EDD,Sabit_N,2.83,326,239.8,107,46.69
8,0.05,0.8,-20,EDD,Sabit_N,2.25,259,240.1,112,46.15
1,0.1,0.8,-20,EDD,Sabit_N,62.61,7213,88.3,8,13.29
2,0.1,0.8,-20,EDD,Sabit_N,43.1,4965,135.1,16,26.62
3,0.1,0.8,-20,EDD,Sabit_N,24.67,2842,180.5,23,36.93
4,0.1,0.8,-20,EDD,Sabit_N,12.04,1387,220.3,32,45.26
5,0.1,0.8,-20,EDD,Sabit_N,8.93,1029,231.3,69,49.58
6,0.1,0.8,-20,EDD,Sabit_N,4.09,471,238.5,97,47.63
7,0.1,0.8,-20,EDD,Sabit_N,2.7,311,240.5,109,47.27
8,0.1,0.8,-20,EDD,Sabit_N,2.34,269,240.9,115,47.37
1,0.15,0.8,-20,EDD,Sabit_N,62.52,7202,88.5,8,12.55
2,0.15,0.8,-20,EDD,Sabit_N,43.11,4966,135.3,16,26.73
3,0.15,0.8,-20,EDD,Sabit_N,24.6,2834,181.0,23,37.45
4,0.15,0.8,-20,EDD,Sabit_N,11.96,1378,220.0,32,44.91
5,0.15,0.8,-20,EDD,Sabit_N,8.58,988,232.8,68,47.02
6,0.15,0.8,-20,EDD,Sabit_N,3.52,406,240.0,103,46.41
7,0.15,0.8,-20,EDD,Sabit_N,2.01,231,241.8,116,46.52
8,0.15,0.8,-20,EDD,Sabit_N,1.71,197,242.2,120,46.28
1,0.2,0.8,-20,EDD,Sabit_N,62.5,7200,88.6,8,13.41
2,0.2,0.8,-20,EDD,Sabit_N,42.96,4949,135.7,16,27.43
3,0.2,0.8,-20,EDD,Sabit_N,24.65,2840,181.4,23,38.01
4,0.2,0.8,-20,EDD,Sabit_N,12.28,1415,221.0,33,46.14
5,0.2,0.8,-20,EDD,Sabit_N,8.21,946,231.3,70,49.07
6,0.2,0.8,-20,EDD,Sabit_N,3.71,427,239.2,102,48.8
7,0.2,0.8,-20,EDD,Sabit_N,2.02,233,241.2,116,48.19
8,0.2,0.8,-20,EDD,Sabit_N,1.41,163,241.4,123,47.84
1,0.25,0.8,-20,EDD,Sabit_N,62.49,7199,88.7,8,13.22
2,0.25,0.8,-20,EDD,Sabit_N,42.94,4947,136.0,16,27.45
3,0.25,0.8,-20,EDD,Sabit_N,24.64,2839,181.7,24,39.53
4,0.25,0.8,-20,EDD,Sabit_N,10.93,1259,222.0,32,44.61
5,0.25,0.8,-20,EDD,Sabit_N,8.07,930,232.2,68,49.3
6,0.25,0.8,-20,EDD,Sabit_N,4.49,517,237.5,96,47.36
7,0.25,0.8,-20,EDD,Sabit_N,2.86,330,239.3,115,47.99
8,0.25,0.8,-20,EDD,Sabit_N,2.47,284,239.9,120,47.56
1,0.3,0.8,-20,EDD,Sabit_N,62.5,7200,88.7,8,13.41
2,0.3,0.8,-20,EDD,Sabit_N,42.94,4947,136.1,16,27.04
3,0.3,0.8,-20,EDD,Sabit_N,24.26,2795,182.1,24,39.46
4,0.3,0.8,-20,EDD,Sabit_N,11.91,1372,222.2,34,47.96
5,0.3,0.8,-20,EDD,Sabit_N,7.45,858,235.0,67,49.77
6,0.3,0.8,-20,EDD,Sabit_N,4.45,513,239.1,94,49.34
7,0.3,0.8,-20,EDD,Sabit_N,2.58,297,241.3,110,48.62
8,0.3,0.8,-20,EDD,Sabit_N,2.24,258,241.8,119,48.26
1,0.05,0.9,-10,EDD,Sabit_N,66.41,7650,78.9,8,13.15
2,0.05,0.9,-10,EDD,Sabit_N,48.58,5596,121.7,16,26.67
3,0.05,0.9,-10,EDD,Sabit_N,31.11,3584,162.8,24,38.87
4,0.05,0.9,-10,EDD,Sabit_N,18.0,2074,202.0,32,48.99
5,0.05,0.9,-10,EDD,Sabit_N,12.44,1433,223.9,55,53.16
6,0.05,0.9,-10,EDD,Sabit_N,7.75,893,232.5,83,53.68
7,0.05,0.9,-10,EDD,Sabit_N,4.55,524,236.1,108,51.6
8,0.05,0.9,-10,EDD,Sabit_N,3.56,410,236.9,121,51.28
1,0.1,0.9,-10,EDD,Sabit_N,66.43,7653,78.9,8,12.64
2,0.1,0.9,-10,EDD,Sabit_N,48.47,5584,121.9,16,26.29
3,0.1,0.9,-10,EDD,Sabit_N,32.29,3720,162.1,24,37.01
4,0.1,0.9,-10,EDD,Sabit_N,17.48,2014,202.5,33,49.63
5,0.1,0.9,-10,EDD,Sabit_N,10.35,1192,226.6,57,54.83
6,0.1,0.9,-10,EDD,Sabit_N,7.95,916,232.3,93,52.65
7,0.1,0.9,-10,EDD,Sabit_N,4.34,500,237.3,118,51.8
8,0.1,0.9,-10,EDD,Sabit_N,3.81,439,236.6,125,52.0
1,0.15,0.9,-10,EDD,Sabit_N,66.32,7640,79.2,8,12.67
2,0.15,0.9,-10,EDD,Sabit_N,48.48,5585,122.1,16,26.19
3,0.15,0.9,-10,EDD,Sabit_N,32.33,3724,162.5,24,37.41
4,0.15,0.9,-10,EDD,Sabit_N,16.81,1936,201.4,32,48.06
5,0.15,0.9,-10,EDD,Sabit_N,11.21,1291,225.5,57,55.19
6,0.15,0.9,-10,EDD,Sabit_N,6.08,700,234.3,98,53.06
7,0.15,0.9,-10,EDD,Sabit_N,4.31,496,236.5,117,53.37
8,0.15,0.9,-10,EDD,Sabit_N,2.6,299,239.0,131,52.19
1,0.2,0.9,-10,EDD,Sabit_N,66.33,7641,79.2,8,12.81
2,0.2,0.9,-10,EDD,Sabit_N,48.43,5579,122.2,16,26.03
3,0.2,0.9,-10,EDD,Sabit_N,32.26,3716,162.6,24,37.49
4,0.2,0.9,-10,EDD,Sabit_N,16.65,1918,201.8,32,48.23
5,0.2,0.9,-10,EDD,Sabit_N,12.08,1392,224.5,56,54.11
6,0.2,0.9,-10,EDD,Sabit_N,7.2,830,233.5,95,52.21
7,0.2,0.9,-10,EDD,Sabit_N,3.78,436,238.1,121,52.14
8,0.2,0.9,-10,EDD,Sabit_N,2.33,268,239.1,133,51.36
1,0.25,0.9,-10,EDD,Sabit_N,66.34,7642,79.1,8,13.25
2,0.25,0.9,-10,EDD,Sabit_N,48.36,5571,122.6,16,26.36
3,0.25,0.9,-10,EDD,Sabit_N,31.66,3647,163.5,24,37.31
4,0.25,0.9,-10,EDD,Sabit_N,18.19,2096,201.7,33,51.14
5,0.25,0.9,-10,EDD,Sabit_N,11.04,1272,224.8,56,53.52
6,0.25,0.9,-10,EDD,Sabit_N,8.09,932,232.6,94,54.91
7,0.25,0.9,-10,EDD,Sabit_N,4.34,500,237.2,118,52.5
8,0.25,0.9,-10,EDD,Sabit_N,3.21,370,238.1,130,53.06
1,0.3,0.9,-10,EDD,Sabit_N,66.35,7643,79.1,8,13.82
2,0.3,0.9,-10,EDD,Sabit_N,48.35,5570,122.7,16,26.74
3,0.3,0.9,-10,EDD,Sabit_N,30.97,3568,164.0,24,39.14
4,0.3,0.9,-10,EDD,Sabit_N,18.38,2117,202.5,32,49.46
5,0.3,0.9,-10,EDD,Sabit_N,12.28,1415,224.5,55,55.14
6,0.3,0.9,-10,EDD,Sabit_N,7.84,903,233.8,91,55.06
7,0.3,0.9,-10,EDD,Sabit_N,4.02,463,237.7,121,52.94
8,0.3,0.9,-10,EDD,Sabit_N,2.8,323,239.2,131,52.93
1,0.05,1.0,0,EDD,Sabit_N,69.52,8009,71.3,8,13.91
2,0.05,1.0,0,EDD,Sabit_N,53.06,6113,110.8,16,26.86
3,0.05,1.0,0,EDD,Sabit_N,37.04,4267,148.3,24,39.6
4,0.05,1.0,0,EDD,Sabit_N,24.08,2774,182.5,32,49.45
5,0.05,1.0,0,EDD,Sabit_N,13.86,1597,213.9,43,57.71
6,0.05,1.0,0,EDD,Sabit_N,12.03,1386,222.9,79,62.17
7,0.05,1.0,0,EDD,Sabit_N,6.22,717,233.6,116,58.59
8,0.05,1.0,0,EDD,Sabit_N,4.57,527,236.0,138,58.03
1,0.1,1.0,0,EDD,Sabit_N,69.52,8009,71.4,8,13.34
2,0.1,1.0,0,EDD,Sabit_N,53.01,6107,111.0,16,26.28
3,0.1,1.0,0,EDD,Sabit_N,36.87,4247,148.6,24,38.02
4,0.1,1.0,0,EDD,Sabit_N,24.15,2782,183.1,32,48.03
5,0.1,1.0,0,EDD,Sabit_N,15.39,1773,212.6,43,56.78
6,0.1,1.0,0,EDD,Sabit_N,11.12,1281,223.6,79,60.17
7,0.1,1.0,0,EDD,Sabit_N,8.34,961,230.0,112,59.56
8,0.1,1.0,0,EDD,Sabit_N,3.61,416,237.5,141,58.63
1,0.15,1.0,0,EDD,Sabit_N,69.5,8006,71.5,8,13.88
2,0.15,1.0,0,EDD,Sabit_N,53.01,6107,111.1,16,26.97
3,0.15,1.0,0,EDD,Sabit_N,36.93,4254,148.5,24,38.45
4,0.15,1.0,0,EDD,Sabit_N,24.58,2832,182.3,32,48.49
5,0.15,1.0,0,EDD,Sabit_N,15.98,1841,211.0,42,57.21
6,0.15,1.0,0,EDD,Sabit_N,11.27,1298,224.4,81,61.36
7,0.15,1.0,0,EDD,Sabit_N,7.0,806,232.9,116,60.65
8,0.15,1.0,0,EDD,Sabit_N,3.5,403,237.3,139,58.37
1,0.2,1.0,0,EDD,Sabit_N,69.51,8008,71.4,8,13.4
2,0.2,1.0,0,EDD,Sabit_N,52.99,6105,109.7,16,26.66
3,0.2,1.0,0,EDD,Sabit_N,36.93,4254,148.7,24,37.52
4,0.2,1.0,0,EDD,Sabit_N,23.72,2732,184.2,33,50.67
5,0.2,1.0,0,EDD,Sabit_N,13.32,1535,215.6,41,56.84
6,0.2,1.0,0,EDD,Sabit_N,11.6,1336,225.5,80,58.45
7,0.2,1.0,0,EDD,Sabit_N,6.97,803,232.9,108,59.31
8,0.2,1.0,0,EDD,Sabit_N,3.93,453,236.4,137,59.55
1,0.25,1.0,0,EDD,Sabit_N,69.49,8005,71.4,8,14.0
2,0.25,1.0,0,EDD,Sabit_N,53.12,6119,109.9,16,27.65
3,0.25,1.0,0,EDD,Sabit_N,36.74,4233,149.5,24,39.03
4,0.25,1.0,0,EDD,Sabit_N,22.65,2609,185.0,32,51.06
5,0.25,1.0,0,EDD,Sabit_N,14.1,1624,214.8,42,59.51
6,0.25,1.0,0,EDD,Sabit_N,12.48,1438,222.9,76,61.64
7,0.25,1.0,0,EDD,Sabit_N,6.41,739,234.1,110,58.81
8,0.25,1.0,0,EDD,Sabit_N,4.23,487,237.3,133,60.31
1,0.3,1.0,0,EDD,Sabit_N,69.54,8011,71.4,7,12.75
2,0.3,1.0,0,EDD,Sabit_N,53.04,6110,110.6,15,26.66
3,0.3,1.0,0,EDD,Sabit_N,36.53,4208,150.5,23,37.63
4,0.3,1.0,0,EDD,Sabit_N,21.9,2523,187.4,31,50.1
5,0.3,1.0,0,EDD,Sabit_N,14.94,1721,215.3,40,58.43
6,0.3,1.0,0,EDD,Sabit_N,11.7,1348,225.7,81,60.37
7,0.3,1.0,0,EDD,Sabit_N,5.76,663,236.5,116,59.95
8,0.3,1.0,0,EDD,Sabit_N,3.4,392,237.4,138,59.41
1,0.05,1.1,10,EDD,Sabit_N,72.2,8317,65.1,8,13.66
2,0.05,1.1,10,EDD,Sabit_N,56.92,6557,101.5,16,26.79
3,0.05,1.1,10,EDD,Sabit_N,41.95,4833,136.0,24,39.19
4,0.05,1.1,10,EDD,Sabit_N,28.33,3264,171.0,32,50.86
5,0.05,1.1,10,EDD,Sabit_N,18.28,2106,199.8,40,59.49
6,0.05,1.1,10,EDD,Sabit_N,15.95,1837,214.3,65,70.11
7,0.05,1.1,10,EDD,Sabit_N,10.6,1221,225.1,104,67.08
8,0.05,1.1,10,EDD,Sabit_N,6.48,747,231.1,131,65.82
1,0.1,1.1,10,EDD,Sabit_N,72.14,8311,65.0,8,13.77
2,0.1,1.1,10,EDD,Sabit_N,56.97,6563,100.3,16,27.13
3,0.1,1.1,10,EDD,Sabit_N,42.12,4852,136.2,24,38.52
4,0.1,1.1,10,EDD,Sabit_N,29.17,3360,169.0,32,49.34
5,0.1,1.1,10,EDD,Sabit_N,17.91,2063,200.8,40,60.27
6,0.1,1.1,10,EDD,Sabit_N,14.64,1686,217.0,60,70.54
7,0.1,1.1,10,EDD,Sabit_N,13.22,1523,220.7,100,64.84
8,0.1,1.1,10,EDD,Sabit_N,6.11,704,233.3,132,66.93
1,0.15,1.1,10,EDD,Sabit_N,72.16,8313,65.1,7,12.62
2,0.15,1.1,10,EDD,Sabit_N,56.94,6560,101.4,15,25.34
3,0.15,1.1,10,EDD,Sabit_N,41.72,4806,137.7,23,37.11
4,0.15,1.1,10,EDD,Sabit_N,27.91,3215,170.8,31,49.44
5,0.15,1.1,10,EDD,Sabit_N,17.91,2063,200.4,40,58.78
6,0.15,1.1,10,EDD,Sabit_N,13.4,1544,218.7,61,67.32
7,0.15,1.1,10,EDD,Sabit_N,11.57,1333,224.5,99,66.8
8,0.15,1.1,10,EDD,Sabit_N,5.82,670,234.1,131,65.73
1,0.2,1.1,10,EDD,Sabit_N,72.18,8315,65.1,7,13.57
2,0.2,1.1,10,EDD,Sabit_N,56.88,6552,101.8,15,26.57
3,0.2,1.1,10,EDD,Sabit_N,42.07,4846,136.6,23,38.38
4,0.2,1.1,10,EDD,Sabit_N,27.77,3199,171.8,31,49.7
5,0.2,1.1,10,EDD,Sabit_N,17.94,2067,200.3,39,60.11
6,0.2,1.1,10,EDD,Sabit_N,14.34,1652,217.3,62,69.64
7,0.2,1.1,10,EDD,Sabit_N,10.68,1230,225.7,101,64.83
8,0.2,1.1,10,EDD,Sabit_N,7.39,851,230.9,127,65.5
1,0.25,1.1,10,EDD,Sabit_N,72.16,8313,65.1,7,13.11
2,0.25,1.1,10,EDD,Sabit_N,57.05,6572,101.3,14,25.35
3,0.25,1.1,10,EDD,Sabit_N,41.88,4824,136.8,22,36.7
4,0.25,1.1,10,EDD,Sabit_N,28.54,3288,169.6,30,48.49
5,0.25,1.1,10,EDD,Sabit_N,17.89,2061,201.5,38,60.99
6,0.25,1.1,10,EDD,Sabit_N,14.51,1672,217.3,56,66.21
7,0.25,1.1,10,EDD,Sabit_N,9.36,1078,227.2,102,66.02
8,0.25,1.1,10,EDD,Sabit_N,6.75,778,232.3,131,65.57
1,0.3,1.1,10,EDD,Sabit_N,72.17,8314,65.1,7,13.22
2,0.3,1.1,10,EDD,Sabit_N,56.94,6559,101.7,14,26.02
3,0.3,1.1,10,EDD,Sabit_N,41.96,4834,137.4,21,37.1
4,0.3,1.1,10,EDD,Sabit_N,28.21,3250,172.2,29,49.25
5,0.3,1.1,10,EDD,Sabit_N,17.68,2037,201.2,38,59.98
6,0.3,1.1,10,EDD,Sabit_N,15.49,1784,216.8,59,67.15
7,0.3,1.1,10,EDD,Sabit_N,10.66,1228,226.7,99,65.49
8,0.3,1.1,10,EDD,Sabit_N,7.01,807,231.4,130,64.72
1,0.05,1.2,20,EDD,Sabit_N,74.39,8570,59.7,7,12.69
2,0.05,1.2,20,EDD,Sabit_N,60.26,6942,93.3,15,26.23
3,0.05,1.2,20,EDD,Sabit_N,46.05,5305,126.1,23,37.29
4,0.05,1.2,20,EDD,Sabit_N,32.56,3751,158.1,31,49.91
5,0.05,1.2,20,EDD,Sabit_N,22.68,2613,187.1,39,60.75
6,0.05,1.2,20,EDD,Sabit_N,18.71,2155,206.0,52,72.27
7,0.05,1.2,20,EDD,Sabit_N,13.82,1592,216.5,89,72.56
8,0.05,1.2,20,EDD,Sabit_N,12.68,1461,219.6,123,71.86
1,0.1,1.2,20,EDD,Sabit_N,74.38,8569,59.9,7,13.36
2,0.1,1.2,20,EDD,Sabit_N,60.24,6940,93.5,15,26.47
3,0.1,1.2,20,EDD,Sabit_N,46.31,5335,125.2,23,38.99
4,0.1,1.2,20,EDD,Sabit_N,32.54,3749,158.4,31,50.0
5,0.1,1.2,20,EDD,Sabit_N,22.61,2605,187.1,39,62.97
6,0.1,1.2,20,EDD,Sabit_N,16.68,1921,209.2,51,70.38
7,0.1,1.2,20,EDD,Sabit_N,15.88,1829,213.4,88,73.32
8,0.1,1.2,20,EDD,Sabit_N,12.51,1441,218.2,115,72.66
1,0.15,1.2,20,EDD,Sabit_N,74.37,8567,59.8,7,12.96
2,0.15,1.2,20,EDD,Sabit_N,60.31,6948,93.6,14,25.02
3,0.15,1.2,20,EDD,Sabit_N,46.21,5323,124.7,22,36.74
4,0.15,1.2,20,EDD,Sabit_N,33.59,3869,156.9,30,49.26
5,0.15,1.2,20,EDD,Sabit_N,23.3,2684,185.7,38,58.91
6,0.15,1.2,20,EDD,Sabit_N,16.77,1932,208.9,49,71.74
7,0.15,1.2,20,EDD,Sabit_N,15.67,1805,212.3,85,74.91
8,0.15,1.2,20,EDD,Sabit_N,10.88,1253,221.0,116,75.37
1,0.2,1.2,20,EDD,Sabit_N,74.42,8573,59.7,7,13.54
2,0.2,1.2,20,EDD,Sabit_N,60.28,6944,93.5,14,25.56
3,0.2,1.2,20,EDD,Sabit_N,46.88,5401,126.3,21,37.85
4,0.2,1.2,20,EDD,Sabit_N,34.39,3962,157.4,29,48.36
5,0.2,1.2,20,EDD,Sabit_N,23.45,2702,185.5,37,60.78
6,0.2,1.2,20,EDD,Sabit_N,17.65,2033,206.7,49,73.05
7,0.2,1.2,20,EDD,Sabit_N,13.85,1595,215.4,85,73.72
8,0.2,1.2,20,EDD,Sabit_N,12.01,1384,219.6,116,74.39
1,0.25,1.2,20,EDD,Sabit_N,74.37,8567,59.9,7,13.09
2,0.25,1.2,20,EDD,Sabit_N,60.26,6942,93.6,14,24.79
3,0.25,1.2,20,EDD,Sabit_N,46.94,5408,126.2,21,37.97
4,0.25,1.2,20,EDD,Sabit_N,34.15,3934,156.0,28,46.95
5,0.25,1.2,20,EDD,Sabit_N,24.49,2821,184.5,36,58.81
6,0.25,1.2,20,EDD,Sabit_N,16.88,1945,207.2,48,71.7
7,0.25,1.2,20,EDD,Sabit_N,15.31,1764,213.2,81,76.45
8,0.25,1.2,20,EDD,Sabit_N,11.11,1280,221.8,114,74.41
1,0.3,1.2,20,EDD,Sabit_N,74.4,8571,59.7,7,13.26
2,0.3,1.2,20,EDD,Sabit_N,60.26,6942,93.7,14,24.76
3,0.3,1.2,20,EDD,Sabit_N,46.87,5399,126.1,21,38.34
4,0.3,1.2,20,EDD,Sabit_N,34.27,3948,157.6,28,49.48
5,0.3,1.2,20,EDD,Sabit_N,24.03,2768,185.4,36,58.95
6,0.3,1.2,20,EDD,Sabit_N,16.45,1895,209.3,47,72.99
7,0.3,1.2,20,EDD,Sabit_N,15.22,1753,215.8,74,75.54
8,0.3,1.2,20,EDD,Sabit_N,10.15,1169,225.2,109,75.0
1,0.05,0.8,-20,SLACK,Sabit_N,62.56,7207,88.4,8,13.03
2,0.05,0.8,-20,SLACK,Sabit_N,43.12,4968,134.7,16,25.62
3,0.05,0.8,-20,SLACK,Sabit_N,24.54,2827,180.2,23,36.83
4,0.05,0.8,-20,SLACK,Sabit_N,12.68,1461,219.2,32,45.79
5,0.05,0.8,-20,SLACK,Sabit_N,7.71,888,232.9,68,49.2
6,0.05,0.8,-20,SLACK,Sabit_N,3.88,447,237.7,93,47.83
7,0.05,0.8,-20,SLACK,Sabit_N,2.33,268,240.2,107,47.55
8,0.05,0.8,-20,SLACK,Sabit_N,1.96,226,240.3,112,47.01
1,0.1,0.8,-20,SLACK,Sabit_N,62.58,7209,88.3,8,12.9
2,0.1,0.8,-20,SLACK,Sabit_N,43.03,4957,135.2,16,26.82
3,0.1,0.8,-20,SLACK,Sabit_N,24.55,2828,180.5,23,38.58
4,0.1,0.8,-20,SLACK,Sabit_N,12.08,1392,220.3,32,46.28
5,0.1,0.8,-20,SLACK,Sabit_N,8.43,971,231.9,69,50.11
6,0.1,0.8,-20,SLACK,Sabit_N,3.99,460,238.5,97,47.94
7,0.1,0.8,-20,SLACK,Sabit_N,2.82,325,240.3,109,47.59
8,0.1,0.8,-20,SLACK,Sabit_N,2.33,268,240.8,115,47.69
1,0.15,0.8,-20,SLACK,Sabit_N,62.5,7200,88.5,8,12.81
2,0.15,0.8,-20,SLACK,Sabit_N,43.11,4966,135.3,16,26.5
3,0.15,0.8,-20,SLACK,Sabit_N,24.57,2830,181.0,23,36.65
4,0.15,0.8,-20,SLACK,Sabit_N,11.98,1380,219.9,32,45.75
5,0.15,0.8,-20,SLACK,Sabit_N,8.43,971,232.7,68,47.39
6,0.15,0.8,-20,SLACK,Sabit_N,3.26,376,240.3,103,47.15
7,0.15,0.8,-20,SLACK,Sabit_N,1.95,225,241.9,116,46.78
8,0.15,0.8,-20,SLACK,Sabit_N,1.62,187,242.3,120,46.54
1,0.2,0.8,-20,SLACK,Sabit_N,62.48,7198,88.6,8,13.26
2,0.2,0.8,-20,SLACK,Sabit_N,42.95,4948,135.6,16,26.14
3,0.2,0.8,-20,SLACK,Sabit_N,24.84,2862,181.3,23,37.05
4,0.2,0.8,-20,SLACK,Sabit_N,11.98,1380,221.5,33,45.42
5,0.2,0.8,-20,SLACK,Sabit_N,8.28,954,231.4,70,49.8
6,0.2,0.8,-20,SLACK,Sabit_N,3.53,407,239.4,102,49.42
7,0.2,0.8,-20,SLACK,Sabit_N,2.24,258,241.2,116,48.28
8,0.2,0.8,-20,SLACK,Sabit_N,1.55,179,241.6,123,48.18
1,0.25,0.8,-20,SLACK,Sabit_N,62.48,7198,88.7,8,13.25
2,0.25,0.8,-20,SLACK,Sabit_N,42.9,4942,136.2,16,27.03
3,0.25,0.8,-20,SLACK,Sabit_N,24.62,2836,181.6,24,39.74
4,0.25,0.8,-20,SLACK,Sabit_N,11.3,1302,221.3,32,44.98
5,0.25,0.8,-20,SLACK,Sabit_N,8.29,955,231.8,68,50.23
6,0.25,0.8,-20,SLACK,Sabit_N,4.42,509,237.5,96,47.6
7,0.25,0.8,-20,SLACK,Sabit_N,2.82,325,239.2,115,48.04
8,0.25,0.8,-20,SLACK,Sabit_N,2.49,287,239.7,120,47.85
1,0.3,0.8,-20,SLACK,Sabit_N,62.48,7198,88.7,8,13.25
2,0.3,0.8,-20,SLACK,Sabit_N,42.86,4938,136.4,16,26.4
3,0.3,0.8,-20,SLACK,Sabit_N,24.17,2784,182.2,24,39.11
4,0.3,0.8,-20,SLACK,Sabit_N,12.54,1445,221.4,34,48.25
5,0.3,0.8,-20,SLACK,Sabit_N,7.59,874,235.0,67,50.17
6,0.3,0.8,-20,SLACK,Sabit_N,4.51,519,239.2,94,49.22
7,0.3,0.8,-20,SLACK,Sabit_N,2.65,305,241.5,110,48.47
8,0.3,0.8,-20,SLACK,Sabit_N,2.14,246,241.9,119,48.35
1,0.05,0.9,-10,SLACK,Sabit_N,66.38,7647,79.0,8,13.01
2,0.05,0.9,-10,SLACK,Sabit_N,48.55,5593,121.9,16,26.38
3,0.05,0.9,-10,SLACK,Sabit_N,30.78,3546,163.0,24,39.07
4,0.05,0.9,-10,SLACK,Sabit_N,18.23,2100,201.9,32,49.29
5,0.05,0.9,-10,SLACK,Sabit_N,12.2,1405,224.5,55,53.35
6,0.05,0.9,-10,SLACK,Sabit_N,7.66,883,232.8,83,53.96
7,0.05,0.9,-10,SLACK,Sabit_N,4.05,467,236.2,108,51.9
8,0.05,0.9,-10,SLACK,Sabit_N,3.38,389,236.9,121,51.35
1,0.1,0.9,-10,SLACK,Sabit_N,66.41,7650,79.0,8,12.99
2,0.1,0.9,-10,SLACK,Sabit_N,48.46,5583,122.0,16,26.32
3,0.1,0.9,-10,SLACK,Sabit_N,32.29,3720,162.2,24,37.43
4,0.1,0.9,-10,SLACK,Sabit_N,17.71,2040,202.7,33,50.28
5,0.1,0.9,-10,SLACK,Sabit_N,10.55,1215,226.5,57,55.2
6,0.1,0.9,-10,SLACK,Sabit_N,7.94,915,232.7,93,52.97
7,0.1,0.9,-10,SLACK,Sabit_N,4.11,474,237.3,118,52.33
8,0.1,0.9,-10,SLACK,Sabit_N,3.72,428,236.9,125,52.3
1,0.15,0.9,-10,SLACK,Sabit_N,66.3,7638,79.2,8,13.07
2,0.15,0.9,-10,SLACK,Sabit_N,48.47,5584,122.0,16,26.5
3,0.15,0.9,-10,SLACK,Sabit_N,32.34,3725,162.3,24,38.05
4,0.15,0.9,-10,SLACK,Sabit_N,16.82,1938,201.5,32,48.11
5,0.15,0.9,-10,SLACK,Sabit_N,11.7,1348,224.9,57,55.63
6,0.15,0.9,-10,SLACK,Sabit_N,6.15,709,234.3,98,53.53
7,0.15,0.9,-10,SLACK,Sabit_N,4.34,500,236.4,117,53.62
8,0.15,0.9,-10,SLACK,Sabit_N,2.57,296,238.6,131,52.65
1,0.2,0.9,-10,SLACK,Sabit_N,66.33,7641,79.2,8,13.2
2,0.2,0.9,-10,SLACK,Sabit_N,48.39,5574,122.2,16,26.23
3,0.2,0.9,-10,SLACK,Sabit_N,32.38,3730,162.4,24,37.44
4,0.2,0.9,-10,SLACK,Sabit_N,16.86,1942,201.7,32,47.69
5,0.2,0.9,-10,SLACK,Sabit_N,11.99,1381,224.3,56,54.16
6,0.2,0.9,-10,SLACK,Sabit_N,7.15,824,233.7,95,52.96
7,0.2,0.9,-10,SLACK,Sabit_N,3.61,416,238.5,121,52.6
8,0.2,0.9,-10,SLACK,Sabit_N,2.26,260,239.0,133,51.73
1,0.25,0.9,-10,SLACK,Sabit_N,66.32,7640,79.1,8,13.29
2,0.25,0.9,-10,SLACK,Sabit_N,48.39,5574,122.3,16,25.54
3,0.25,0.9,-10,SLACK,Sabit_N,31.99,3685,163.2,24,36.62
4,0.25,0.9,-10,SLACK,Sabit_N,18.15,2091,201.7,33,49.83
5,0.25,0.9,-10,SLACK,Sabit_N,11.01,1268,224.8,56,52.51
6,0.25,0.9,-10,SLACK,Sabit_N,7.66,882,233.0,94,54.59
7,0.25,0.9,-10,SLACK,Sabit_N,3.87,446,237.8,118,52.49
8,0.25,0.9,-10,SLACK,Sabit_N,2.88,332,238.2,130,53.12
1,0.3,0.9,-10,SLACK,Sabit_N,66.33,7641,79.2,8,13.11
2,0.3,0.9,-10,SLACK,Sabit_N,48.38,5573,122.4,16,26.12
3,0.3,0.9,-10,SLACK,Sabit_N,30.97,3568,164.0,24,38.67
4,0.3,0.9,-10,SLACK,Sabit_N,18.35,2114,202.7,32,48.91
5,0.3,0.9,-10,SLACK,Sabit_N,12.07,1391,224.7,55,54.38
6,0.3,0.9,-10,SLACK,Sabit_N,8.05,927,233.7,91,54.17
7,0.3,0.9,-10,SLACK,Sabit_N,4.18,481,237.6,121,52.28
8,0.3,0.9,-10,SLACK,Sabit_N,2.75,317,239.2,131,52.68
1,0.05,1.0,0,SLACK,Sabit_N,69.53,8010,71.3,8,13.39
2,0.05,1.0,0,SLACK,Sabit_N,53.08,6115,110.6,16,26.75
3,0.05,1.0,0,SLACK,Sabit_N,37.04,4267,148.4,24,39.48
4,0.05,1.0,0,SLACK,Sabit_N,24.19,2787,182.8,32,49.41
5,0.05,1.0,0,SLACK,Sabit_N,14.52,1673,212.9,43,57.76
6,0.05,1.0,0,SLACK,Sabit_N,12.22,1408,222.5,79,62.36
7,0.05,1.0,0,SLACK,Sabit_N,6.22,716,233.7,116,58.62
8,0.05,1.0,0,SLACK,Sabit_N,4.62,532,236.2,138,58.37
1,0.1,1.0,0,SLACK,Sabit_N,69.5,8006,71.4,8,13.18
2,0.1,1.0,0,SLACK,Sabit_N,53.05,6111,110.7,16,26.54
3,0.1,1.0,0,SLACK,Sabit_N,36.8,4239,148.5,24,38.8
4,0.1,1.0,0,SLACK,Sabit_N,24.35,2805,183.1,32,48.88
5,0.1,1.0,0,SLACK,Sabit_N,14.92,1719,213.3,43,57.46
6,0.1,1.0,0,SLACK,Sabit_N,11.55,1331,223.0,79,60.98
7,0.1,1.0,0,SLACK,Sabit_N,8.51,980,229.7,112,60.29
8,0.1,1.0,0,SLACK,Sabit_N,3.5,403,237.3,141,59.3
1,0.15,1.0,0,SLACK,Sabit_N,69.52,8009,71.4,8,13.75
2,0.15,1.0,0,SLACK,Sabit_N,53.03,6109,111.0,16,27.1
3,0.15,1.0,0,SLACK,Sabit_N,36.73,4231,148.7,24,39.08
4,0.15,1.0,0,SLACK,Sabit_N,24.66,2841,182.4,32,49.04
5,0.15,1.0,0,SLACK,Sabit_N,16.07,1851,211.1,42,57.78
6,0.15,1.0,0,SLACK,Sabit_N,11.11,1280,224.6,81,61.57
7,0.15,1.0,0,SLACK,Sabit_N,6.89,794,232.5,116,60.13
8,0.15,1.0,0,SLACK,Sabit_N,3.66,422,237.1,139,58.75
1,0.2,1.0,0,SLACK,Sabit_N,69.5,8006,71.4,8,13.55
2,0.2,1.0,0,SLACK,Sabit_N,53.0,6106,109.7,16,26.41
3,0.2,1.0,0,SLACK,Sabit_N,37.05,4268,148.6,24,38.18
4,0.2,1.0,0,SLACK,Sabit_N,23.92,2756,183.8,33,50.98
5,0.2,1.0,0,SLACK,Sabit_N,13.85,1596,215.1,41,56.91
6,0.2,1.0,0,SLACK,Sabit_N,11.13,1282,226.0,80,58.56
7,0.2,1.0,0,SLACK,Sabit_N,6.96,802,233.0,108,59.55
8,0.2,1.0,0,SLACK,Sabit_N,3.81,439,236.9,137,59.76
1,0.25,1.0,0,SLACK,Sabit_N,69.51,8007,71.5,8,13.13
2,0.25,1.0,0,SLACK,Sabit_N,53.06,6113,110.0,16,27.36
3,0.25,1.0,0,SLACK,Sabit_N,36.8,4239,149.5,24,39.38
4,0.25,1.0,0,SLACK,Sabit_N,22.92,2640,184.4,32,50.69
5,0.25,1.0,0,SLACK,Sabit_N,14.14,1629,214.5,42,58.91
6,0.25,1.0,0,SLACK,Sabit_N,12.13,1397,223.5,76,61.79
7,0.25,1.0,0,SLACK,Sabit_N,6.46,744,234.1,110,58.47
8,0.25,1.0,0,SLACK,Sabit_N,4.24,489,237.0,133,60.01
1,0.3,1.0,0,SLACK,Sabit_N,69.55,8012,71.5,7,12.18
2,0.3,1.0,0,SLACK,Sabit_N,53.0,6106,110.8,15,26.95
3,0.3,1.0,0,SLACK,Sabit_N,36.61,4218,150.6,23,37.15
4,0.3,1.0,0,SLACK,Sabit_N,21.81,2512,187.5,31,50.3
5,0.3,1.0,0,SLACK,Sabit_N,14.58,1680,215.4,40,59.12
6,0.3,1.0,0,SLACK,Sabit_N,12.27,1413,225.3,81,60.54
7,0.3,1.0,0,SLACK,Sabit_N,5.93,683,236.4,116,60.52
8,0.3,1.0,0,SLACK,Sabit_N,3.29,379,237.9,138,59.67
1,0.05,1.1,10,SLACK,Sabit_N,72.2,8318,65.1,8,13.27
2,0.05,1.1,10,SLACK,Sabit_N,56.89,6554,101.3,16,26.34
3,0.05,1.1,10,SLACK,Sabit_N,41.93,4830,136.1,24,38.37
4,0.05,1.1,10,SLACK,Sabit_N,28.56,3290,170.9,32,50.55
5,0.05,1.1,10,SLACK,Sabit_N,18.15,2091,200.4,40,59.34
6,0.05,1.1,10,SLACK,Sabit_N,15.81,1821,214.8,65,68.77
7,0.05,1.1,10,SLACK,Sabit_N,10.44,1203,225.5,104,67.69
8,0.05,1.1,10,SLACK,Sabit_N,6.54,753,231.0,131,65.91
1,0.1,1.1,10,SLACK,Sabit_N,72.16,8313,65.0,8,13.8
2,0.1,1.1,10,SLACK,Sabit_N,56.98,6564,100.2,16,26.54
3,0.1,1.1,10,SLACK,Sabit_N,42.27,4870,136.1,24,38.71
4,0.1,1.1,10,SLACK,Sabit_N,29.32,3378,168.7,32,49.1
5,0.1,1.1,10,SLACK,Sabit_N,18.2,2097,200.7,40,61.08
6,0.1,1.1,10,SLACK,Sabit_N,15.3,1762,215.6,60,70.03
7,0.1,1.1,10,SLACK,Sabit_N,13.33,1536,221.3,100,65.75
8,0.1,1.1,10,SLACK,Sabit_N,6.15,708,232.9,132,67.37
1,0.15,1.1,10,SLACK,Sabit_N,72.19,8316,65.2,7,12.34
2,0.15,1.1,10,SLACK,Sabit_N,56.88,6553,101.4,15,25.4
3,0.15,1.1,10,SLACK,Sabit_N,41.74,4809,137.8,23,37.19
4,0.15,1.1,10,SLACK,Sabit_N,27.93,3217,170.9,31,49.39
5,0.15,1.1,10,SLACK,Sabit_N,18.2,2097,200.2,40,58.82
6,0.15,1.1,10,SLACK,Sabit_N,14.0,1613,216.7,61,66.44
7,0.15,1.1,10,SLACK,Sabit_N,11.28,1300,224.0,99,67.53
8,0.15,1.1,10,SLACK,Sabit_N,5.3,610,234.4,131,65.33
1,0.2,1.1,10,SLACK,Sabit_N,72.16,8313,65.1,7,13.4
2,0.2,1.1,10,SLACK,Sabit_N,56.85,6549,101.9,15,26.63
3,0.2,1.1,10,SLACK,Sabit_N,42.08,4848,136.6,23,38.06
4,0.2,1.1,10,SLACK,Sabit_N,27.9,3214,171.8,31,49.73
5,0.2,1.1,10,SLACK,Sabit_N,18.22,2099,200.3,39,59.84
6,0.2,1.1,10,SLACK,Sabit_N,13.65,1573,219.0,62,70.0
7,0.2,1.1,10,SLACK,Sabit_N,11.23,1294,224.7,101,65.4
8,0.2,1.1,10,SLACK,Sabit_N,7.4,852,231.1,127,65.99
1,0.25,1.1,10,SLACK,Sabit_N,72.16,8313,65.1,7,13.26
2,0.25,1.1,10,SLACK,Sabit_N,57.04,6571,101.4,14,25.23
3,0.25,1.1,10,SLACK,Sabit_N,41.86,4822,136.9,22,36.09
4,0.25,1.1,10,SLACK,Sabit_N,28.66,3302,169.5,30,48.72
5,0.25,1.1,10,SLACK,Sabit_N,17.62,2030,201.8,38,60.72
6,0.25,1.1,10,SLACK,Sabit_N,14.84,1709,217.7,56,65.8
7,0.25,1.1,10,SLACK,Sabit_N,9.44,1088,227.0,102,66.2
8,0.25,1.1,10,SLACK,Sabit_N,6.55,754,232.5,131,65.7
1,0.3,1.1,10,SLACK,Sabit_N,72.18,8315,65.1,7,13.5
2,0.3,1.1,10,SLACK,Sabit_N,56.93,6558,101.7,14,26.38
3,0.3,1.1,10,SLACK,Sabit_N,42.02,4841,135.6,21,37.32
4,0.3,1.1,10,SLACK,Sabit_N,28.28,3258,172.2,29,49.43
5,0.3,1.1,10,SLACK,Sabit_N,17.68,2037,202.1,38,61.22
6,0.3,1.1,10,SLACK,Sabit_N,15.41,1775,217.3,59,68.3
7,0.3,1.1,10,SLACK,Sabit_N,11.09,1277,226.3,99,65.93
8,0.3,1.1,10,SLACK,Sabit_N,7.1,818,231.4,130,64.97
1,0.05,1.2,20,SLACK,Sabit_N,74.36,8566,59.7,7,12.59
2,0.05,1.2,20,SLACK,Sabit_N,60.23,6939,93.4,15,26.51
3,0.05,1.2,20,SLACK,Sabit_N,46.07,5307,125.5,23,37.28
4,0.05,1.2,20,SLACK,Sabit_N,32.94,3795,157.6,31,50.45
5,0.05,1.2,20,SLACK,Sabit_N,22.4,2580,187.5,39,61.13
6,0.05,1.2,20,SLACK,Sabit_N,18.63,2146,206.1,52,71.92
7,0.05,1.2,20,SLACK,Sabit_N,14.13,1628,216.2,89,72.47
8,0.05,1.2,20,SLACK,Sabit_N,11.57,1333,220.7,123,72.67
1,0.1,1.2,20,SLACK,Sabit_N,74.45,8577,59.7,7,12.84
2,0.1,1.2,20,SLACK,Sabit_N,60.26,6942,93.4,15,27.05
3,0.1,1.2,20,SLACK,Sabit_N,46.23,5326,125.6,23,39.61
4,0.1,1.2,20,SLACK,Sabit_N,32.77,3775,158.0,31,50.08
5,0.1,1.2,20,SLACK,Sabit_N,22.53,2595,188.1,39,63.09
6,0.1,1.2,20,SLACK,Sabit_N,17.53,2019,208.2,51,71.78
7,0.1,1.2,20,SLACK,Sabit_N,15.72,1811,214.8,88,73.74
8,0.1,1.2,20,SLACK,Sabit_N,12.63,1455,219.4,115,72.99
1,0.15,1.2,20,SLACK,Sabit_N,74.4,8571,59.7,7,12.71
2,0.15,1.2,20,SLACK,Sabit_N,60.24,6940,93.7,14,24.97
3,0.15,1.2,20,SLACK,Sabit_N,46.25,5328,124.6,22,36.97
4,0.15,1.2,20,SLACK,Sabit_N,33.58,3868,156.6,30,49.44
5,0.15,1.2,20,SLACK,Sabit_N,23.5,2707,186.0,38,59.59
6,0.15,1.2,20,SLACK,Sabit_N,16.57,1909,209.6,49,71.79
7,0.15,1.2,20,SLACK,Sabit_N,16.65,1918,210.8,85,75.18
8,0.15,1.2,20,SLACK,Sabit_N,11.46,1320,220.8,116,74.83
1,0.2,1.2,20,SLACK,Sabit_N,74.43,8574,59.7,7,12.85
2,0.2,1.2,20,SLACK,Sabit_N,60.21,6936,93.7,14,25.4
3,0.2,1.2,20,SLACK,Sabit_N,46.89,5402,126.2,21,38.13
4,0.2,1.2,20,SLACK,Sabit_N,34.53,3978,157.2,29,49.23
5,0.2,1.2,20,SLACK,Sabit_N,23.75,2736,185.7,37,60.61
6,0.2,1.2,20,SLACK,Sabit_N,17.24,1986,207.9,49,74.78
7,0.2,1.2,20,SLACK,Sabit_N,14.29,1646,215.0,85,73.19
8,0.2,1.2,20,SLACK,Sabit_N,12.52,1442,219.5,116,74.37
1,0.25,1.2,20,SLACK,Sabit_N,74.43,8574,59.7,7,13.13
2,0.25,1.2,20,SLACK,Sabit_N,60.23,6938,93.6,14,25.58
3,0.25,1.2,20,SLACK,Sabit_N,46.83,5395,126.3,21,37.67
4,0.25,1.2,20,SLACK,Sabit_N,33.73,3886,156.6,28,47.81
5,0.25,1.2,20,SLACK,Sabit_N,24.65,2840,184.1,36,59.46
6,0.25,1.2,20,SLACK,Sabit_N,16.46,1896,208.4,48,72.87
7,0.25,1.2,20,SLACK,Sabit_N,15.91,1833,213.3,81,76.63
8,0.25,1.2,20,SLACK,Sabit_N,11.68,1346,221.3,114,74.28
1,0.3,1.2,20,SLACK,Sabit_N,74.47,8579,59.6,7,13.01
2,0.3,1.2,20,SLACK,Sabit_N,60.23,6939,93.6,14,25.4
3,0.3,1.2,20,SLACK,Sabit_N,46.87,5399,126.1,21,37.51
4,0.3,1.2,20,SLACK,Sabit_N,34.23,3943,157.9,28,48.54
5,0.3,1.2,20,SLACK,Sabit_N,24.65,2840,184.5,36,59.07
6,0.3,1.2,20,SLACK,Sabit_N,16.76,1931,209.6,47,72.38
7,0.3,1.2,20,SLACK,Sabit_N,15.79,1819,215.5,74,75.31
8,0.3,1.2,20,SLACK,Sabit_N,10.76,1240,224.9,109,75.0
1,0.05,0.8,-20,FIFO,Sabit_N,62.6,7212,88.3,8,13.29
2,0.05,0.8,-20,FIFO,Sabit_N,43.13,4969,134.7,16,26.36
3,0.05,0.8,-20,FIFO,Sabit_N,24.57,2830,180.3,23,37.07
4,0.05,0.8,-20,FIFO,Sabit_N,12.07,1391,219.8,32,45.27
5,0.05,0.8,-20,FIFO,Sabit_N,8.09,932,232.7,68,49.28
6,0.05,0.8,-20,FIFO,Sabit_N,3.88,447,237.9,93,46.98
7,0.05,0.8,-20,FIFO,Sabit_N,2.83,326,239.8,107,46.69
8,0.05,0.8,-20,FIFO,Sabit_N,2.25,259,240.1,112,46.15
1,0.1,0.8,-20,FIFO,Sabit_N,62.61,7213,88.3,8,13.29
2,0.1,0.8,-20,FIFO,Sabit_N,43.1,4965,135.1,16,26.62
3,0.1,0.8,-20,FIFO,Sabit_N,24.67,2842,180.5,23,36.93
4,0.1,0.8,-20,FIFO,Sabit_N,12.04,1387,220.3,32,45.26
5,0.1,0.8,-20,FIFO,Sabit_N,8.93,1029,231.3,69,49.58
6,0.1,0.8,-20,FIFO,Sabit_N,4.09,471,238.5,97,47.63
7,0.1,0.8,-20,FIFO,Sabit_N,2.7,311,240.5,109,47.27
8,0.1,0.8,-20,FIFO,Sabit_N,2.34,269,240.9,115,47.37
1,0.15,0.8,-20,FIFO,Sabit_N,62.56,7207,88.4,8,12.99
2,0.15,0.8,-20,FIFO,Sabit_N,43.1,4965,135.3,16,26.29
3,0.15,0.8,-20,FIFO,Sabit_N,24.57,2831,181.1,23,36.64
4,0.15,0.8,-20,FIFO,Sabit_N,11.85,1365,220.4,32,44.06
5,0.15,0.8,-20,FIFO,Sabit_N,8.59,990,232.5,68,46.71
6,0.15,0.8,-20,FIFO,Sabit_N,3.53,407,240.0,103,46.14
7,0.15,0.8,-20,FIFO,Sabit_N,1.99,229,241.8,116,46.36
8,0.15,0.8,-20,FIFO,Sabit_N,1.7,196,242.2,120,46.21
1,0.2,0.8,-20,FIFO,Sabit_N,62.5,7200,88.6,8,13.41
2,0.2,0.8,-20,FIFO,Sabit_N,42.96,4949,135.7,16,27.04
3,0.2,0.8,-20,FIFO,Sabit_N,24.6,2834,181.5,23,37.97
4,0.2,0.8,-20,FIFO,Sabit_N,12.4,1429,220.9,33,46.23
5,0.2,0.8,-20,FIFO,Sabit_N,8.25,950,231.4,70,49.18
6,0.2,0.8,-20,FIFO,Sabit_N,3.91,451,239.1,102,48.96
7,0.2,0.8,-20,FIFO,Sabit_N,2.13,245,241.1,116,48.34
8,0.2,0.8,-20,FIFO,Sabit_N,1.54,177,241.3,123,48.0
1,0.25,0.8,-20,FIFO,Sabit_N,62.52,7202,88.6,8,13.11
2,0.25,0.8,-20,FIFO,Sabit_N,42.93,4946,136.0,16,27.25
3,0.25,0.8,-20,FIFO,Sabit_N,24.56,2829,181.7,24,38.63
4,0.25,0.8,-20,FIFO,Sabit_N,10.57,1218,222.4,32,43.91
5,0.25,0.8,-20,FIFO,Sabit_N,8.0,922,232.0,68,48.31
6,0.25,0.8,-20,FIFO,Sabit_N,4.61,531,237.4,96,46.48
7,0.25,0.8,-20,FIFO,Sabit_N,2.8,323,239.5,115,47.21
8,0.25,0.8,-20,FIFO,Sabit_N,2.49,287,240.0,120,46.88
1,0.3,0.8,-20,FIFO,Sabit_N,62.53,7204,88.6,8,13.2
2,0.3,0.8,-20,FIFO,Sabit_N,42.93,4945,136.2,16,26.74
3,0.3,0.8,-20,FIFO,Sabit_N,24.21,2789,182.3,24,38.78
4,0.3,0.8,-20,FIFO,Sabit_N,11.9,1371,222.2,34,47.26
5,0.3,0.8,-20,FIFO,Sabit_N,7.6,875,234.2,67,49.07
6,0.3,0.8,-20,FIFO,Sabit_N,4.48,516,238.5,94,48.64
7,0.3,0.8,-20,FIFO,Sabit_N,2.62,302,240.8,110,48.01
8,0.3,0.8,-20,FIFO,Sabit_N,2.27,262,241.3,119,47.74
1,0.05,0.9,-10,FIFO,Sabit_N,66.41,7650,78.9,8,13.15
2,0.05,0.9,-10,FIFO,Sabit_N,48.58,5596,121.7,16,26.67
3,0.05,0.9,-10,FIFO,Sabit_N,31.11,3584,162.8,24,38.87
4,0.05,0.9,-10,FIFO,Sabit_N,18.0,2074,202.0,32,48.99
5,0.05,0.9,-10,FIFO,Sabit_N,12.44,1433,223.9,55,53.16
6,0.05,0.9,-10,FIFO,Sabit_N,7.75,893,232.5,83,53.68
7,0.05,0.9,-10,FIFO,Sabit_N,4.55,524,236.1,108,51.6
8,0.05,0.9,-10,FIFO,Sabit_N,3.56,410,236.9,121,51.28
1,0.1,0.9,-10,FIFO,Sabit_N,66.43,7653,78.9,8,12.64
2,0.1,0.9,-10,FIFO,Sabit_N,48.47,5584,121.9,16,26.29
3,0.1,0.9,-10,FIFO,Sabit_N,32.29,3720,162.1,24,37.01
4,0.1,0.9,-10,FIFO,Sabit_N,17.48,2014,202.5,33,49.63
5,0.1,0.9,-10,FIFO,Sabit_N,10.35,1192,226.6,57,54.83
6,0.1,0.9,-10,FIFO,Sabit_N,7.95,916,232.3,93,52.65
7,0.1,0.9,-10,FIFO,Sabit_N,4.34,500,237.3,118,51.8
8,0.1,0.9,-10,FIFO,Sabit_N,3.81,439,236.6,125,52.0
1,0.15,0.9,-10,FIFO,Sabit_N,66.36,7645,79.1,8,12.64
2,0.15,0.9,-10,FIFO,Sabit_N,48.46,5583,122.2,16,26.01
3,0.15,0.9,-10,FIFO,Sabit_N,32.33,3724,162.6,24,37.21
4,0.15,0.9,-10,FIFO,Sabit_N,16.88,1944,201.5,32,48.0
5,0.15,0.9,-10,FIFO,Sabit_N,10.98,1265,225.5,57,55.11
6,0.15,0.9,-10,FIFO,Sabit_N,6.09,702,234.1,98,52.63
7,0.15,0.9,-10,FIFO,Sabit_N,4.28,493,236.7,117,52.96
8,0.15,0.9,-10,FIFO,Sabit_N,2.6,299,239.0,131,52.04
1,0.2,0.9,-10,FIFO,Sabit_N,66.35,7643,79.1,8,12.85
2,0.2,0.9,-10,FIFO,Sabit_N,48.43,5579,122.2,16,26.13
3,0.2,0.9,-10,FIFO,Sabit_N,32.13,3701,162.6,24,37.37
4,0.2,0.9,-10,FIFO,Sabit_N,16.79,1934,201.7,32,48.11
5,0.2,0.9,-10,FIFO,Sabit_N,12.0,1382,224.6,56,54.16
6,0.2,0.9,-10,FIFO,Sabit_N,7.0,806,233.3,95,52.17
7,0.2,0.9,-10,FIFO,Sabit_N,3.57,411,237.9,121,52.1
8,0.2,0.9,-10,FIFO,Sabit_N,2.12,244,239.2,133,51.32
1,0.25,0.9,-10,FIFO,Sabit_N,66.34,7642,79.1,8,13.2
2,0.25,0.9,-10,FIFO,Sabit_N,48.37,5572,122.5,16,26.54
3,0.25,0.9,-10,FIFO,Sabit_N,31.9,3675,162.7,24,37.55
4,0.25,0.9,-10,FIFO,Sabit_N,17.76,2046,202.1,33,51.95
5,0.25,0.9,-10,FIFO,Sabit_N,10.95,1262,225.3,56,53.82
6,0.25,0.9,-10,FIFO,Sabit_N,8.37,964,232.3,94,55.19
7,0.25,0.9,-10,FIFO,Sabit_N,4.45,513,237.2,118,52.72
8,0.25,0.9,-10,FIFO,Sabit_N,2.97,342,237.9,130,53.27
1,0.3,0.9,-10,FIFO,Sabit_N,66.35,7643,79.1,8,13.74
2,0.3,0.9,-10,FIFO,Sabit_N,48.39,5574,122.6,16,26.95
3,0.3,0.9,-10,FIFO,Sabit_N,31.07,3579,163.3,24,39.7
4,0.3,0.9,-10,FIFO,Sabit_N,18.39,2118,202.3,32,49.41
5,0.3,0.9,-10,FIFO,Sabit_N,12.03,1386,225.0,55,55.45
6,0.3,0.9,-10,FIFO,Sabit_N,7.8,899,233.5,91,55.45
7,0.3,0.9,-10,FIFO,Sabit_N,3.78,435,237.5,121,52.98
8,0.3,0.9,-10,FIFO,Sabit_N,2.68,309,239.0,131,52.84
1,0.05,1.0,0,FIFO,Sabit_N,69.52,8009,71.3,8,13.91
2,0.05,1.0,0,FIFO,Sabit_N,53.06,6113,110.8,16,26.86
3,0.05,1.0,0,FIFO,Sabit_N,37.04,4267,148.3,24,39.6
4,0.05,1.0,0,FIFO,Sabit_N,24.08,2774,182.5,32,49.45
5,0.05,1.0,0,FIFO,Sabit_N,13.86,1597,213.9,43,57.71
6,0.05,1.0,0,FIFO,Sabit_N,12.03,1386,222.9,79,62.17
7,0.05,1.0,0,FIFO,Sabit_N,6.22,717,233.6,116,58.59
8,0.05,1.0,0,FIFO,Sabit_N,4.57,527,236.0,138,58.03
1,0.1,1.0,0,FIFO,Sabit_N,69.52,8009,71.4,8,13.34
2,0.1,1.0,0,FIFO,Sabit_N,53.01,6107,111.0,16,26.28
3,0.1,1.0,0,FIFO,Sabit_N,36.87,4247,148.6,24,38.02
4,0.1,1.0,0,FIFO,Sabit_N,24.15,2782,183.1,32,48.03
5,0.1,1.0,0,FIFO,Sabit_N,15.39,1773,212.6,43,56.78
6,0.1,1.0,0,FIFO,Sabit_N,11.12,1281,223.6,79,60.17
7,0.1,1.0,0,FIFO,Sabit_N,8.34,961,230.0,112,59.56
8,0.1,1.0,0,FIFO,Sabit_N,3.61,416,237.5,141,58.63
1,0.15,1.0,0,FIFO,Sabit_N,69.5,8006,71.5,8,13.77
2,0.15,1.0,0,FIFO,Sabit_N,53.03,6109,111.0,16,26.91
3,0.15,1.0,0,FIFO,Sabit_N,36.94,4255,148.4,24,38.28
4,0.15,1.0,0,FIFO,Sabit_N,24.58,2832,182.4,32,48.32
5,0.15,1.0,0,FIFO,Sabit_N,15.93,1835,211.1,42,57.06
6,0.15,1.0,0,FIFO,Sabit_N,11.17,1287,224.5,81,61.31
7,0.15,1.0,0,FIFO,Sabit_N,6.89,794,232.9,116,60.6
8,0.15,1.0,0,FIFO,Sabit_N,3.41,393,237.4,139,58.32
1,0.2,1.0,0,FIFO,Sabit_N,69.51,8008,71.4,8,13.4
2,0.2,1.0,0,FIFO,Sabit_N,52.99,6105,109.7,16,26.66
3,0.2,1.0,0,FIFO,Sabit_N,36.93,4254,148.7,24,37.52
4,0.2,1.0,0,FIFO,Sabit_N,23.72,2732,184.2,33,50.67
5,0.2,1.0,0,FIFO,Sabit_N,13.32,1535,215.6,41,56.72
6,0.2,1.0,0,FIFO,Sabit_N,11.54,1329,225.7,80,59.0
7,0.2,1.0,0,FIFO,Sabit_N,6.76,779,233.2,108,59.37
8,0.2,1.0,0,FIFO,Sabit_N,3.74,431,236.6,137,59.61
1,0.25,1.0,0,FIFO,Sabit_N,69.51,8008,71.4,8,14.17
2,0.25,1.0,0,FIFO,Sabit_N,53.11,6118,109.9,16,27.55
3,0.25,1.0,0,FIFO,Sabit_N,36.74,4233,149.4,24,38.94
4,0.25,1.0,0,FIFO,Sabit_N,22.67,2612,185.0,32,50.71
5,0.25,1.0,0,FIFO,Sabit_N,13.87,1598,214.8,42,59.23
6,0.25,1.0,0,FIFO,Sabit_N,12.58,1449,223.1,76,61.62
7,0.25,1.0,0,FIFO,Sabit_N,6.07,699,234.2,110,58.8
8,0.25,1.0,0,FIFO,Sabit_N,3.98,459,237.3,133,60.3
1,0.3,1.0,0,FIFO,Sabit_N,69.56,8013,71.4,7,12.87
2,0.3,1.0,0,FIFO,Sabit_N,53.09,6116,110.5,15,26.92
3,0.3,1.0,0,FIFO,Sabit_N,36.51,4206,150.5,23,37.3
4,0.3,1.0,0,FIFO,Sabit_N,22.14,2550,187.0,31,49.84
5,0.3,1.0,0,FIFO,Sabit_N,15.26,1758,214.8,40,58.31
6,0.3,1.0,0,FIFO,Sabit_N,11.17,1287,226.4,81,60.16
7,0.3,1.0,0,FIFO,Sabit_N,5.91,681,236.3,116,59.98
8,0.3,1.0,0,FIFO,Sabit_N,3.27,377,237.4,138,59.55
1,0.05,1.1,10,FIFO,Sabit_N,72.2,8317,65.1,8,13.66
2,0.05,1.1,10,FIFO,Sabit_N,56.92,6557,101.5,16,26.79
3,0.05,1.1,10,FIFO,Sabit_N,41.95,4833,136.0,24,39.19
4,0.05,1.1,10,FIFO,Sabit_N,28.33,3264,171.0,32,50.86
5,0.05,1.1,10,FIFO,Sabit_N,18.28,2106,199.8,40,59.49
6,0.05,1.1,10,FIFO,Sabit_N,15.95,1837,214.3,65,70.11
7,0.05,1.1,10,FIFO,Sabit_N,10.6,1221,225.1,104,67.08
8,0.05,1.1,10,FIFO,Sabit_N,6.48,747,231.1,131,65.82
1,0.1,1.1,10,FIFO,Sabit_N,72.14,8311,65.0,8,13.77
2,0.1,1.1,10,FIFO,Sabit_N,56.97,6563,100.3,16,27.13
3,0.1,1.1,10,FIFO,Sabit_N,42.12,4852,136.2,24,38.52
4,0.1,1.1,10,FIFO,Sabit_N,29.17,3360,169.0,32,49.34
5,0.1,1.1,10,FIFO,Sabit_N,17.91,2063,200.8,40,60.27
6,0.1,1.1,10,FIFO,Sabit_N,14.64,1686,217.0,60,70.54
7,0.1,1.1,10,FIFO,Sabit_N,13.22,1523,220.7,100,64.84
8,0.1,1.1,10,FIFO,Sabit_N,6.11,704,233.3,132,66.93
1,0.15,1.1,10,FIFO,Sabit_N,72.17,8314,65.1,7,12.76
2,0.15,1.1,10,FIFO,Sabit_N,56.96,6562,101.3,15,25.43
3,0.15,1.1,10,FIFO,Sabit_N,41.63,4796,137.8,23,37.26
4,0.15,1.1,10,FIFO,Sabit_N,28.12,3239,170.6,31,49.8
5,0.15,1.1,10,FIFO,Sabit_N,17.48,2014,200.8,40,58.63
6,0.15,1.1,10,FIFO,Sabit_N,13.45,1549,218.5,61,67.51
7,0.15,1.1,10,FIFO,Sabit_N,11.63,1340,224.8,99,66.86
8,0.15,1.1,10,FIFO,Sabit_N,5.76,664,234.3,131,65.69
1,0.2,1.1,10,FIFO,Sabit_N,72.18,8315,65.1,7,13.68
2,0.2,1.1,10,FIFO,Sabit_N,56.88,6553,101.7,15,26.58
3,0.2,1.1,10,FIFO,Sabit_N,42.07,4846,136.7,23,38.49
4,0.2,1.1,10,FIFO,Sabit_N,27.66,3186,171.9,31,49.81
5,0.2,1.1,10,FIFO,Sabit_N,17.93,2065,200.4,39,60.22
6,0.2,1.1,10,FIFO,Sabit_N,14.4,1659,217.2,62,69.75
7,0.2,1.1,10,FIFO,Sabit_N,10.72,1235,225.8,101,64.83
8,0.2,1.1,10,FIFO,Sabit_N,7.39,851,231.0,127,65.62
1,0.25,1.1,10,FIFO,Sabit_N,72.16,8313,65.1,7,12.98
2,0.25,1.1,10,FIFO,Sabit_N,57.08,6576,101.4,14,25.08
3,0.25,1.1,10,FIFO,Sabit_N,41.88,4824,136.9,22,36.38
4,0.25,1.1,10,FIFO,Sabit_N,28.28,3258,169.6,30,48.78
5,0.25,1.1,10,FIFO,Sabit_N,17.76,2046,200.9,38,60.82
6,0.25,1.1,10,FIFO,Sabit_N,14.25,1642,217.5,56,66.12
7,0.25,1.1,10,FIFO,Sabit_N,9.16,1055,227.6,102,65.77
8,0.25,1.1,10,FIFO,Sabit_N,6.64,765,232.2,131,65.66
1,0.3,1.1,10,FIFO,Sabit_N,72.2,8318,65.1,7,12.89
2,0.3,1.1,10,FIFO,Sabit_N,56.96,6562,101.6,14,25.7
3,0.3,1.1,10,FIFO,Sabit_N,41.89,4826,137.2,21,37.6
4,0.3,1.1,10,FIFO,Sabit_N,27.95,3220,172.3,29,48.57
5,0.3,1.1,10,FIFO,Sabit_N,17.37,2001,201.2,38,60.99
6,0.3,1.1,10,FIFO,Sabit_N,15.72,1811,216.9,59,68.24
7,0.3,1.1,10,FIFO,Sabit_N,11.08,1276,226.2,99,66.26
8,0.3,1.1,10,FIFO,Sabit_N,6.99,805,231.3,130,65.1
1,0.05,1.2,20,FIFO,Sabit_N,74.39,8570,59.7,7,12.69
2,0.05,1.2,20,FIFO,Sabit_N,60.26,6942,93.3,15,26.23
3,0.05,1.2,20,FIFO,Sabit_N,46.05,5305,126.1,23,37.29
4,0.05,1.2,20,FIFO,Sabit_N,32.56,3751,158.1,31,49.91
5,0.05,1.2,20,FIFO,Sabit_N,22.68,2613,187.1,39,60.75
6,0.05,1.2,20,FIFO,Sabit_N,18.71,2155,206.0,52,72.27
7,0.05,1.2,20,FIFO,Sabit_N,13.82,1592,216.5,89,72.56
8,0.05,1.2,20,FIFO,Sabit_N,12.68,1461,219.6,123,71.86
1,0.1,1.2,20,FIFO,Sabit_N,74.38,8569,59.9,7,13.36
2,0.1,1.2,20,FIFO,Sabit_N,60.24,6940,93.5,15,26.47
3,0.1,1.2,20,FIFO,Sabit_N,46.31,5335,125.2,23,38.99
4,0.1,1.2,20,FIFO,Sabit_N,32.54,3749,158.4,31,50.0
5,0.1,1.2,20,FIFO,Sabit_N,22.61,2605,187.1,39,62.97
6,0.1,1.2,20,FIFO,Sabit_N,16.68,1921,209.2,51,70.38
7,0.1,1.2,20,FIFO,Sabit_N,15.88,1829,213.4,88,73.32
8,0.1,1.2,20,FIFO,Sabit_N,12.51,1441,218.2,115,72.66
1,0.15,1.2,20,FIFO,Sabit_N,74.37,8567,59.8,7,12.96
2,0.15,1.2,20,FIFO,Sabit_N,60.3,6947,93.7,14,25.3
3,0.15,1.2,20,FIFO,Sabit_N,46.2,5322,124.7,22,36.9
4,0.15,1.2,20,FIFO,Sabit_N,33.71,3883,156.7,30,49.42
5,0.15,1.2,20,FIFO,Sabit_N,23.06,2657,186.1,38,59.11
6,0.15,1.2,20,FIFO,Sabit_N,16.82,1938,208.5,49,71.97
7,0.15,1.2,20,FIFO,Sabit_N,15.58,1795,212.2,85,74.92
8,0.15,1.2,20,FIFO,Sabit_N,11.1,1279,221.0,116,75.64
1,0.2,1.2,20,FIFO,Sabit_N,74.45,8577,59.7,7,13.47
2,0.2,1.2,20,FIFO,Sabit_N,60.23,6938,93.5,14,26.07
3,0.2,1.2,20,FIFO,Sabit_N,46.88,5401,126.1,21,38.52
4,0.2,1.2,20,FIFO,Sabit_N,34.39,3962,157.2,29,49.06
5,0.2,1.2,20,FIFO,Sabit_N,23.48,2705,185.7,37,60.71
6,0.2,1.2,20,FIFO,Sabit_N,17.47,2012,207.0,49,73.28
7,0.2,1.2,20,FIFO,Sabit_N,13.67,1575,215.8,85,74.61
8,0.2,1.2,20,FIFO,Sabit_N,12.15,1400,219.4,116,74.58
1,0.25,1.2,20,FIFO,Sabit_N,74.4,8571,59.8,7,12.86
2,0.25,1.2,20,FIFO,Sabit_N,60.21,6936,93.6,14,24.46
3,0.25,1.2,20,FIFO,Sabit_N,46.81,5392,126.0,21,36.8
4,0.25,1.2,20,FIFO,Sabit_N,34.11,3930,155.8,28,46.02
5,0.25,1.2,20,FIFO,Sabit_N,24.16,2783,185.5,36,58.06
6,0.25,1.2,20,FIFO,Sabit_N,16.68,1921,207.9,48,70.69
7,0.25,1.2,20,FIFO,Sabit_N,14.78,1703,215.3,81,75.29
8,0.25,1.2,20,FIFO,Sabit_N,11.47,1321,221.2,114,73.87
1,0.3,1.2,20,FIFO,Sabit_N,74.38,8569,59.8,7,12.75
2,0.3,1.2,20,FIFO,Sabit_N,60.23,6938,93.7,14,24.15
3,0.3,1.2,20,FIFO,Sabit_N,46.57,5365,126.1,21,36.46
4,0.3,1.2,20,FIFO,Sabit_N,33.89,3904,157.9,28,47.81
5,0.3,1.2,20,FIFO,Sabit_N,24.47,2819,185.1,36,58.21
6,0.3,1.2,20,FIFO,Sabit_N,16.3,1878,210.1,47,72.61
7,0.3,1.2,20,FIFO,Sabit_N,15.5,1786,214.5,74,74.57
8,0.3,1.2,20,FIFO,Sabit_N,10.21,1176,223.5,109,74.64
1,0.05,0.8,-20,KRITIKLIK,Sabit_N,63.78,7348,89.3,8,12.13
2,0.05,0.8,-20,KRITIKLIK,Sabit_N,46.29,5333,130.7,16,24.85
3,0.05,0.8,-20,KRITIKLIK,Sabit_N,30.82,3551,173.7,23,35.78
4,0.05,0.8,-20,KRITIKLIK,Sabit_N,16.16,1862,211.7,32,46.46
5,0.05,0.8,-20,KRITIKLIK,Sabit_N,8.89,1024,230.4,68,47.82
6,0.05,0.8,-20,KRITIKLIK,Sabit_N,4.16,479,237.1,93,46.88
7,0.05,0.8,-20,KRITIKLIK,Sabit_N,2.92,336,239.2,107,46.97
8,0.05,0.8,-20,KRITIKLIK,Sabit_N,2.27,262,239.8,112,46.39
1,0.1,0.8,-20,KRITIKLIK,Sabit_N,64.0,7373,88.1,8,12.16
2,0.1,0.8,-20,KRITIKLIK,Sabit_N,47.66,5491,127.7,16,24.92
3,0.1,0.8,-20,KRITIKLIK,Sabit_N,31.91,3676,172.6,23,34.91
4,0.1,0.8,-20,KRITIKLIK,Sabit_N,16.65,1918,212.1,32,44.73
5,0.1,0.8,-20,KRITIKLIK,Sabit_N,9.18,1057,230.2,69,49.75
6,0.1,0.8,-20,KRITIKLIK,Sabit_N,4.47,515,237.6,97,47.97
7,0.1,0.8,-20,KRITIKLIK,Sabit_N,2.82,325,240.0,109,47.43
8,0.1,0.8,-20,KRITIKLIK,Sabit_N,2.25,259,241.0,115,47.32
1,0.15,0.8,-20,KRITIKLIK,Sabit_N,64.32,7410,83.5,8,12.29
2,0.15,0.8,-20,KRITIKLIK,Sabit_N,46.88,5400,134.2,16,22.98
3,0.15,0.8,-20,KRITIKLIK,Sabit_N,32.64,3760,171.1,24,36.89
4,0.15,0.8,-20,KRITIKLIK,Sabit_N,15.69,1807,215.3,32,42.93
5,0.15,0.8,-20,KRITIKLIK,Sabit_N,9.14,1053,231.4,68,46.8
6,0.15,0.8,-20,KRITIKLIK,Sabit_N,3.72,428,239.6,103,46.66
7,0.15,0.8,-20,KRITIKLIK,Sabit_N,2.05,236,241.4,116,46.2
8,0.15,0.8,-20,KRITIKLIK,Sabit_N,1.6,184,242.2,120,46.22
1,0.2,0.8,-20,KRITIKLIK,Sabit_N,63.85,7356,87.4,8,12.16
2,0.2,0.8,-20,KRITIKLIK,Sabit_N,45.55,5247,137.6,16,24.1
3,0.2,0.8,-20,KRITIKLIK,Sabit_N,31.17,3591,174.2,23,35.89
4,0.2,0.8,-20,KRITIKLIK,Sabit_N,18.25,2102,211.5,33,44.51
5,0.2,0.8,-20,KRITIKLIK,Sabit_N,9.72,1120,229.1,70,49.35
6,0.2,0.8,-20,KRITIKLIK,Sabit_N,3.96,456,239.3,102,49.14
7,0.2,0.8,-20,KRITIKLIK,Sabit_N,2.15,248,241.1,116,48.49
8,0.2,0.8,-20,KRITIKLIK,Sabit_N,1.65,190,241.2,123,48.0
1,0.25,0.8,-20,KRITIKLIK,Sabit_N,63.29,7291,88.1,8,12.56
2,0.25,0.8,-20,KRITIKLIK,Sabit_N,46.04,5304,133.7,16,23.38
3,0.25,0.8,-20,KRITIKLIK,Sabit_N,30.71,3538,175.3,24,38.96
4,0.25,0.8,-20,KRITIKLIK,Sabit_N,16.11,1856,215.2,32,43.34
5,0.25,0.8,-20,KRITIKLIK,Sabit_N,9.05,1042,229.7,68,47.47
6,0.25,0.8,-20,KRITIKLIK,Sabit_N,4.98,574,236.8,96,46.18
7,0.25,0.8,-20,KRITIKLIK,Sabit_N,2.79,321,239.4,115,47.47
8,0.25,0.8,-20,KRITIKLIK,Sabit_N,2.49,287,239.9,120,47.02
1,0.3,0.8,-20,KRITIKLIK,Sabit_N,63.89,7360,86.4,8,12.18
2,0.3,0.8,-20,KRITIKLIK,Sabit_N,46.57,5365,129.4,16,25.07
3,0.3,0.8,-20,KRITIKLIK,Sabit_N,32.06,3693,172.6,24,36.31
4,0.3,0.8,-20,KRITIKLIK,Sabit_N,18.89,2176,208.4,34,46.32
5,0.3,0.8,-20,KRITIKLIK,Sabit_N,8.33,960,233.2,67,48.72
6,0.3,0.8,-20,KRITIKLIK,Sabit_N,5.3,610,237.7,94,49.0
7,0.3,0.8,-20,KRITIKLIK,Sabit_N,2.68,309,240.5,110,47.95
8,0.3,0.8,-20,KRITIKLIK,Sabit_N,2.17,250,241.3,119,47.85
1,0.05,0.9,-10,KRITIKLIK,Sabit_N,67.01,7720,77.0,8,12.16
2,0.05,0.9,-10,KRITIKLIK,Sabit_N,52.05,5996,114.7,16,23.68
3,0.05,0.9,-10,KRITIKLIK,Sabit_N,38.18,4398,150.3,24,38.55
4,0.05,0.9,-10,KRITIKLIK,Sabit_N,22.37,2577,189.9,32,48.18
5,0.05,0.9,-10,KRITIKLIK,Sabit_N,12.44,1433,220.5,55,51.82
6,0.05,0.9,-10,KRITIKLIK,Sabit_N,8.31,957,230.5,83,52.64
7,0.05,0.9,-10,KRITIKLIK,Sabit_N,5.08,585,235.1,108,51.25
8,0.05,0.9,-10,KRITIKLIK,Sabit_N,3.89,448,236.3,121,51.09
1,0.1,0.9,-10,KRITIKLIK,Sabit_N,67.31,7754,77.0,8,11.93
2,0.1,0.9,-10,KRITIKLIK,Sabit_N,52.01,5992,112.6,16,24.1
3,0.1,0.9,-10,KRITIKLIK,Sabit_N,37.85,4360,148.9,24,35.81
4,0.1,0.9,-10,KRITIKLIK,Sabit_N,21.28,2451,194.1,33,47.66
5,0.1,0.9,-10,KRITIKLIK,Sabit_N,11.91,1372,223.5,57,53.28
6,0.1,0.9,-10,KRITIKLIK,Sabit_N,7.87,907,231.4,93,52.61
7,0.1,0.9,-10,KRITIKLIK,Sabit_N,4.41,508,236.8,118,51.6
8,0.1,0.9,-10,KRITIKLIK,Sabit_N,3.95,455,236.6,125,51.67
1,0.15,0.9,-10,KRITIKLIK,Sabit_N,67.65,7793,73.8,8,11.94
2,0.15,0.9,-10,KRITIKLIK,Sabit_N,52.73,6075,110.3,16,23.91
3,0.15,0.9,-10,KRITIKLIK,Sabit_N,37.1,4274,152.6,24,36.65
4,0.15,0.9,-10,KRITIKLIK,Sabit_N,24.26,2795,191.2,32,47.22
5,0.15,0.9,-10,KRITIKLIK,Sabit_N,12.48,1438,220.5,57,55.05
6,0.15,0.9,-10,KRITIKLIK,Sabit_N,6.43,741,233.3,98,52.32
7,0.15,0.9,-10,KRITIKLIK,Sabit_N,4.87,561,235.6,117,52.49
8,0.15,0.9,-10,KRITIKLIK,Sabit_N,2.95,340,237.9,131,52.04
1,0.2,0.9,-10,KRITIKLIK,Sabit_N,67.7,7799,73.0,8,11.27
2,0.2,0.9,-10,KRITIKLIK,Sabit_N,53.85,6204,108.0,16,23.81
3,0.2,0.9,-10,KRITIKLIK,Sabit_N,37.81,4356,157.4,24,36.26
4,0.2,0.9,-10,KRITIKLIK,Sabit_N,23.98,2762,192.8,32,45.14
5,0.2,0.9,-10,KRITIKLIK,Sabit_N,12.28,1415,223.9,56,54.37
6,0.2,0.9,-10,KRITIKLIK,Sabit_N,7.0,806,233.4,95,52.96
7,0.2,0.9,-10,KRITIKLIK,Sabit_N,3.19,367,238.6,121,52.68
8,0.2,0.9,-10,KRITIKLIK,Sabit_N,2.11,243,238.8,133,51.59
1,0.25,0.9,-10,KRITIKLIK,Sabit_N,67.54,7781,74.0,8,12.17
2,0.25,0.9,-10,KRITIKLIK,Sabit_N,50.8,5852,116.8,16,22.97
3,0.25,0.9,-10,KRITIKLIK,Sabit_N,37.31,4298,154.2,24,34.99
4,0.25,0.9,-10,KRITIKLIK,Sabit_N,23.07,2658,194.3,33,47.44
5,0.25,0.9,-10,KRITIKLIK,Sabit_N,12.82,1477,221.6,56,55.02
6,0.25,0.9,-10,KRITIKLIK,Sabit_N,8.58,988,230.6,94,54.87
7,0.25,0.9,-10,KRITIKLIK,Sabit_N,4.49,517,236.4,118,52.79
8,0.25,0.9,-10,KRITIKLIK,Sabit_N,3.12,360,237.7,130,53.15
1,0.3,0.9,-10,KRITIKLIK,Sabit_N,67.68,7797,75.3,8,11.3
2,0.3,0.9,-10,KRITIKLIK,Sabit_N,50.82,5855,116.3,16,24.36
3,0.3,0.9,-10,KRITIKLIK,Sabit_N,38.64,4451,150.2,24,35.95
4,0.3,0.9,-10,KRITIKLIK,Sabit_N,22.31,2570,194.6,32,48.34
5,0.3,0.9,-10,KRITIKLIK,Sabit_N,13.98,1610,217.6,55,54.04
6,0.3,0.9,-10,KRITIKLIK,Sabit_N,7.99,920,231.1,91,54.5
7,0.3,0.9,-10,KRITIKLIK,Sabit_N,3.76,433,237.4,121,52.72
8,0.3,0.9,-10,KRITIKLIK,Sabit_N,2.41,278,239.0,131,53.13
1,0.05,1.0,0,KRITIKLIK,Sabit_N,69.94,8057,70.2,8,12.34
2,0.05,1.0,0,KRITIKLIK,Sabit_N,56.11,6464,105.5,16,25.72
3,0.05,1.0,0,KRITIKLIK,Sabit_N,43.52,5014,138.2,24,38.55
4,0.05,1.0,0,KRITIKLIK,Sabit_N,27.92,3216,177.7,32,51.08
5,0.05,1.0,0,KRITIKLIK,Sabit_N,19.16,2207,204.2,43,61.29
6,0.05,1.0,0,KRITIKLIK,Sabit_N,12.9,1486,220.0,79,61.76
7,0.05,1.0,0,KRITIKLIK,Sabit_N,6.36,733,232.8,116,59.59
8,0.05,1.0,0,KRITIKLIK,Sabit_N,4.38,504,235.9,138,58.26
1,0.1,1.0,0,KRITIKLIK,Sabit_N,70.37,8107,69.4,8,11.97
2,0.1,1.0,0,KRITIKLIK,Sabit_N,56.4,6497,104.4,16,23.57
3,0.1,1.0,0,KRITIKLIK,Sabit_N,41.84,4820,141.9,24,36.99
4,0.1,1.0,0,KRITIKLIK,Sabit_N,30.38,3500,172.9,32,48.78
5,0.1,1.0,0,KRITIKLIK,Sabit_N,18.65,2149,206.7,43,59.28
6,0.1,1.0,0,KRITIKLIK,Sabit_N,12.8,1475,220.3,79,62.58
7,0.1,1.0,0,KRITIKLIK,Sabit_N,8.31,957,229.7,112,60.12
8,0.1,1.0,0,KRITIKLIK,Sabit_N,3.65,420,237.3,141,58.56
1,0.15,1.0,0,KRITIKLIK,Sabit_N,70.11,8077,69.9,8,11.28
2,0.15,1.0,0,KRITIKLIK,Sabit_N,56.48,6506,103.7,16,23.2
3,0.15,1.0,0,KRITIKLIK,Sabit_N,44.73,5153,136.4,24,36.13
4,0.15,1.0,0,KRITIKLIK,Sabit_N,29.12,3355,175.3,32,48.0
5,0.15,1.0,0,KRITIKLIK,Sabit_N,17.95,2068,207.0,42,58.15
6,0.15,1.0,0,KRITIKLIK,Sabit_N,12.08,1392,221.0,81,61.14
7,0.15,1.0,0,KRITIKLIK,Sabit_N,7.1,818,231.1,116,59.11
8,0.15,1.0,0,KRITIKLIK,Sabit_N,3.22,371,237.3,139,58.48
1,0.2,1.0,0,KRITIKLIK,Sabit_N,70.95,8174,71.1,8,11.65
2,0.2,1.0,0,KRITIKLIK,Sabit_N,55.91,6441,105.1,16,24.14
3,0.2,1.0,0,KRITIKLIK,Sabit_N,43.72,5037,136.6,24,35.83
4,0.2,1.0,0,KRITIKLIK,Sabit_N,30.27,3487,173.0,33,49.68
5,0.2,1.0,0,KRITIKLIK,Sabit_N,17.65,2033,208.8,41,57.61
6,0.2,1.0,0,KRITIKLIK,Sabit_N,10.95,1262,225.0,80,60.81
7,0.2,1.0,0,KRITIKLIK,Sabit_N,8.18,942,231.5,108,60.36
8,0.2,1.0,0,KRITIKLIK,Sabit_N,3.89,448,236.5,137,60.09
1,0.25,1.0,0,KRITIKLIK,Sabit_N,70.95,8174,66.7,8,13.49
2,0.25,1.0,0,KRITIKLIK,Sabit_N,57.93,6673,98.7,16,25.56
3,0.25,1.0,0,KRITIKLIK,Sabit_N,43.48,5009,138.3,24,38.96
4,0.25,1.0,0,KRITIKLIK,Sabit_N,29.85,3439,174.3,32,50.94
5,0.25,1.0,0,KRITIKLIK,Sabit_N,19.25,2218,205.8,42,57.85
6,0.25,1.0,0,KRITIKLIK,Sabit_N,11.96,1378,222.7,76,61.39
7,0.25,1.0,0,KRITIKLIK,Sabit_N,6.58,758,233.0,110,58.97
8,0.25,1.0,0,KRITIKLIK,Sabit_N,4.32,498,236.6,133,60.08
1,0.3,1.0,0,KRITIKLIK,Sabit_N,70.64,8138,68.1,7,11.09
2,0.3,1.0,0,KRITIKLIK,Sabit_N,55.49,6392,105.6,15,24.73
3,0.3,1.0,0,KRITIKLIK,Sabit_N,43.36,4995,139.2,24,38.28
4,0.3,1.0,0,KRITIKLIK,Sabit_N,29.07,3349,172.6,31,51.35
5,0.3,1.0,0,KRITIKLIK,Sabit_N,17.81,2052,208.4,40,62.29
6,0.3,1.0,0,KRITIKLIK,Sabit_N,10.76,1239,226.9,81,61.61
7,0.3,1.0,0,KRITIKLIK,Sabit_N,5.38,620,236.4,116,60.24
8,0.3,1.0,0,KRITIKLIK,Sabit_N,3.24,373,237.9,138,59.25
1,0.05,1.1,10,KRITIKLIK,Sabit_N,73.09,8420,62.6,8,12.44
2,0.05,1.1,10,KRITIKLIK,Sabit_N,60.38,6956,93.6,16,22.3
3,0.05,1.1,10,KRITIKLIK,Sabit_N,48.15,5547,125.5,24,36.85
4,0.05,1.1,10,KRITIKLIK,Sabit_N,37.29,4296,153.7,32,50.88
5,0.05,1.1,10,KRITIKLIK,Sabit_N,24.88,2866,190.3,40,60.36
6,0.05,1.1,10,KRITIKLIK,Sabit_N,17.51,2017,211.5,65,69.4
7,0.05,1.1,10,KRITIKLIK,Sabit_N,10.65,1227,224.0,104,67.06
8,0.05,1.1,10,KRITIKLIK,Sabit_N,6.92,797,230.4,131,65.62
1,0.1,1.1,10,KRITIKLIK,Sabit_N,73.68,8488,61.0,8,11.72
2,0.1,1.1,10,KRITIKLIK,Sabit_N,59.32,6834,95.4,16,24.71
3,0.1,1.1,10,KRITIKLIK,Sabit_N,45.83,5280,129.6,24,35.67
4,0.1,1.1,10,KRITIKLIK,Sabit_N,36.01,4148,155.9,32,50.59
5,0.1,1.1,10,KRITIKLIK,Sabit_N,27.38,3154,185.1,40,61.1
6,0.1,1.1,10,KRITIKLIK,Sabit_N,15.61,1798,213.7,60,68.67
7,0.1,1.1,10,KRITIKLIK,Sabit_N,12.71,1464,219.8,100,64.18
8,0.1,1.1,10,KRITIKLIK,Sabit_N,6.14,707,232.9,132,65.99
1,0.15,1.1,10,KRITIKLIK,Sabit_N,73.49,8466,60.8,7,11.09
2,0.15,1.1,10,KRITIKLIK,Sabit_N,61.09,7038,92.9,16,25.07
3,0.15,1.1,10,KRITIKLIK,Sabit_N,46.69,5379,127.7,23,36.49
4,0.15,1.1,10,KRITIKLIK,Sabit_N,35.76,4119,156.0,31,50.8
5,0.15,1.1,10,KRITIKLIK,Sabit_N,25.85,2978,187.6,40,61.73
6,0.15,1.1,10,KRITIKLIK,Sabit_N,14.97,1724,217.1,61,68.13
7,0.15,1.1,10,KRITIKLIK,Sabit_N,11.73,1351,224.1,99,65.33
8,0.15,1.1,10,KRITIKLIK,Sabit_N,6.02,694,233.7,131,65.47
1,0.2,1.1,10,KRITIKLIK,Sabit_N,73.5,8467,61.0,7,12.36
2,0.2,1.1,10,KRITIKLIK,Sabit_N,60.16,6931,93.6,15,24.26
3,0.2,1.1,10,KRITIKLIK,Sabit_N,46.83,5395,125.4,23,38.79
4,0.2,1.1,10,KRITIKLIK,Sabit_N,36.78,4237,156.1,31,52.2
5,0.2,1.1,10,KRITIKLIK,Sabit_N,25.26,2910,189.4,39,62.47
6,0.2,1.1,10,KRITIKLIK,Sabit_N,16.45,1895,214.2,62,70.48
7,0.2,1.1,10,KRITIKLIK,Sabit_N,11.75,1354,223.3,101,65.61
8,0.2,1.1,10,KRITIKLIK,Sabit_N,7.68,885,229.4,127,65.13
1,0.25,1.1,10,KRITIKLIK,Sabit_N,74.25,8554,59.9,7,12.78
2,0.25,1.1,10,KRITIKLIK,Sabit_N,59.64,6871,94.8,14,24.41
3,0.25,1.1,10,KRITIKLIK,Sabit_N,47.8,5506,126.7,22,36.1
4,0.25,1.1,10,KRITIKLIK,Sabit_N,36.15,4164,156.8,30,50.76
5,0.25,1.1,10,KRITIKLIK,Sabit_N,25.5,2938,185.7,38,60.01
6,0.25,1.1,10,KRITIKLIK,Sabit_N,14.87,1713,218.0,56,65.67
7,0.25,1.1,10,KRITIKLIK,Sabit_N,10.43,1202,225.4,102,66.62
8,0.25,1.1,10,KRITIKLIK,Sabit_N,7.15,824,231.1,131,66.14
1,0.3,1.1,10,KRITIKLIK,Sabit_N,74.26,8555,59.9,7,11.56
2,0.3,1.1,10,KRITIKLIK,Sabit_N,59.26,6827,96.8,14,23.54
3,0.3,1.1,10,KRITIKLIK,Sabit_N,46.89,5402,130.2,21,35.83
4,0.3,1.1,10,KRITIKLIK,Sabit_N,33.78,3891,161.8,29,48.1
5,0.3,1.1,10,KRITIKLIK,Sabit_N,24.58,2832,187.6,38,60.94
6,0.3,1.1,10,KRITIKLIK,Sabit_N,15.1,1739,216.5,59,67.96
7,0.3,1.1,10,KRITIKLIK,Sabit_N,11.11,1280,226.7,99,66.41
8,0.3,1.1,10,KRITIKLIK,Sabit_N,7.08,816,231.5,130,64.95
1,0.05,1.2,20,KRITIKLIK,Sabit_N,76.44,8806,55.7,8,13.36
2,0.05,1.2,20,KRITIKLIK,Sabit_N,62.93,7249,90.1,15,24.81
3,0.05,1.2,20,KRITIKLIK,Sabit_N,51.27,5906,119.0,23,38.29
4,0.05,1.2,20,KRITIKLIK,Sabit_N,41.84,4820,145.2,32,51.34
5,0.05,1.2,20,KRITIKLIK,Sabit_N,30.44,3507,171.9,39,62.41
6,0.05,1.2,20,KRITIKLIK,Sabit_N,20.43,2354,199.8,52,74.0
7,0.05,1.2,20,KRITIKLIK,Sabit_N,14.75,1699,214.0,89,72.58
8,0.05,1.2,20,KRITIKLIK,Sabit_N,12.29,1416,220.2,123,72.55
1,0.1,1.2,20,KRITIKLIK,Sabit_N,76.91,8860,54.0,8,13.57
2,0.1,1.2,20,KRITIKLIK,Sabit_N,63.91,7363,89.1,15,23.77
3,0.1,1.2,20,KRITIKLIK,Sabit_N,51.75,5962,118.8,23,36.45
4,0.1,1.2,20,KRITIKLIK,Sabit_N,42.29,4872,144.0,31,49.0
5,0.1,1.2,20,KRITIKLIK,Sabit_N,29.64,3415,172.8,39,62.23
6,0.1,1.2,20,KRITIKLIK,Sabit_N,18.79,2165,205.9,51,70.56
7,0.1,1.2,20,KRITIKLIK,Sabit_N,14.76,1700,214.8,88,74.44
8,0.1,1.2,20,KRITIKLIK,Sabit_N,12.7,1463,218.7,115,73.12
1,0.15,1.2,20,KRITIKLIK,Sabit_N,77.22,8896,52.9,8,13.1
2,0.15,1.2,20,KRITIKLIK,Sabit_N,64.7,7454,84.6,15,27.3
3,0.15,1.2,20,KRITIKLIK,Sabit_N,52.91,6095,116.6,22,37.61
4,0.15,1.2,20,KRITIKLIK,Sabit_N,41.43,4773,146.7,30,49.06
5,0.15,1.2,20,KRITIKLIK,Sabit_N,30.0,3456,174.7,38,59.74
6,0.15,1.2,20,KRITIKLIK,Sabit_N,19.69,2268,203.4,49,72.21
7,0.15,1.2,20,KRITIKLIK,Sabit_N,15.57,1794,214.4,85,74.41
8,0.15,1.2,20,KRITIKLIK,Sabit_N,10.93,1259,221.3,116,75.06
1,0.2,1.2,20,KRITIKLIK,Sabit_N,77.33,8908,54.6,8,13.37
2,0.2,1.2,20,KRITIKLIK,Sabit_N,63.79,7349,88.5,15,24.31
3,0.2,1.2,20,KRITIKLIK,Sabit_N,52.54,6053,119.1,22,36.37
4,0.2,1.2,20,KRITIKLIK,Sabit_N,42.2,4862,147.0,29,48.59
5,0.2,1.2,20,KRITIKLIK,Sabit_N,28.94,3334,177.3,37,58.5
6,0.2,1.2,20,KRITIKLIK,Sabit_N,17.33,1996,207.3,49,73.86
7,0.2,1.2,20,KRITIKLIK,Sabit_N,14.23,1639,215.3,85,73.95
8,0.2,1.2,20,KRITIKLIK,Sabit_N,12.02,1385,219.3,116,73.12
1,0.25,1.2,20,KRITIKLIK,Sabit_N,77.41,8918,53.6,8,12.74
2,0.25,1.2,20,KRITIKLIK,Sabit_N,65.1,7499,83.6,15,23.23
3,0.25,1.2,20,KRITIKLIK,Sabit_N,51.9,5979,117.5,22,36.46
4,0.25,1.2,20,KRITIKLIK,Sabit_N,42.01,4839,142.6,29,47.58
5,0.25,1.2,20,KRITIKLIK,Sabit_N,28.1,3237,177.9,36,58.24
6,0.25,1.2,20,KRITIKLIK,Sabit_N,19.29,2222,204.2,48,73.68
7,0.25,1.2,20,KRITIKLIK,Sabit_N,14.62,1684,215.8,81,76.9
8,0.25,1.2,20,KRITIKLIK,Sabit_N,11.56,1332,221.0,114,74.54
1,0.3,1.2,20,KRITIKLIK,Sabit_N,77.41,8918,53.6,8,12.68
2,0.3,1.2,20,KRITIKLIK,Sabit_N,63.88,7359,88.2,15,23.33
3,0.3,1.2,20,KRITIKLIK,Sabit_N,51.92,5981,118.4,21,34.85
4,0.3,1.2,20,KRITIKLIK,Sabit_N,40.63,4681,147.0,29,46.8
5,0.3,1.2,20,KRITIKLIK,Sabit_N,28.4,3272,180.2,36,59.35
6,0.3,1.2,20,KRITIKLIK,Sabit_N,19.75,2275,202.8,47,73.04
7,0.3,1.2,20,KRITIKLIK,Sabit_N,15.01,1729,213.8,74,75.86
8,0.3,1.2,20,KRITIKLIK,Sabit_N,11.4,1313,221.9,109,74.06
